image_id,p_180
test_00000,0.38677903
test_00001,0.94904498
test_00002,0.98504696
test_00003,0.20746976
test_00004,0.97314838
test_00005,0.39972233
test_00006,0.65533106
test_00007,0.71107987
test_00008,0.87743254
test_00009,0.02911128
test_00010,0.93402969
test_00011,0.13152253
test_00012,0.20951739
test_00013,0.99484898
test_00014,0.76021558
test_00015,0.97177562
test_00016,0.96489688
test_00017,0.03843326
test_00018,0.59155943
test_00019,0.42120589
test_00020,0.00253936
test_00021,0.02881119
test_00022,0.86207399
test_00023,0.09930338
test_00024,0.42666483
test_00025,0.62815385
test_00026,0.93750734
test_00027,0.04901211
test_00028,0.51425091
test_00029,0.99514909
test_00030,0.00932239
test_00031,0.61579376
test_00032,0.65133447
test_00033,0.97697627
test_00034,0.54128021
test_00035,0.80268834
test_00036,0.41885174
test_00037,0.05043179
test_00038,0.03717875
test_00039,0.03294097
test_00040,0.86720940
test_00041,0.21864718
test_00042,0.93820822
test_00043,0.01587560
test_00044,0.07154967
test_00045,0.72538561
test_00046,0.16960657
test_00047,0.98610291
test_00048,0.98786670
test_00049,0.57086839
test_00050,0.77969416
test_00051,0.23258024
test_00052,0.00724392
test_00053,0.76520622
test_00054,0.45831695
test_00055,0.98827629
test_00056,0.03781031
test_00057,0.79344087
test_00058,0.05259976
test_00059,0.48242340
test_00060,0.64659292
test_00061,0.03840144
test_00062,0.17331777
test_00063,0.06311862
test_00064,0.38735941
test_00065,0.94868068
test_00066,0.44990436
test_00067,0.37553211
test_00068,0.00365461
test_00069,0.36778014
test_00070,0.68731478
test_00071,0.59818128
test_00072,0.95949935
test_00073,0.87164295
test_00074,0.59599990
test_00075,0.55755891
test_00076,0.15037134
test_00077,0.98692958
test_00078,0.99426480
test_00079,0.36233042
test_00080,0.00289961
test_00081,0.98055023
test_00082,0.53754191
test_00083,0.10878970
test_00084,0.99930741
test_00085,0.59407322
test_00086,0.76795418
test_00087,0.88815820
test_00088,0.00159538
test_00089,0.87258871
test_00090,0.31805082
test_00091,0.01990493
test_00092,0.73533945
test_00093,0.22561250
test_00094,0.95748928
test_00095,0.94539627
test_00096,0.08368911
test_00097,0.11751435
test_00098,0.00273754
test_00099,0.37968567
test_00100,0.45386563
test_00101,0.41951993
test_00102,0.02222868
test_00103,0.99881360
test_00104,0.88959254
test_00105,0.00009540
test_00106,0.12038777
test_00107,0.96786190
test_00108,0.07430690
test_00109,0.14298284
test_00110,0.99822665
test_00111,0.33598639
test_00112,0.61236471
test_00113,0.09576128
test_00114,0.92728413
test_00115,0.46989714
test_00116,0.43492549
test_00117,0.77465315
test_00118,0.98399938
test_00119,0.47587237
test_00120,0.11683225
test_00121,0.87148884
test_00122,0.82118747
test_00123,0.95633633
test_00124,0.02120506
test_00125,0.02236249
test_00126,0.02168917
test_00127,0.99502920
test_00128,0.06217038
test_00129,0.16998658
test_00130,0.89138963
test_00131,0.01402081
test_00132,0.24444738
test_00133,0.82849027
test_00134,0.03685600
test_00135,0.62257659
test_00136,0.34630423
test_00137,0.60758429
test_00138,0.99288986
test_00139,0.35749586
test_00140,0.94455553
test_00141,0.09016642
test_00142,0.95724838
test_00143,0.72891710
test_00144,0.11651404
test_00145,0.51314167
test_00146,0.01187196
test_00147,0.93421368
test_00148,0.12398277
test_00149,0.04423665
test_00150,0.03161750
test_00151,0.78181974
test_00152,0.43955454
test_00153,0.08166797
test_00154,0.87124375
test_00155,0.97630996
test_00156,0.94444301
test_00157,0.31675648
test_00158,0.98560868
test_00159,0.91220231
test_00160,0.94999202
test_00161,0.09678415
test_00162,0.28648253
test_00163,0.97803152
test_00164,0.25038923
test_00165,0.98844540
test_00166,0.89360511
test_00167,0.38567096
test_00168,0.10270529
test_00169,0.02272393
test_00170,0.93004356
test_00171,0.51501389
test_00172,0.57867957
test_00173,0.44846870
test_00174,0.00826680
test_00175,0.90361454
test_00176,0.97563481
test_00177,0.08959214
test_00178,0.14440784
test_00179,0.64073095
test_00180,0.00135035
test_00181,0.51034507
test_00182,0.75550534
test_00183,0.43884307
test_00184,0.52407252
test_00185,0.86320790
test_00186,0.03943520
test_00187,0.96232381
test_00188,0.98994467
test_00189,0.97887785
test_00190,0.43033183
test_00191,0.89121371
test_00192,0.18990954
test_00193,0.37734926
test_00194,0.12055648
test_00195,0.18592512
test_00196,0.43937820
test_00197,0.57868997
test_00198,0.16362267
test_00199,0.92242663
test_00200,0.99414840
test_00201,0.72912551
test_00202,0.74934491
test_00203,0.48574755
test_00204,0.62085435
test_00205,0.01678221
test_00206,0.16612219
test_00207,0.03573347
test_00208,0.00449422
test_00209,0.32782775
test_00210,0.00753146
test_00211,0.97292808
test_00212,0.90714803
test_00213,0.71300475
test_00214,0.61769699
test_00215,0.00033668
test_00216,0.26767072
test_00217,0.35437879
test_00218,0.03014093
test_00219,0.99581311
test_00220,0.98353165
test_00221,0.64331310
test_00222,0.00094847
test_00223,0.98267390
test_00224,0.64593141
test_00225,0.80909489
test_00226,0.00589401
test_00227,0.17747682
test_00228,0.46787361
test_00229,0.00106012
test_00230,0.20408820
test_00231,0.99645381
test_00232,0.97263945
test_00233,0.80911157
test_00234,0.41212175
test_00235,0.59709988
test_00236,0.03101446
test_00237,0.02265040
test_00238,0.69423336
test_00239,0.10892545
test_00240,0.01368984
test_00241,0.05223002
test_00242,0.17228130
test_00243,0.55129363
test_00244,0.99896206
test_00245,0.53033840
test_00246,0.31241950
test_00247,0.64174867
test_00248,0.89202662
test_00249,0.52880271
test_00250,0.51046861
test_00251,0.59759874
test_00252,0.00775039
test_00253,0.99588154
test_00254,0.05568256
test_00255,0.01325741
test_00256,0.04669483
test_00257,0.06986680
test_00258,0.45902070
test_00259,0.45284475
test_00260,0.07732806
test_00261,0.61375457
test_00262,0.97161640
test_00263,0.84091915
test_00264,0.86169104
test_00265,0.74287683
test_00266,0.44677257
test_00267,0.50314350
test_00268,0.08991434
test_00269,0.97119342
test_00270,0.87675751
test_00271,0.33938499
test_00272,0.75701317
test_00273,0.09402263
test_00274,0.50943290
test_00275,0.00311556
test_00276,0.40887270
test_00277,0.67189978
test_00278,0.41433278
test_00279,0.42087081
test_00280,0.87675287
test_00281,0.65902394
test_00282,0.98761363
test_00283,0.03449504
test_00284,0.49019258
test_00285,0.22444930
test_00286,0.03768595
test_00287,0.53375393
test_00288,0.99535270
test_00289,0.89870937
test_00290,0.67567901
test_00291,0.94726966
test_00292,0.88914641
test_00293,0.03706948
test_00294,0.75357673
test_00295,0.76077211
test_00296,0.24740488
test_00297,0.61975350
test_00298,0.48630278
test_00299,0.98348480
test_00300,0.37332581
test_00301,0.72327923
test_00302,0.52461979
test_00303,0.35242698
test_00304,0.01180540
test_00305,0.95003551
test_00306,0.99005695
test_00307,0.56187901
test_00308,0.46221672
test_00309,0.94234221
test_00310,0.98554904
test_00311,0.61044035
test_00312,0.39140096
test_00313,0.79716509
test_00314,0.11563171
test_00315,0.58058100
test_00316,0.94818261
test_00317,0.00291477
test_00318,0.58369743
test_00319,0.34921917
test_00320,0.98586207
test_00321,0.48131237
test_00322,0.69669124
test_00323,0.96465799
test_00324,0.62608688
test_00325,0.73939387
test_00326,0.10801556
test_00327,0.06524471
test_00328,0.47964922
test_00329,0.95919286
test_00330,0.90170224
test_00331,0.94820008
test_00332,0.99483018
test_00333,0.94672789
test_00334,0.99779678
test_00335,0.27712065
test_00336,0.36808401
test_00337,0.81481055
test_00338,0.34743585
test_00339,0.98132186
test_00340,0.52681684
test_00341,0.35512340
test_00342,0.98310276
test_00343,0.79838504
test_00344,0.81034117
test_00345,0.87452243
test_00346,0.04973055
test_00347,0.01434687
test_00348,0.96354816
test_00349,0.15659172
test_00350,0.89542165
test_00351,0.40816509
test_00352,0.54464907
test_00353,0.93905372
test_00354,0.07260293
test_00355,0.98315789
test_00356,0.10269471
test_00357,0.23385077
test_00358,0.75516471
test_00359,0.79292480
test_00360,0.92863111
test_00361,0.98976942
test_00362,0.91760351
test_00363,0.99927976
test_00364,0.55163474
test_00365,0.90705499
test_00366,0.92756351
test_00367,0.21069774
test_00368,0.00653936
test_00369,0.59334560
test_00370,0.46006024
test_00371,0.29417554
test_00372,0.96483837
test_00373,0.27528383
test_00374,0.96301163
test_00375,0.74795269
test_00376,0.03035423
test_00377,0.00368864
test_00378,0.91702010
test_00379,0.02141154
test_00380,0.13831941
test_00381,0.97992102
test_00382,0.52750457
test_00383,0.04074577
test_00384,0.99066444
test_00385,0.27520981
test_00386,0.96029180
test_00387,0.97345030
test_00388,0.68838158
test_00389,0.84580724
test_00390,0.87903954
test_00391,0.00851002
test_00392,0.51351990
test_00393,0.86262883
test_00394,0.39788859
test_00395,0.07540719
test_00396,0.17202700
test_00397,0.98689352
test_00398,0.04773182
test_00399,0.57504073
test_00400,0.99738639
test_00401,0.76351216
test_00402,0.75896438
test_00403,0.04364429
test_00404,0.01056893
test_00405,0.84941026
test_00406,0.67188744
test_00407,0.37394221
test_00408,0.76111044
test_00409,0.83099303
test_00410,0.02079048
test_00411,0.02978073
test_00412,0.44342545
test_00413,0.41375245
test_00414,0.50557394
test_00415,0.94888425
test_00416,0.00695934
test_00417,0.00814732
test_00418,0.97152072
test_00419,0.97273444
test_00420,0.25184907
test_00421,0.90218173
test_00422,0.96818398
test_00423,0.00425304
test_00424,0.31593525
test_00425,0.08053481
test_00426,0.86810002
test_00427,0.47273191
test_00428,0.47219591
test_00429,0.61427649
test_00430,0.98693307
test_00431,0.85529011
test_00432,0.98655471
test_00433,0.47387868
test_00434,0.81869720
test_00435,0.16896752
test_00436,0.93741546
test_00437,0.49993058
test_00438,0.92588313
test_00439,0.82579149
test_00440,0.16833955
test_00441,0.00239494
test_00442,0.74726329
test_00443,0.76591371
test_00444,0.78482213
test_00445,0.42017782
test_00446,0.00748060
test_00447,0.00881510
test_00448,0.58086714
test_00449,0.00622855
test_00450,0.41835785
test_00451,0.95014291
test_00452,0.64821552
test_00453,0.00713965
test_00454,0.60397847
test_00455,0.99223257
test_00456,0.41549639
test_00457,0.01215200
test_00458,0.85523359
test_00459,0.93974012
test_00460,0.02517282
test_00461,0.99365477
test_00462,0.49461130
test_00463,0.95782624
test_00464,0.00136491
test_00465,0.03072219
test_00466,0.98514376
test_00467,0.43517806
test_00468,0.97510054
test_00469,0.10707374
test_00470,0.49163394
test_00471,0.11984140
test_00472,0.04738066
test_00473,0.09262272
test_00474,0.30182300
test_00475,0.05291459
test_00476,0.24699510
test_00477,0.25906291
test_00478,0.11300517
test_00479,0.53333750
test_00480,0.98910944
test_00481,0.02051063
test_00482,0.01835222
test_00483,0.98005649
test_00484,0.53315282
test_00485,0.00736017
test_00486,0.39058163
test_00487,0.50973565
test_00488,0.14266805
test_00489,0.88941825
test_00490,0.78673719
test_00491,0.10028638
test_00492,0.63722743
test_00493,0.98734832
test_00494,0.75727392
test_00495,0.83753844
test_00496,0.41810648
test_00497,0.80806515
test_00498,0.14770694
test_00499,0.33227262
test_00500,0.98916919
test_00501,0.11986224
test_00502,0.92761284
test_00503,0.38916556
test_00504,0.99016595
test_00505,0.97479945
test_00506,0.99514174
test_00507,0.01592658
test_00508,0.48884021
test_00509,0.25840793
test_00510,0.92265098
test_00511,0.96947743
test_00512,0.69338046
test_00513,0.93097988
test_00514,0.01909659
test_00515,0.30129613
test_00516,0.29527555
test_00517,0.08662829
test_00518,0.43458002
test_00519,0.63460646
test_00520,0.39276350
test_00521,0.66726881
test_00522,0.34163550
test_00523,0.88102479
test_00524,0.89510991
test_00525,0.46159475
test_00526,0.19033327
test_00527,0.03978664
test_00528,0.28696320
test_00529,0.43822963
test_00530,0.00611794
test_00531,0.49734422
test_00532,0.36347325
test_00533,0.18182081
test_00534,0.99787477
test_00535,0.37700098
test_00536,0.00472765
test_00537,0.45213483
test_00538,0.95288460
test_00539,0.39414691
test_00540,0.96290797
test_00541,0.39127192
test_00542,0.14759825
test_00543,0.80918604
test_00544,0.89190621
test_00545,0.05995407
test_00546,0.00303137
test_00547,0.99304636
test_00548,0.04823876
test_00549,0.95660185
test_00550,0.03130338
test_00551,0.01894469
test_00552,0.93268821
test_00553,0.88360353
test_00554,0.34250561
test_00555,0.07481782
test_00556,0.54980510
test_00557,0.98572663
test_00558,0.02189761
test_00559,0.07302522
test_00560,0.51810910
test_00561,0.23379581
test_00562,0.37858162
test_00563,0.02195008
test_00564,0.99203701
test_00565,0.86571442
test_00566,0.00505191
test_00567,0.69066355
test_00568,0.05752012
test_00569,0.53224416
test_00570,0.46485533
test_00571,0.46815175
test_00572,0.02808461
test_00573,0.04085869
test_00574,0.07968260
test_00575,0.60133322
test_00576,0.52309116
test_00577,0.65113302
test_00578,0.01997417
test_00579,0.77492061
test_00580,0.99915412
test_00581,0.99091750
test_00582,0.42943914
test_00583,0.78536927
test_00584,0.07105880
test_00585,0.02289932
test_00586,0.75956868
test_00587,0.99996017
test_00588,0.49534646
test_00589,0.38630523
test_00590,0.03337032
test_00591,0.00884517
test_00592,0.01479134
test_00593,0.57587557
test_00594,0.86787829
test_00595,0.19744924
test_00596,0.48931213
test_00597,0.09921673
test_00598,0.96444395
test_00599,0.00195930
test_00600,0.54504070
test_00601,0.84791065
test_00602,0.98470610
test_00603,0.46221986
test_00604,0.50241022
test_00605,0.93600662
test_00606,0.69925214
test_00607,0.40882850
test_00608,0.04497906
test_00609,0.01343889
test_00610,0.92947126
test_00611,0.18051453
test_00612,0.50680340
test_00613,0.39396653
test_00614,0.53450467
test_00615,0.96853105
test_00616,0.02447349
test_00617,0.93105706
test_00618,0.34223121
test_00619,0.95288850
test_00620,0.91595746
test_00621,0.19098305
test_00622,0.98929299
test_00623,0.75775684
test_00624,0.43763501
test_00625,0.25798802
test_00626,0.90372588
test_00627,0.00518283
test_00628,0.06486636
test_00629,0.21593111
test_00630,0.98308914
test_00631,0.60647952
test_00632,0.82319958
test_00633,0.95762118
test_00634,0.99355585
test_00635,0.01984962
test_00636,0.97327545
test_00637,0.47222313
test_00638,0.13789626
test_00639,0.99600482
test_00640,0.13491050
test_00641,0.96317628
test_00642,0.60251855
test_00643,0.00092698
test_00644,0.96398921
test_00645,0.98743757
test_00646,0.44917769
test_00647,0.41630060
test_00648,0.50310603
test_00649,0.99032353
test_00650,0.00128982
test_00651,0.19813001
test_00652,0.45567951
test_00653,0.97551193
test_00654,0.56108307
test_00655,0.88687410
test_00656,0.31780320
test_00657,0.13689750
test_00658,0.98176372
test_00659,0.32575271
test_00660,0.43647764
test_00661,0.00318105
test_00662,0.48072752
test_00663,0.51816249
test_00664,0.10414640
test_00665,0.16819868
test_00666,0.95817728
test_00667,0.29526541
test_00668,0.35099490
test_00669,0.16212579
test_00670,0.53732497
test_00671,0.95615376
test_00672,0.99306881
test_00673,0.93855093
test_00674,0.93282562
test_00675,0.85434544
test_00676,0.44253234
test_00677,0.03388224
test_00678,0.66451993
test_00679,0.87877497
test_00680,0.49010930
test_00681,0.99084571
test_00682,0.93068053
test_00683,0.55002424
test_00684,0.99016024
test_00685,0.87187157
test_00686,0.99758930
test_00687,0.03955853
test_00688,0.03913795
test_00689,0.98892035
test_00690,0.02778523
test_00691,0.98355805
test_00692,0.92485206
test_00693,0.88145822
test_00694,0.00025738
test_00695,0.44025873
test_00696,0.47226466
test_00697,0.99892311
test_00698,0.28629269
test_00699,0.31301775
test_00700,0.98474430
test_00701,0.93090005
test_00702,0.72064942
test_00703,0.08309945
test_00704,0.31995968
test_00705,0.62008703
test_00706,0.00908416
test_00707,0.88195250
test_00708,0.00553620
test_00709,0.59781466
test_00710,0.44789597
test_00711,0.88944137
test_00712,0.53527508
test_00713,0.14248447
test_00714,0.44032811
test_00715,0.99895776
test_00716,0.99066108
test_00717,0.76059098
test_00718,0.28458523
test_00719,0.38377433
test_00720,0.86051661
test_00721,0.08069694
test_00722,0.07103742
test_00723,0.57557035
test_00724,0.89323560
test_00725,0.82862683
test_00726,0.01524595
test_00727,0.18957921
test_00728,0.95139543
test_00729,0.76026811
test_00730,0.60448290
test_00731,0.44755768
test_00732,0.01582061
test_00733,0.14437812
test_00734,0.89913951
test_00735,0.15168176
test_00736,0.58978612
test_00737,0.47217965
test_00738,0.00857395
test_00739,0.99678589
test_00740,0.02342519
test_00741,0.99345602
test_00742,0.52778323
test_00743,0.87398767
test_00744,0.20528899
test_00745,0.93481884
test_00746,0.30653356
test_00747,0.04698155
test_00748,0.98892053
test_00749,0.01499401
test_00750,0.04094848
test_00751,0.96706206
test_00752,0.08565701
test_00753,0.02895075
test_00754,0.02205423
test_00755,0.82177835
test_00756,0.39453704
test_00757,0.28442794
test_00758,0.06663023
test_00759,0.23971581
test_00760,0.97748223
test_00761,0.67043647
test_00762,0.07684743
test_00763,0.97290788
test_00764,0.29671860
test_00765,0.96988730
test_00766,0.01656086
test_00767,0.77678278
test_00768,0.11622070
test_00769,0.01198946
test_00770,0.99423816
test_00771,0.39078989
test_00772,0.02693650
test_00773,0.65417970
test_00774,0.98078360
test_00775,0.99986995
test_00776,0.98770360
test_00777,0.09514140
test_00778,0.33452216
test_00779,0.05368281
test_00780,0.52446771
test_00781,0.39958614
test_00782,0.44688223
test_00783,0.50107784
test_00784,0.67111857
test_00785,0.75942315
test_00786,0.99895009
test_00787,0.48856713
test_00788,0.50890766
test_00789,0.41633584
test_00790,0.97498783
test_00791,0.99157431
test_00792,0.99252690
test_00793,0.01749583
test_00794,0.60742099
test_00795,0.01984337
test_00796,0.00463726
test_00797,0.00869737
test_00798,0.60162752
test_00799,0.59467785
test_00800,0.00748575
test_00801,0.13133428
test_00802,0.03460996
test_00803,0.32484756
test_00804,0.51274945
test_00805,0.41772540
test_00806,0.99943749
test_00807,0.93173663
test_00808,0.04503501
test_00809,0.47850987
test_00810,0.72109709
test_00811,0.89860454
test_00812,0.65814003
test_00813,0.36064575
test_00814,0.98973326
test_00815,0.33156452
test_00816,0.21762351
test_00817,0.01251059
test_00818,0.01931090
test_00819,0.85141289
test_00820,0.09057889
test_00821,0.06073263
test_00822,0.56996776
test_00823,0.00829917
test_00824,0.00294294
test_00825,0.99794790
test_00826,0.59811912
test_00827,0.98653246
test_00828,0.99583423
test_00829,0.83115642
test_00830,0.91241778
test_00831,0.90821464
test_00832,0.31937909
test_00833,0.00563044
test_00834,0.00138917
test_00835,0.01984999
test_00836,0.55563857
test_00837,0.49863350
test_00838,0.00395239
test_00839,0.00030631
test_00840,0.00942451
test_00841,0.49277259
test_00842,0.84331472
test_00843,0.61352039
test_00844,0.02653930
test_00845,0.00255762
test_00846,0.97130576
test_00847,0.42086506
test_00848,0.01268823
test_00849,0.18010815
test_00850,0.34107875
test_00851,0.88354515
test_00852,0.85040856
test_00853,0.44145674
test_00854,0.53252308
test_00855,0.48307081
test_00856,0.78266252
test_00857,0.01074645
test_00858,0.41747847
test_00859,0.89029048
test_00860,0.37479631
test_00861,0.88741132
test_00862,0.37268627
test_00863,0.99773682
test_00864,0.03543038
test_00865,0.28978589
test_00866,0.18958577
test_00867,0.09855433
test_00868,0.68056641
test_00869,0.49464585
test_00870,0.47249515
test_00871,0.00188494
test_00872,0.33890774
test_00873,0.74833371
test_00874,0.08140582
test_00875,0.74841330
test_00876,0.34779245
test_00877,0.05049963
test_00878,0.00449871
test_00879,0.62967688
test_00880,0.09158377
test_00881,0.83660928
test_00882,0.86679542
test_00883,0.61622865
test_00884,0.95398299
test_00885,0.55674469
test_00886,0.40657175
test_00887,0.08669900
test_00888,0.48148763
test_00889,0.55476638
test_00890,0.50706568
test_00891,0.97221799
test_00892,0.06564379
test_00893,0.99321416
test_00894,0.61912588
test_00895,0.95951228
test_00896,0.50766998
test_00897,0.54196492
test_00898,0.99464306
test_00899,0.03975290
test_00900,0.11094474
test_00901,0.98946373
test_00902,0.27639236
test_00903,0.97316116
test_00904,0.99968951
test_00905,0.22404955
test_00906,0.68906833
test_00907,0.51982426
test_00908,0.15062540
test_00909,0.86821862
test_00910,0.06210327
test_00911,0.16540717
test_00912,0.56520792
test_00913,0.11544177
test_00914,0.02714521
test_00915,0.58753111
test_00916,0.15193899
test_00917,0.60339932
test_00918,0.03010892
test_00919,0.05596568
test_00920,0.04723249
test_00921,0.01795227
test_00922,0.80052526
test_00923,0.05669269
test_00924,0.25280932
test_00925,0.99549045
test_00926,0.93067376
test_00927,0.03144109
test_00928,0.73290484
test_00929,0.49662153
test_00930,0.00143288
test_00931,0.97324182
test_00932,0.34168925
test_00933,0.70713406
test_00934,0.99115436
test_00935,0.04364732
test_00936,0.95947366
test_00937,0.95082367
test_00938,0.39500090
test_00939,0.99100821
test_00940,0.97125232
test_00941,0.86585347
test_00942,0.92578769
test_00943,0.25902290
test_00944,0.29940838
test_00945,0.91639626
test_00946,0.56355766
test_00947,0.47867787
test_00948,0.16694204
test_00949,0.45948115
test_00950,0.16277143
test_00951,0.88345109
test_00952,0.80673758
test_00953,0.98642583
test_00954,0.57100558
test_00955,0.99284290
test_00956,0.31062772
test_00957,0.49932175
test_00958,0.24690590
test_00959,0.86411722
test_00960,0.03786948
test_00961,0.99858646
test_00962,0.40107455
test_00963,0.89765933
test_00964,0.98504865
test_00965,0.51541957
test_00966,0.83119122
test_00967,0.01784424
test_00968,0.42703760
test_00969,0.69512257
test_00970,0.97364084
test_00971,0.96215610
test_00972,0.50886669
test_00973,0.49807466
test_00974,0.01430398
test_00975,0.94781737
test_00976,0.99176609
test_00977,0.85090535
test_00978,0.00092041
test_00979,0.10280894
test_00980,0.99257122
test_00981,0.55782336
test_00982,0.22986895
test_00983,0.22134543
test_00984,0.09735046
test_00985,0.62254829
test_00986,0.18166183
test_00987,0.01180854
test_00988,0.25212572
test_00989,0.94428838
test_00990,0.03501353
test_00991,0.51907469
test_00992,0.00248014
test_00993,0.01717750
test_00994,0.01044302
test_00995,0.45090613
test_00996,0.25569386
test_00997,0.99400358
test_00998,0.02192440
test_00999,0.04299274
test_01000,0.04263688
test_01001,0.93015191
test_01002,0.31422114
test_01003,0.50735654
test_01004,0.39919702
test_01005,0.13071920
test_01006,0.30852413
test_01007,0.46391303
test_01008,0.52547530
test_01009,0.99181385
test_01010,0.96922346
test_01011,0.51997691
test_01012,0.47033622
test_01013,0.00204175
test_01014,0.01542962
test_01015,0.98228306
test_01016,0.81112779
test_01017,0.30829225
test_01018,0.99660870
test_01019,0.59501315
test_01020,0.65267097
test_01021,0.99870049
test_01022,0.01951459
test_01023,0.76516056
test_01024,0.33906421
test_01025,0.40367430
test_01026,0.63649998
test_01027,0.34242894
test_01028,0.02433503
test_01029,0.98784556
test_01030,0.98511779
test_01031,0.28574809
test_01032,0.52932340
test_01033,0.99741565
test_01034,0.50814625
test_01035,0.21210074
test_01036,0.77298763
test_01037,0.35645060
test_01038,0.87568320
test_01039,0.81782928
test_01040,0.99675333
test_01041,0.56759548
test_01042,0.94690800
test_01043,0.55427544
test_01044,0.99562910
test_01045,0.94224436
test_01046,0.04848201
test_01047,0.95171812
test_01048,0.84939676
test_01049,0.16135252
test_01050,0.00598668
test_01051,0.97273106
test_01052,0.71265689
test_01053,0.01725473
test_01054,0.51530537
test_01055,0.24538866
test_01056,0.00706917
test_01057,0.09009014
test_01058,0.60626715
test_01059,0.51246685
test_01060,0.97831530
test_01061,0.99939574
test_01062,0.29852326
test_01063,0.32572499
test_01064,0.02376257
test_01065,0.10431769
test_01066,0.90618633
test_01067,0.57162487
test_01068,0.79484054
test_01069,0.01124387
test_01070,0.75393691
test_01071,0.77195456
test_01072,0.75600827
test_01073,0.98445958
test_01074,0.85417780
test_01075,0.04157531
test_01076,0.05547302
test_01077,0.56560650
test_01078,0.05231510
test_01079,0.50510182
test_01080,0.99930389
test_01081,0.75564476
test_01082,0.86810732
test_01083,0.85431997
test_01084,0.44940694
test_01085,0.77447962
test_01086,0.69399367
test_01087,0.06408947
test_01088,0.48234977
test_01089,0.92295473
test_01090,0.83176765
test_01091,0.98288065
test_01092,0.45347643
test_01093,0.40102764
test_01094,0.10249507
test_01095,0.99777173
test_01096,0.43295300
test_01097,0.97774871
test_01098,0.99357483
test_01099,0.57428671
test_01100,0.37815337
test_01101,0.29207426
test_01102,0.99659292
test_01103,0.24634175
test_01104,0.39292449
test_01105,0.91795953
test_01106,0.13526272
test_01107,0.97602285
test_01108,0.54299649
test_01109,0.30525235
test_01110,0.58580184
test_01111,0.00383686
test_01112,0.12483729
test_01113,0.68608424
test_01114,0.03889639
test_01115,0.40735980
test_01116,0.83799130
test_01117,0.52275239
test_01118,0.20357911
test_01119,0.01700082
test_01120,0.39157432
test_01121,0.97653384
test_01122,0.10653716
test_01123,0.86504138
test_01124,0.03821757
test_01125,0.58726170
test_01126,0.95682452
test_01127,0.00051638
test_01128,0.93240733
test_01129,0.45249819
test_01130,0.98732940
test_01131,0.72656297
test_01132,0.01976329
test_01133,0.49058392
test_01134,0.03275656
test_01135,0.93171552
test_01136,0.71498601
test_01137,0.95208902
test_01138,0.98029553
test_01139,0.00359649
test_01140,0.10396341
test_01141,0.58577862
test_01142,0.99878186
test_01143,0.96968831
test_01144,0.98677646
test_01145,0.54382748
test_01146,0.96464360
test_01147,0.43958541
test_01148,0.53928201
test_01149,0.22982913
test_01150,0.57174437
test_01151,0.01772760
test_01152,0.04464269
test_01153,0.90897463
test_01154,0.57843184
test_01155,0.44402529
test_01156,0.32753981
test_01157,0.27298117
test_01158,0.04199061
test_01159,0.16414509
test_01160,0.00087891
test_01161,0.03889583
test_01162,0.04996573
test_01163,0.99589201
test_01164,0.00614353
test_01165,0.02454997
test_01166,0.94927635
test_01167,0.83931122
test_01168,0.34902953
test_01169,0.41194704
test_01170,0.21446451
test_01171,0.94334686
test_01172,0.99860620
test_01173,0.19019692
test_01174,0.40387878
test_01175,0.00543360
test_01176,0.04476868
test_01177,0.37754464
test_01178,0.53153131
test_01179,0.02862971
test_01180,0.25849288
test_01181,0.00250183
test_01182,0.57717755
test_01183,0.65376932
test_01184,0.94780586
test_01185,0.03331684
test_01186,0.02296515
test_01187,0.01316746
test_01188,0.00382614
test_01189,0.00286590
test_01190,0.00636234
test_01191,0.22870610
test_01192,0.95755897
test_01193,0.41726704
test_01194,0.93743569
test_01195,0.88342010
test_01196,0.51901708
test_01197,0.60824035
test_01198,0.11304746
test_01199,0.01463694
test_01200,0.43300752
test_01201,0.22234897
test_01202,0.99035187
test_01203,0.78520353
test_01204,0.43704646
test_01205,0.00177926
test_01206,0.84448337
test_01207,0.00288837
test_01208,0.80547180
test_01209,0.45966651
test_01210,0.99006671
test_01211,0.99456368
test_01212,0.22932771
test_01213,0.91387525
test_01214,0.51813291
test_01215,0.06307650
test_01216,0.98905531
test_01217,0.01603609
test_01218,0.30074159
test_01219,0.11733392
test_01220,0.99665444
test_01221,0.99861472
test_01222,0.53896653
test_01223,0.58462499
test_01224,0.96644631
test_01225,0.82561864
test_01226,0.28576096
test_01227,0.64077623
test_01228,0.01720083
test_01229,0.76514765
test_01230,0.98383959
test_01231,0.72248841
test_01232,0.03283723
test_01233,0.80403505
test_01234,0.43558128
test_01235,0.97620223
test_01236,0.83391910
test_01237,0.00057329
test_01238,0.00365257
test_01239,0.99024090
test_01240,0.99393758
test_01241,0.94611889
test_01242,0.38538407
test_01243,0.17700871
test_01244,0.00045263
test_01245,0.99241686
test_01246,0.92863862
test_01247,0.73980812
test_01248,0.21580564
test_01249,0.96605159
test_01250,0.59127523
test_01251,0.57224258
test_01252,0.18248301
test_01253,0.32998866
test_01254,0.69201954
test_01255,0.54105387
test_01256,0.99945246
test_01257,0.34427282
test_01258,0.00153658
test_01259,0.09777787
test_01260,0.04444672
test_01261,0.91669604
test_01262,0.50173617
test_01263,0.75055999
test_01264,0.36581464
test_01265,0.89723000
test_01266,0.30284867
test_01267,0.09995834
test_01268,0.32252820
test_01269,0.79138473
test_01270,0.95518518
test_01271,0.00324451
test_01272,0.00118464
test_01273,0.34736723
test_01274,0.03626655
test_01275,0.91834231
test_01276,0.00642112
test_01277,0.44683749
test_01278,0.47643004
test_01279,0.01689640
test_01280,0.63321458
test_01281,0.57635635
test_01282,0.99819454
test_01283,0.98084181
test_01284,0.38577075
test_01285,0.48274151
test_01286,0.97102541
test_01287,0.96303262
test_01288,0.47725227
test_01289,0.96140777
test_01290,0.88348437
test_01291,0.00639381
test_01292,0.95163043
test_01293,0.44848673
test_01294,0.74097790
test_01295,0.85019008
test_01296,0.57447978
test_01297,0.89107820
test_01298,0.44560263
test_01299,0.99831369
test_01300,0.11979413
test_01301,0.62302322
test_01302,0.98290187
test_01303,0.24835909
test_01304,0.12547051
test_01305,0.21261016
test_01306,0.35445984
test_01307,0.95989361
test_01308,0.99843392
test_01309,0.12853864
test_01310,0.49388133
test_01311,0.03441641
test_01312,0.94559076
test_01313,0.61948384
test_01314,0.98335987
test_01315,0.38964731
test_01316,0.48287836
test_01317,0.95883749
test_01318,0.07864634
test_01319,0.43922937
test_01320,0.73937284
test_01321,0.03880941
test_01322,0.86169193
test_01323,0.61549144
test_01324,0.06178997
test_01325,0.84564558
test_01326,0.20181259
test_01327,0.95203638
test_01328,0.96284320
test_01329,0.99524477
test_01330,0.75875440
test_01331,0.13716477
test_01332,0.64102471
test_01333,0.75982778
test_01334,0.14597232
test_01335,0.78134978
test_01336,0.38783350
test_01337,0.99926037
test_01338,0.85697728
test_01339,0.52582896
test_01340,0.05322458
test_01341,0.66097043
test_01342,0.58647198
test_01343,0.66145978
test_01344,0.56405452
test_01345,0.63902012
test_01346,0.06063745
test_01347,0.93654223
test_01348,0.03077557
test_01349,0.33792031
test_01350,0.51830163
test_01351,0.94361384
test_01352,0.78828532
test_01353,0.02280077
test_01354,0.98563747
test_01355,0.72269247
test_01356,0.45093455
test_01357,0.32718053
test_01358,0.99666401
test_01359,0.31549670
test_01360,0.01750320
test_01361,0.70232003
test_01362,0.00905674
test_01363,0.99093392
test_01364,0.53402194
test_01365,0.18463871
test_01366,0.45830275
test_01367,0.89536840
test_01368,0.46969226
test_01369,0.07039175
test_01370,0.15750303
test_01371,0.00096242
test_01372,0.07773390
test_01373,0.96490169
test_01374,0.60868478
test_01375,0.00336436
test_01376,0.12546233
test_01377,0.15435050
test_01378,0.29833198
test_01379,0.00602748
test_01380,0.27371863
test_01381,0.14568324
test_01382,0.62719332
test_01383,0.86025317
test_01384,0.99767793
test_01385,0.82370449
test_01386,0.01682050
test_01387,0.24229724
test_01388,0.20637684
test_01389,0.32826282
test_01390,0.00761994
test_01391,0.33817737
test_01392,0.59529928
test_01393,0.68860631
test_01394,0.03483794
test_01395,0.98313868
test_01396,0.99422637
test_01397,0.52108670
test_01398,0.41645822
test_01399,0.08097830
test_01400,0.05563234
test_01401,0.11513371
test_01402,0.38427090
test_01403,0.50747306
test_01404,0.89850086
test_01405,0.81089830
test_01406,0.04314405
test_01407,0.96812516
test_01408,0.99899643
test_01409,0.98432808
test_01410,0.76057699
test_01411,0.11791790
test_01412,0.36090783
test_01413,0.10110976
test_01414,0.14150146
test_01415,0.50850002
test_01416,0.84936886
test_01417,0.22591417
test_01418,0.92984562
test_01419,0.18124629
test_01420,0.00160188
test_01421,0.07286577
test_01422,0.30128826
test_01423,0.64360091
test_01424,0.99967923
test_01425,0.99371126
test_01426,0.66671966
test_01427,0.28181847
test_01428,0.90535464
test_01429,0.60341389
test_01430,0.20148279
test_01431,0.15621131
test_01432,0.98585661
test_01433,0.63994997
test_01434,0.93148952
test_01435,0.38529613
test_01436,0.03906766
test_01437,0.09075667
test_01438,0.43797550
test_01439,0.78678501
test_01440,0.95996578
test_01441,0.04630313
test_01442,0.70788050
test_01443,0.09646253
test_01444,0.11756592
test_01445,0.73449636
test_01446,0.19372821
test_01447,0.50825303
test_01448,0.98047992
test_01449,0.69887944
test_01450,0.97978027
test_01451,0.39037970
test_01452,0.99815707
test_01453,0.95932320
test_01454,0.80320585
test_01455,0.96356219
test_01456,0.81387642
test_01457,0.85834433
test_01458,0.99831685
test_01459,0.97294845
test_01460,0.00491968
test_01461,0.12261789
test_01462,0.07066458
test_01463,0.95784866
test_01464,0.24359749
test_01465,0.51782474
test_01466,0.53713785
test_01467,0.99216495
test_01468,0.87774210
test_01469,0.23390152
test_01470,0.17973004
test_01471,0.71972472
test_01472,0.87363816
test_01473,0.05651254
test_01474,0.57293016
test_01475,0.04563175
test_01476,0.46509717
test_01477,0.79009943
test_01478,0.20520587
test_01479,0.60882930
test_01480,0.97586695
test_01481,0.94579894
test_01482,0.29002572
test_01483,0.79910321
test_01484,0.00169891
test_01485,0.97390292
test_01486,0.87971164
test_01487,0.37779553
test_01488,0.96819614
test_01489,0.23802931
test_01490,0.55303908
test_01491,0.00651235
test_01492,0.06924982
test_01493,0.32693778
test_01494,0.16924167
test_01495,0.03578081
test_01496,0.70670067
test_01497,0.75909853
test_01498,0.75329952
test_01499,0.28438164
test_01500,0.11150486
test_01501,0.51167149
test_01502,0.38188545
test_01503,0.65830410
test_01504,0.98276687
test_01505,0.18357451
test_01506,0.92939060
test_01507,0.52466053
test_01508,0.94558246
test_01509,0.99598370
test_01510,0.50284311
test_01511,0.98863832
test_01512,0.92941725
test_01513,0.91410197
test_01514,0.39781541
test_01515,0.62601469
test_01516,0.42827854
test_01517,0.17309723
test_01518,0.99680231
test_01519,0.67393826
test_01520,0.99484008
test_01521,0.58981484
test_01522,0.72185441
test_01523,0.41707961
test_01524,0.63926882
test_01525,0.85218930
test_01526,0.00784771
test_01527,0.97873602
test_01528,0.61241067
test_01529,0.01042662
test_01530,0.98936530
test_01531,0.26204344
test_01532,0.68974349
test_01533,0.96457150
test_01534,0.18167532
test_01535,0.32640692
test_01536,0.09263243
test_01537,0.99650929
test_01538,0.12104614
test_01539,0.96258072
test_01540,0.50270555
test_01541,0.92163581
test_01542,0.51002015
test_01543,0.89589051
test_01544,0.12165320
test_01545,0.90534850
test_01546,0.99529637
test_01547,0.52459775
test_01548,0.40114211
test_01549,0.44740903
test_01550,0.62950167
test_01551,0.05675698
test_01552,0.86906650
test_01553,0.97883356
test_01554,0.00948367
test_01555,0.62945471
test_01556,0.98335648
test_01557,0.62961763
test_01558,0.88525275
test_01559,0.06193501
test_01560,0.53306185
test_01561,0.01339551
test_01562,0.01392228
test_01563,0.95771130
test_01564,0.00065148
test_01565,0.52876888
test_01566,0.99075650
test_01567,0.01778662
test_01568,0.01139044
test_01569,0.37893013
test_01570,0.00217416
test_01571,0.93780806
test_01572,0.70262694
test_01573,0.82717710
test_01574,0.46114643
test_01575,0.25946131
test_01576,0.58843907
test_01577,0.40268354
test_01578,0.67426876
test_01579,0.61689977
test_01580,0.16640617
test_01581,0.99790524
test_01582,0.00660416
test_01583,0.08663377
test_01584,0.88765481
test_01585,0.49682047
test_01586,0.99702257
test_01587,0.78738295
test_01588,0.26206833
test_01589,0.46866778
test_01590,0.90838175
test_01591,0.56185032
test_01592,0.47848201
test_01593,0.07868183
test_01594,0.97584021
test_01595,0.99524191
test_01596,0.00948257
test_01597,0.49937518
test_01598,0.45815188
test_01599,0.56211533
test_01600,0.13870972
test_01601,0.98993559
test_01602,0.05479162
test_01603,0.99159530
test_01604,0.97666602
test_01605,0.30779031
test_01606,0.01599485
test_01607,0.84128194
test_01608,0.89879306
test_01609,0.59972806
test_01610,0.61698552
test_01611,0.08926594
test_01612,0.89105814
test_01613,0.47503168
test_01614,0.07750980
test_01615,0.61086425
test_01616,0.03636307
test_01617,0.85238163
test_01618,0.95980098
test_01619,0.01752287
test_01620,0.00120788
test_01621,0.15607262
test_01622,0.96041770
test_01623,0.62271227
test_01624,0.50226354
test_01625,0.87498706
test_01626,0.82716885
test_01627,0.98999424
test_01628,0.31235110
test_01629,0.72706316
test_01630,0.66867811
test_01631,0.69028270
test_01632,0.00087062
test_01633,0.91102905
test_01634,0.24132521
test_01635,0.60744227
test_01636,0.90259390
test_01637,0.41383056
test_01638,0.59749241
test_01639,0.51979953
test_01640,0.00520105
test_01641,0.29584465
test_01642,0.48782821
test_01643,0.36984670
test_01644,0.64873882
test_01645,0.94143440
test_01646,0.40327666
test_01647,0.72673385
test_01648,0.93446201
test_01649,0.10651570
test_01650,0.31736171
test_01651,0.48937122
test_01652,0.69985672
test_01653,0.01486424
test_01654,0.51161010
test_01655,0.97588262
test_01656,0.91752215
test_01657,0.01972822
test_01658,0.06070519
test_01659,0.03569297
test_01660,0.97585580
test_01661,0.37207449
test_01662,0.92504884
test_01663,0.01340604
test_01664,0.06642496
test_01665,0.96921766
test_01666,0.31282853
test_01667,0.00158548
test_01668,0.54845119
test_01669,0.00653237
test_01670,0.78172544
test_01671,0.93370918
test_01672,0.63005445
test_01673,0.14399047
test_01674,0.47114679
test_01675,0.29251041
test_01676,0.96271094
test_01677,0.51279631
test_01678,0.91645172
test_01679,0.81789355
test_01680,0.00411300
test_01681,0.99363460
test_01682,0.99538195
test_01683,0.47250139
test_01684,0.97676972
test_01685,0.98526655
test_01686,0.76715310
test_01687,0.84755352
test_01688,0.01625358
test_01689,0.09570799
test_01690,0.99897152
test_01691,0.42846825
test_01692,0.11872766
test_01693,0.17202798
test_01694,0.00411199
test_01695,0.48169042
test_01696,0.60939268
test_01697,0.94381063
test_01698,0.53414124
test_01699,0.00710570
test_01700,0.99666761
test_01701,0.44710115
test_01702,0.00341720
test_01703,0.92049802
test_01704,0.01278556
test_01705,0.46563380
test_01706,0.91020247
test_01707,0.64886715
test_01708,0.90121814
test_01709,0.81027365
test_01710,0.73367834
test_01711,0.00441841
test_01712,0.47382633
test_01713,0.24249277
test_01714,0.06151149
test_01715,0.97140830
test_01716,0.94024578
test_01717,0.99502980
test_01718,0.01409804
test_01719,0.00595058
test_01720,0.53611100
test_01721,0.02128080
test_01722,0.99005513
test_01723,0.18256837
test_01724,0.13326040
test_01725,0.05428412
test_01726,0.01632314
test_01727,0.70031678
test_01728,0.23497847
test_01729,0.94077265
test_01730,0.20094301
test_01731,0.48497865
test_01732,0.27640338
test_01733,0.86629845
test_01734,0.69287083
test_01735,0.71923977
test_01736,0.97638174
test_01737,0.98979488
test_01738,0.84492456
test_01739,0.66310250
test_01740,0.44223966
test_01741,0.00163878
test_01742,0.05052719
test_01743,0.99380498
test_01744,0.55111758
test_01745,0.25521624
test_01746,0.21340616
test_01747,0.85910723
test_01748,0.23322527
test_01749,0.74851587
test_01750,0.72792266
test_01751,0.45756709
test_01752,0.28848272
test_01753,0.54367085
test_01754,0.04387201
test_01755,0.71113202
test_01756,0.66158814
test_01757,0.71287811
test_01758,0.33234927
test_01759,0.44614574
test_01760,0.94254999
test_01761,0.21673144
test_01762,0.42009051
test_01763,0.14616920
test_01764,0.69578037
test_01765,0.78550317
test_01766,0.40583684
test_01767,0.15267801
test_01768,0.02074616
test_01769,0.93216531
test_01770,0.93513933
test_01771,0.07556952
test_01772,0.29221544
test_01773,0.92995370
test_01774,0.96405067
test_01775,0.84463359
test_01776,0.98655900
test_01777,0.72309852
test_01778,0.99445311
test_01779,0.36215908
test_01780,0.01646145
test_01781,0.99822815
test_01782,0.00427682
test_01783,0.65570484
test_01784,0.85132798
test_01785,0.58130949
test_01786,0.63212416
test_01787,0.50092508
test_01788,0.98383956
test_01789,0.59362381
test_01790,0.25641136
test_01791,0.69324475
test_01792,0.25575543
test_01793,0.35607017
test_01794,0.53536643
test_01795,0.00893651
test_01796,0.01237863
test_01797,0.48517909
test_01798,0.77971586
test_01799,0.49175048
test_01800,0.56860750
test_01801,0.99358838
test_01802,0.40389278
test_01803,0.93314847
test_01804,0.98762357
test_01805,0.01572087
test_01806,0.38207280
test_01807,0.98622639
test_01808,0.99815426
test_01809,0.99608066
test_01810,0.65459285
test_01811,0.89635822
test_01812,0.88099141
test_01813,0.45345133
test_01814,0.00593888
test_01815,0.97981769
test_01816,0.51153651
test_01817,0.03896907
test_01818,0.92209754
test_01819,0.63438677
test_01820,0.30261752
test_01821,0.94184388
test_01822,0.26803785
test_01823,0.08614206
test_01824,0.86736062
test_01825,0.06948790
test_01826,0.89794010
test_01827,0.10121537
test_01828,0.96610603
test_01829,0.02645589
test_01830,0.99193082
test_01831,0.06104782
test_01832,0.07148993
test_01833,0.00156717
test_01834,0.51413840
test_01835,0.46153871
test_01836,0.11674876
test_01837,0.98309906
test_01838,0.32105894
test_01839,0.98918824
test_01840,0.09313910
test_01841,0.55065414
test_01842,0.50577412
test_01843,0.00498849
test_01844,0.53864526
test_01845,0.48134810
test_01846,0.99469090
test_01847,0.97985548
test_01848,0.00180410
test_01849,0.85268017
test_01850,0.98412585
test_01851,0.95206923
test_01852,0.02998172
test_01853,0.02947583
test_01854,0.10185523
test_01855,0.14634745
test_01856,0.90271275
test_01857,0.00124511
test_01858,0.73438754
test_01859,0.95375091
test_01860,0.93016043
test_01861,0.17218402
test_01862,0.47871576
test_01863,0.66899585
test_01864,0.00392567
test_01865,0.98752396
test_01866,0.37788662
test_01867,0.17339735
test_01868,0.27416873
test_01869,0.97493245
test_01870,0.00136432
test_01871,0.98352793
test_01872,0.16851166
test_01873,0.77802697
test_01874,0.13939947
test_01875,0.01454329
test_01876,0.96685466
test_01877,0.99654384
test_01878,0.02607812
test_01879,0.96998996
test_01880,0.92307785
test_01881,0.51188733
test_01882,0.17104242
test_01883,0.30148425
test_01884,0.14827878
test_01885,0.36245518
test_01886,0.04165061
test_01887,0.83850893
test_01888,0.33984326
test_01889,0.10004614
test_01890,0.98210815
test_01891,0.38164783
test_01892,0.07546792
test_01893,0.63475731
test_01894,0.39982479
test_01895,0.41138841
test_01896,0.98492727
test_01897,0.01460982
test_01898,0.52990765
test_01899,0.06825688
test_01900,0.85170112
test_01901,0.25929884
test_01902,0.99898090
test_01903,0.00731508
test_01904,0.11165021
test_01905,0.97731747
test_01906,0.14402203
test_01907,0.97279650
test_01908,0.95203500
test_01909,0.40480712
test_01910,0.02545557
test_01911,0.01229107
test_01912,0.77259854
test_01913,0.08943094
test_01914,0.99741107
test_01915,0.50366440
test_01916,0.96291235
test_01917,0.99346275
test_01918,0.68794709
test_01919,0.48665564
test_01920,0.99675432
test_01921,0.03851998
test_01922,0.97647912
test_01923,0.54898526
test_01924,0.05186213
test_01925,0.97299674
test_01926,0.06353043
test_01927,0.95174607
test_01928,0.73244574
test_01929,0.99437206
test_01930,0.82344082
test_01931,0.02420628
test_01932,0.99907941
test_01933,0.41489315
test_01934,0.87364733
test_01935,0.12204911
test_01936,0.05204437
test_01937,0.96357607
test_01938,0.21602034
test_01939,0.64184283
test_01940,0.00030565
test_01941,0.98628260
test_01942,0.78156940
test_01943,0.21619196
test_01944,0.59841424
test_01945,0.05041573
test_01946,0.68295667
test_01947,0.05378035
test_01948,0.09676200
test_01949,0.37581639
test_01950,0.92256460
test_01951,0.36532257
test_01952,0.96147246
test_01953,0.00277978
test_01954,0.99040101
test_01955,0.26797462
test_01956,0.99480934
test_01957,0.99473004
test_01958,0.29380748
test_01959,0.08800402
test_01960,0.83549276
test_01961,0.57617017
test_01962,0.04742898
test_01963,0.42358466
test_01964,0.00237033
test_01965,0.86946767
test_01966,0.00638071
test_01967,0.02012554
test_01968,0.84926816
test_01969,0.04432515
test_01970,0.02317076
test_01971,0.65793240
test_01972,0.96265902
test_01973,0.16753775
test_01974,0.46635231
test_01975,0.89849603
test_01976,0.98336785
test_01977,0.35060077
test_01978,0.96963509
test_01979,0.21947707
test_01980,0.08194698
test_01981,0.26324377
test_01982,0.00973973
test_01983,0.22792831
test_01984,0.73644466
test_01985,0.84202070
test_01986,0.81650155
test_01987,0.06442336
test_01988,0.16301086
test_01989,0.54981482
test_01990,0.00678017
test_01991,0.98658914
test_01992,0.11847233
test_01993,0.66876062
test_01994,0.46005924
test_01995,0.96530575
test_01996,0.79680295
test_01997,0.91050361
test_01998,0.09671904
test_01999,0.43815956
test_02000,0.97797416
test_02001,0.27486775
test_02002,0.00518348
test_02003,0.85285313
test_02004,0.00484755
test_02005,0.56441138
test_02006,0.48578888
test_02007,0.47525325
test_02008,0.50171438
test_02009,0.65276944
test_02010,0.97374840
test_02011,0.89480114
test_02012,0.61434760
test_02013,0.99239576
test_02014,0.00227809
test_02015,0.25526880
test_02016,0.90091633
test_02017,0.33554408
test_02018,0.56741992
test_02019,0.61628826
test_02020,0.75619227
test_02021,0.98842255
test_02022,0.47124432
test_02023,0.42204089
test_02024,0.14293271
test_02025,0.96997610
test_02026,0.58283754
test_02027,0.30943916
test_02028,0.99898912
test_02029,0.74875586
test_02030,0.77013634
test_02031,0.71750921
test_02032,0.17572769
test_02033,0.01135622
test_02034,0.02329010
test_02035,0.54132838
test_02036,0.04741655
test_02037,0.00874628
test_02038,0.94208351
test_02039,0.84935742
test_02040,0.89800192
test_02041,0.99427370
test_02042,0.23457038
test_02043,0.29604604
test_02044,0.24688356
test_02045,0.93993015
test_02046,0.01090463
test_02047,0.22510422
test_02048,0.62681363
test_02049,0.25248401
test_02050,0.55266448
test_02051,0.95068489
test_02052,0.30204161
test_02053,0.89234816
test_02054,0.70549766
test_02055,0.98279867
test_02056,0.85887474
test_02057,0.95884792
test_02058,0.50168770
test_02059,0.99266410
test_02060,0.69788854
test_02061,0.99108610
test_02062,0.04281922
test_02063,0.01159217
test_02064,0.76898946
test_02065,0.71164398
test_02066,0.78129793
test_02067,0.03847432
test_02068,0.45097294
test_02069,0.56329258
test_02070,0.29714194
test_02071,0.16341613
test_02072,0.97605258
test_02073,0.03241965
test_02074,0.73776434
test_02075,0.68565902
test_02076,0.36534140
test_02077,0.07025320
test_02078,0.99523818
test_02079,0.25283120
test_02080,0.99482871
test_02081,0.00577804
test_02082,0.63918973
test_02083,0.11373973
test_02084,0.03812729
test_02085,0.41961387
test_02086,0.07996941
test_02087,0.00276831
test_02088,0.01889406
test_02089,0.02449634
test_02090,0.39407088
test_02091,0.42196583
test_02092,0.17100876
test_02093,0.00363170
test_02094,0.98680017
test_02095,0.03465571
test_02096,0.32705177
test_02097,0.01376468
test_02098,0.57438415
test_02099,0.98469521
test_02100,0.99285867
test_02101,0.51257039
test_02102,0.76594894
test_02103,0.05192261
test_02104,0.14455413
test_02105,0.91136070
test_02106,0.99876336
test_02107,0.00210503
test_02108,0.00835868
test_02109,0.24861979
test_02110,0.94374633
test_02111,0.03965621
test_02112,0.55631850
test_02113,0.94349796
test_02114,0.95651101
test_02115,0.46868169
test_02116,0.76726966
test_02117,0.12065025
test_02118,0.05429526
test_02119,0.98061040
test_02120,0.27977072
test_02121,0.57628453
test_02122,0.00298328
test_02123,0.37034647
test_02124,0.06825989
test_02125,0.99489191
test_02126,0.41846506
test_02127,0.01441217
test_02128,0.47101064
test_02129,0.60923001
test_02130,0.90874020
test_02131,0.60145449
test_02132,0.98820800
test_02133,0.57019014
test_02134,0.01675192
test_02135,0.97092496
test_02136,0.51375425
test_02137,0.62104508
test_02138,0.52281936
test_02139,0.99531121
test_02140,0.05507520
test_02141,0.75818930
test_02142,0.99954921
test_02143,0.20579152
test_02144,0.60474660
test_02145,0.25275734
test_02146,0.35469631
test_02147,0.51238714
test_02148,0.62030499
test_02149,0.41784480
test_02150,0.97826951
test_02151,0.03036160
test_02152,0.06992889
test_02153,0.97417463
test_02154,0.59727193
test_02155,0.99847898
test_02156,0.50095935
test_02157,0.02190861
test_02158,0.06910226
test_02159,0.79236315
test_02160,0.91573272
test_02161,0.73233218
test_02162,0.95668312
test_02163,0.00393891
test_02164,0.00288082
test_02165,0.25082347
test_02166,0.47935573
test_02167,0.50702664
test_02168,0.01112327
test_02169,0.04807322
test_02170,0.87021188
test_02171,0.15321380
test_02172,0.88392432
test_02173,0.08610631
test_02174,0.50980129
test_02175,0.93603907
test_02176,0.24232322
test_02177,0.58237090
test_02178,0.46825800
test_02179,0.65418691
test_02180,0.99733235
test_02181,0.56297653
test_02182,0.24154331
test_02183,0.02835619
test_02184,0.42287676
test_02185,0.82415476
test_02186,0.00470540
test_02187,0.80086084
test_02188,0.43162806
test_02189,0.83128476
test_02190,0.99275582
test_02191,0.98447943
test_02192,0.03186089
test_02193,0.01251933
test_02194,0.99693425
test_02195,0.72192121
test_02196,0.01906660
test_02197,0.82333032
test_02198,0.00873651
test_02199,0.54818372
test_02200,0.58689934
test_02201,0.21497796
test_02202,0.05807792
test_02203,0.08854344
test_02204,0.44332165
test_02205,0.12394632
test_02206,0.81935198
test_02207,0.16507730
test_02208,0.97729612
test_02209,0.69353071
test_02210,0.34798809
test_02211,0.56352549
test_02212,0.03221139
test_02213,0.99796887
test_02214,0.93808946
test_02215,0.03960539
test_02216,0.28229493
test_02217,0.00766540
test_02218,0.80941995
test_02219,0.21397604
test_02220,0.45798051
test_02221,0.02665892
test_02222,0.98692732
test_02223,0.22644957
test_02224,0.96307963
test_02225,0.41041632
test_02226,0.30359290
test_02227,0.38347727
test_02228,0.99588902
test_02229,0.95812071
test_02230,0.91662469
test_02231,0.42390420
test_02232,0.91306632
test_02233,0.86984826
test_02234,0.00432422
test_02235,0.57302119
test_02236,0.49999509
test_02237,0.86516097
test_02238,0.03127482
test_02239,0.67874384
test_02240,0.94951609
test_02241,0.82792646
test_02242,0.33855137
test_02243,0.28033021
test_02244,0.94448212
test_02245,0.24105525
test_02246,0.80773167
test_02247,0.64306895
test_02248,0.88039321
test_02249,0.89083286
test_02250,0.67568275
test_02251,0.32319246
test_02252,0.90426085
test_02253,0.98118490
test_02254,0.12811550
test_02255,0.58636771
test_02256,0.15592472
test_02257,0.97359435
test_02258,0.14562133
test_02259,0.87061955
test_02260,0.47080293
test_02261,0.21804929
test_02262,0.02124460
test_02263,0.99725018
test_02264,0.32350471
test_02265,0.84448181
test_02266,0.91780549
test_02267,0.06615988
test_02268,0.16018299
test_02269,0.99242148
test_02270,0.99971606
test_02271,0.44742731
test_02272,0.06693057
test_02273,0.11097999
test_02274,0.90339313
test_02275,0.95019101
test_02276,0.71069917
test_02277,0.92045221
test_02278,0.75434130
test_02279,0.74623837
test_02280,0.28803173
test_02281,0.76701674
test_02282,0.28150142
test_02283,0.30142399
test_02284,0.01380319
test_02285,0.79747817
test_02286,0.02430547
test_02287,0.12378683
test_02288,0.11334443
test_02289,0.02591813
test_02290,0.50402590
test_02291,0.06844514
test_02292,0.41500871
test_02293,0.31533545
test_02294,0.99779273
test_02295,0.75426493
test_02296,0.99852427
test_02297,0.73243253
test_02298,0.93773001
test_02299,0.66831171
test_02300,0.09544078
test_02301,0.50213147
test_02302,0.89137358
test_02303,0.95420592
test_02304,0.01392616
test_02305,0.97387619
test_02306,0.78923261
test_02307,0.48284314
test_02308,0.00768913
test_02309,0.09612587
test_02310,0.92471008
test_02311,0.94751340
test_02312,0.48043698
test_02313,0.71516302
test_02314,0.02730123
test_02315,0.97874904
test_02316,0.83619070
test_02317,0.12556315
test_02318,0.94170722
test_02319,0.99536224
test_02320,0.45031694
test_02321,0.51959988
test_02322,0.87867286
test_02323,0.46890515
test_02324,0.99188789
test_02325,0.53002538
test_02326,0.02013668
test_02327,0.51013986
test_02328,0.27403518
test_02329,0.11794884
test_02330,0.01368281
test_02331,0.01776198
test_02332,0.09153644
test_02333,0.12583457
test_02334,0.64630889
test_02335,0.91346975
test_02336,0.99273478
test_02337,0.14262508
test_02338,0.47661981
test_02339,0.63281604
test_02340,0.95715576
test_02341,0.72972567
test_02342,0.30526981
test_02343,0.99732616
test_02344,0.01564454
test_02345,0.00377106
test_02346,0.82248141
test_02347,0.88430912
test_02348,0.46170988
test_02349,0.78498400
test_02350,0.00961280
test_02351,0.00196564
test_02352,0.04342017
test_02353,0.30888584
test_02354,0.97515631
test_02355,0.67614123
test_02356,0.74566173
test_02357,0.26719339
test_02358,0.01905068
test_02359,0.75437467
test_02360,0.50178317
test_02361,0.65331284
test_02362,0.48802882
test_02363,0.68053245
test_02364,0.69699464
test_02365,0.99391611
test_02366,0.03193046
test_02367,0.77570290
test_02368,0.01005640
test_02369,0.07268555
test_02370,0.98604731
test_02371,0.96653051
test_02372,0.33038812
test_02373,0.45372801
test_02374,0.70461010
test_02375,0.93234393
test_02376,0.50274629
test_02377,0.50259414
test_02378,0.51823070
test_02379,0.29283170
test_02380,0.93808795
test_02381,0.93666468
test_02382,0.69689912
test_02383,0.28627943
test_02384,0.01367657
test_02385,0.50048458
test_02386,0.03341251
test_02387,0.99063881
test_02388,0.41893259
test_02389,0.13134218
test_02390,0.70959594
test_02391,0.30020365
test_02392,0.89450659
test_02393,0.08578136
test_02394,0.01332483
test_02395,0.99839921
test_02396,0.00812842
test_02397,0.95269159
test_02398,0.89749371
test_02399,0.38998324
test_02400,0.99895718
test_02401,0.84870803
test_02402,0.96200151
test_02403,0.26559167
test_02404,0.95702883
test_02405,0.52328519
test_02406,0.10346056
test_02407,0.98956986
test_02408,0.26719988
test_02409,0.25974497
test_02410,0.00724145
test_02411,0.55540972
test_02412,0.51989873
test_02413,0.79227163
test_02414,0.99420894
test_02415,0.97143500
test_02416,0.07839553
test_02417,0.77760287
test_02418,0.39734790
test_02419,0.44797971
test_02420,0.00409326
test_02421,0.99444553
test_02422,0.04019443
test_02423,0.73495098
test_02424,0.00345589
test_02425,0.00855973
test_02426,0.99624743
test_02427,0.80297750
test_02428,0.00824939
test_02429,0.48473515
test_02430,0.94563796
test_02431,0.24743840
test_02432,0.41285598
test_02433,0.64563068
test_02434,0.97501058
test_02435,0.50296288
test_02436,0.14392811
test_02437,0.90823529
test_02438,0.61594173
test_02439,0.99005469
test_02440,0.99815829
test_02441,0.99100460
test_02442,0.04499394
test_02443,0.99322735
test_02444,0.47498504
test_02445,0.38324530
test_02446,0.01205463
test_02447,0.94837204
test_02448,0.95159138
test_02449,0.02708555
test_02450,0.60782281
test_02451,0.74776370
test_02452,0.01401799
test_02453,0.66652137
test_02454,0.78903606
test_02455,0.04723082
test_02456,0.00137124
test_02457,0.23412964
test_02458,0.00587975
test_02459,0.23833754
test_02460,0.96939801
test_02461,0.98730473
test_02462,0.99174371
test_02463,0.43988085
test_02464,0.98281878
test_02465,0.02555215
test_02466,0.35980922
test_02467,0.07039103
test_02468,0.94502833
test_02469,0.01208411
test_02470,0.99608915
test_02471,0.98380481
test_02472,0.00870810
test_02473,0.85279760
test_02474,0.17240852
test_02475,0.18563303
test_02476,0.14431740
test_02477,0.44276724
test_02478,0.71022917
test_02479,0.78551784
test_02480,0.85062762
test_02481,0.97998038
test_02482,0.56265710
test_02483,0.02174868
test_02484,0.20008414
test_02485,0.30533872
test_02486,0.97195688
test_02487,0.86250223
test_02488,0.34000506
test_02489,0.99197290
test_02490,0.97623780
test_02491,0.13252789
test_02492,0.14069560
test_02493,0.00537092
test_02494,0.99203176
test_02495,0.01229729
test_02496,0.57675390
test_02497,0.72664908
test_02498,0.98360430
test_02499,0.62205189
test_02500,0.95020281
test_02501,0.01271384
test_02502,0.44766994
test_02503,0.98501704
test_02504,0.84273894
test_02505,0.01151772
test_02506,0.17481658
test_02507,0.88832788
test_02508,0.04917530
test_02509,0.64643866
test_02510,0.01398568
test_02511,0.93584044
test_02512,0.98495719
test_02513,0.96957916
test_02514,0.26551089
test_02515,0.99528641
test_02516,0.65977904
test_02517,0.09344033
test_02518,0.00166987
test_02519,0.73776639
test_02520,0.12953008
test_02521,0.46369163
test_02522,0.93548240
test_02523,0.10681744
test_02524,0.92029643
test_02525,0.99561158
test_02526,0.09635029
test_02527,0.14370292
test_02528,0.59219757
test_02529,0.69098072
test_02530,0.53929574
test_02531,0.90808005
test_02532,0.02334354
test_02533,0.71537728
test_02534,0.04503702
test_02535,0.78535465
test_02536,0.77564745
test_02537,0.67931980
test_02538,0.37785090
test_02539,0.99883403
test_02540,0.02550581
test_02541,0.45188443
test_02542,0.93805061
test_02543,0.79154020
test_02544,0.97605849
test_02545,0.83678367
test_02546,0.07269326
test_02547,0.98945003
test_02548,0.49728590
test_02549,0.99145041
test_02550,0.99958870
test_02551,0.47447769
test_02552,0.86623350
test_02553,0.95665802
test_02554,0.60627205
test_02555,0.22579974
test_02556,0.49875921
test_02557,0.92743200
test_02558,0.72798960
test_02559,0.04301759
test_02560,0.11683889
test_02561,0.99503512
test_02562,0.55833621
test_02563,0.58761679
test_02564,0.86782184
test_02565,0.69586228
test_02566,0.51246208
test_02567,0.32971404
test_02568,0.04128907
test_02569,0.36704534
test_02570,0.85613214
test_02571,0.21983736
test_02572,0.43790262
test_02573,0.26588859
test_02574,0.43506882
test_02575,0.10673397
test_02576,0.83539015
test_02577,0.50121036
test_02578,0.73393029
test_02579,0.01560210
test_02580,0.39657707
test_02581,0.49672590
test_02582,0.28120213
test_02583,0.49803926
test_02584,0.95640205
test_02585,0.05759254
test_02586,0.52251070
test_02587,0.04658295
test_02588,0.01333820
test_02589,0.07454286
test_02590,0.66372839
test_02591,0.97605539
test_02592,0.60039470
test_02593,0.60266829
test_02594,0.99927803
test_02595,0.90754385
test_02596,0.26882981
test_02597,0.98868846
test_02598,0.74497860
test_02599,0.48899893
test_02600,0.80965922
test_02601,0.05581948
test_02602,0.36619332
test_02603,0.08547927
test_02604,0.00103256
test_02605,0.21931578
test_02606,0.69072053
test_02607,0.98884393
test_02608,0.55098749
test_02609,0.99666223
test_02610,0.00360943
test_02611,0.83270991
test_02612,0.31294957
test_02613,0.01414670
test_02614,0.00796523
test_02615,0.00068645
test_02616,0.49788392
test_02617,0.94581003
test_02618,0.37913906
test_02619,0.96675745
test_02620,0.00779429
test_02621,0.70197279
test_02622,0.20528913
test_02623,0.42601878
test_02624,0.98501777
test_02625,0.07951082
test_02626,0.99487163
test_02627,0.79170299
test_02628,0.01021499
test_02629,0.02166158
test_02630,0.98167506
test_02631,0.00936855
test_02632,0.07459728
test_02633,0.91686563
test_02634,0.03562022
test_02635,0.05133246
test_02636,0.11098391
test_02637,0.97140868
test_02638,0.84199637
test_02639,0.43794226
test_02640,0.99342410
test_02641,0.88796372
test_02642,0.39018442
test_02643,0.91645819
test_02644,0.02166832
test_02645,0.36159332
test_02646,0.10488122
test_02647,0.41913149
test_02648,0.02756826
test_02649,0.71272901
test_02650,0.31342140
test_02651,0.83494999
test_02652,0.04688973
test_02653,0.57562240
test_02654,0.53591427
test_02655,0.29646782
test_02656,0.46807749
test_02657,0.30063940
test_02658,0.53865543
test_02659,0.83862563
test_02660,0.32966290
test_02661,0.92866541
test_02662,0.99726994
test_02663,0.05812073
test_02664,0.96293423
test_02665,0.74715022
test_02666,0.95869920
test_02667,0.52006745
test_02668,0.95874336
test_02669,0.32334533
test_02670,0.36763801
test_02671,0.42835247
test_02672,0.87017784
test_02673,0.94871357
test_02674,0.50069233
test_02675,0.53039582
test_02676,0.95277140
test_02677,0.08405122
test_02678,0.84847389
test_02679,0.98557593
test_02680,0.43637503
test_02681,0.31828778
test_02682,0.04914779
test_02683,0.88853941
test_02684,0.15067497
test_02685,0.43385899
test_02686,0.98082559
test_02687,0.45490560
test_02688,0.97737930
test_02689,0.98739080
test_02690,0.45510436
test_02691,0.44459742
test_02692,0.98997159
test_02693,0.27712155
test_02694,0.82130504
test_02695,0.59946172
test_02696,0.61220952
test_02697,0.13349499
test_02698,0.36673068
test_02699,0.95759890
test_02700,0.05871591
test_02701,0.30297924
test_02702,0.47413335
test_02703,0.00736676
test_02704,0.27204975
test_02705,0.85148006
test_02706,0.14162571
test_02707,0.69017763
test_02708,0.82809027
test_02709,0.79147874
test_02710,0.99360050
test_02711,0.10841585
test_02712,0.68744265
test_02713,0.26956083
test_02714,0.05392340
test_02715,0.92101123
test_02716,0.53296140
test_02717,0.60275470
test_02718,0.06175792
test_02719,0.54064104
test_02720,0.00785518
test_02721,0.05708625
test_02722,0.26515503
test_02723,0.99921199
test_02724,0.52997928
test_02725,0.19367626
test_02726,0.89465694
test_02727,0.32406705
test_02728,0.36915043
test_02729,0.10558683
test_02730,0.84358404
test_02731,0.15116965
test_02732,0.67066599
test_02733,0.53831355
test_02734,0.02733335
test_02735,0.99944152
test_02736,0.47261305
test_02737,0.93593285
test_02738,0.74026977
test_02739,0.95541312
test_02740,0.95809836
test_02741,0.46184022
test_02742,0.50690819
test_02743,0.29894656
test_02744,0.03359387
test_02745,0.91670866
test_02746,0.22215075
test_02747,0.06902640
test_02748,0.01193413
test_02749,0.93996224
test_02750,0.95586251
test_02751,0.51242897
test_02752,0.98551133
test_02753,0.79853833
test_02754,0.39156028
test_02755,0.88537876
test_02756,0.79522357
test_02757,0.02152046
test_02758,0.23600914
test_02759,0.76541512
test_02760,0.02248212
test_02761,0.97320273
test_02762,0.21813287
test_02763,0.34639703
test_02764,0.82574155
test_02765,0.41840746
test_02766,0.41390809
test_02767,0.12493988
test_02768,0.41061523
test_02769,0.31722137
test_02770,0.11023702
test_02771,0.87908377
test_02772,0.56670310
test_02773,0.11308828
test_02774,0.84190048
test_02775,0.60979842
test_02776,0.81783848
test_02777,0.98929663
test_02778,0.25050379
test_02779,0.27903388
test_02780,0.51452042
test_02781,0.62316855
test_02782,0.41743424
test_02783,0.00028333
test_02784,0.18178575
test_02785,0.94165958
test_02786,0.13864352
test_02787,0.03905595
test_02788,0.91722342
test_02789,0.04248234
test_02790,0.19064060
test_02791,0.08176619
test_02792,0.06648735
test_02793,0.02389879
test_02794,0.04112367
test_02795,0.84100828
test_02796,0.96811082
test_02797,0.01092341
test_02798,0.96889107
test_02799,0.48630168
test_02800,0.06921744
test_02801,0.09817507
test_02802,0.00144979
test_02803,0.28717101
test_02804,0.44992189
test_02805,0.01126066
test_02806,0.99900671
test_02807,0.10485579
test_02808,0.29278403
test_02809,0.25447463
test_02810,0.02307774
test_02811,0.05612603
test_02812,0.51092078
test_02813,0.52366489
test_02814,0.98839259
test_02815,0.02420758
test_02816,0.33363201
test_02817,0.37519146
test_02818,0.28366301
test_02819,0.95971910
test_02820,0.09233338
test_02821,0.59924578
test_02822,0.63361407
test_02823,0.96171674
test_02824,0.06174225
test_02825,0.99885959
test_02826,0.96240879
test_02827,0.52000097
test_02828,0.93226616
test_02829,0.98470108
test_02830,0.93628839
test_02831,0.63669176
test_02832,0.32509043
test_02833,0.32157695
test_02834,0.87201750
test_02835,0.00432634
test_02836,0.99936720
test_02837,0.83742992
test_02838,0.14772096
test_02839,0.68581894
test_02840,0.62102904
test_02841,0.98493359
test_02842,0.83629112
test_02843,0.12196259
test_02844,0.26649887
test_02845,0.00404311
test_02846,0.98308699
test_02847,0.98029040
test_02848,0.40330368
test_02849,0.49850358
test_02850,0.00100033
test_02851,0.99936757
test_02852,0.00505281
test_02853,0.07333699
test_02854,0.41353301
test_02855,0.70522093
test_02856,0.20971923
test_02857,0.73784515
test_02858,0.98260741
test_02859,0.99979719
test_02860,0.54408383
test_02861,0.87812594
test_02862,0.26333990
test_02863,0.23993020
test_02864,0.41865854
test_02865,0.99796091
test_02866,0.99050069
test_02867,0.59986961
test_02868,0.01863944
test_02869,0.96432038
test_02870,0.84301311
test_02871,0.75510225
test_02872,0.06177380
test_02873,0.99974787
test_02874,0.96555427
test_02875,0.81928787
test_02876,0.95213677
test_02877,0.09332838
test_02878,0.02284585
test_02879,0.02108154
test_02880,0.99794226
test_02881,0.04073376
test_02882,0.08292562
test_02883,0.91416453
test_02884,0.24601006
test_02885,0.93368563
test_02886,0.22162485
test_02887,0.04573320
test_02888,0.32037270
test_02889,0.03929963
test_02890,0.40759873
test_02891,0.11384480
test_02892,0.20920688
test_02893,0.02772434
test_02894,0.18621626
test_02895,0.44048229
test_02896,0.79655142
test_02897,0.35385538
test_02898,0.81515037
test_02899,0.49346655
test_02900,0.98373553
test_02901,0.99722627
test_02902,0.01424584
test_02903,0.14662954
test_02904,0.42164816
test_02905,0.75549913
test_02906,0.96716908
test_02907,0.82627049
test_02908,0.86101007
test_02909,0.23467394
test_02910,0.08968880
test_02911,0.24585314
test_02912,0.99886905
test_02913,0.02664436
test_02914,0.91684986
test_02915,0.96842380
test_02916,0.89093787
test_02917,0.11085853
test_02918,0.43175778
test_02919,0.02408524
test_02920,0.41833249
test_02921,0.49894020
test_02922,0.74625122
test_02923,0.02516077
test_02924,0.11339528
test_02925,0.04287053
test_02926,0.91437514
test_02927,0.59067993
test_02928,0.68598696
test_02929,0.01152357
test_02930,0.99901241
test_02931,0.53987171
test_02932,0.93237067
test_02933,0.33556732
test_02934,0.50147995
test_02935,0.56929195
test_02936,0.98764508
test_02937,0.37109236
test_02938,0.76351075
test_02939,0.97564592
test_02940,0.43200364
test_02941,0.58554290
test_02942,0.00276699
test_02943,0.74946151
test_02944,0.00212717
test_02945,0.89750733
test_02946,0.09220340
test_02947,0.46150896
test_02948,0.03807397
test_02949,0.98767919
test_02950,0.06896057
test_02951,0.48498302
test_02952,0.95081188
test_02953,0.96083392
test_02954,0.99787988
test_02955,0.45337323
test_02956,0.00394917
test_02957,0.14460025
test_02958,0.71603182
test_02959,0.00984953
test_02960,0.49892417
test_02961,0.09376107
test_02962,0.65040313
test_02963,0.01396646
test_02964,0.45472162
test_02965,0.00356830
test_02966,0.03612751
test_02967,0.32072538
test_02968,0.84498894
test_02969,0.64883423
test_02970,0.79065123
test_02971,0.97251858
test_02972,0.99847098
test_02973,0.41255890
test_02974,0.32031807
test_02975,0.03814566
test_02976,0.75537464
test_02977,0.55809031
test_02978,0.97812862
test_02979,0.94695998
test_02980,0.45355406
test_02981,0.69612010
test_02982,0.97812077
test_02983,0.74223358
test_02984,0.97304104
test_02985,0.04312809
test_02986,0.74034442
test_02987,0.00751577
test_02988,0.43580459
test_02989,0.85231434
test_02990,0.86794644
test_02991,0.59365309
test_02992,0.36200929
test_02993,0.03931862
test_02994,0.52614094
test_02995,0.04193661
test_02996,0.47347674
test_02997,0.39214372
test_02998,0.29351662
test_02999,0.59001329
test_03000,0.92925829
test_03001,0.98351880
test_03002,0.94911656
test_03003,0.99533367
test_03004,0.38695353
test_03005,0.42982899
test_03006,0.97622038
test_03007,0.32259279
test_03008,0.12304286
test_03009,0.35138799
test_03010,0.63833704
test_03011,0.98563083
test_03012,0.01973761
test_03013,0.99993302
test_03014,0.99768171
test_03015,0.02875159
test_03016,0.20028710
test_03017,0.51734120
test_03018,0.00735415
test_03019,0.00228847
test_03020,0.92365362
test_03021,0.01805884
test_03022,0.99294842
test_03023,0.03780266
test_03024,0.80897265
test_03025,0.90327283
test_03026,0.01056249
test_03027,0.28516097
test_03028,0.00733100
test_03029,0.03125646
test_03030,0.49899350
test_03031,0.08628261
test_03032,0.12213883
test_03033,0.92091112
test_03034,0.37869740
test_03035,0.02388380
test_03036,0.38362523
test_03037,0.11012300
test_03038,0.00915498
test_03039,0.08799158
test_03040,0.99491820
test_03041,0.76339320
test_03042,0.98730752
test_03043,0.89008705
test_03044,0.99336324
test_03045,0.84997054
test_03046,0.52930589
test_03047,0.67465491
test_03048,0.05465985
test_03049,0.90209381
test_03050,0.01469800
test_03051,0.09547087
test_03052,0.24125969
test_03053,0.00709249
test_03054,0.05654115
test_03055,0.55981646
test_03056,0.98025425
test_03057,0.00651695
test_03058,0.07518648
test_03059,0.96990451
test_03060,0.56662766
test_03061,0.99372373
test_03062,0.99636709
test_03063,0.09007630
test_03064,0.93183310
test_03065,0.31587662
test_03066,0.58768103
test_03067,0.62364239
test_03068,0.49625930
test_03069,0.99296156
test_03070,0.31422215
test_03071,0.98574822
test_03072,0.49363226
test_03073,0.19835994
test_03074,0.97626471
test_03075,0.52364221
test_03076,0.17804790
test_03077,0.68022754
test_03078,0.05400402
test_03079,0.13761971
test_03080,0.43706018
test_03081,0.51310781
test_03082,0.59333102
test_03083,0.98588700
test_03084,0.08330029
test_03085,0.47972822
test_03086,0.18355455
test_03087,0.34987268
test_03088,0.97451200
test_03089,0.22730964
test_03090,0.82467760
test_03091,0.65424709
test_03092,0.00617217
test_03093,0.97099862
test_03094,0.96737958
test_03095,0.63011754
test_03096,0.98552691
test_03097,0.03768838
test_03098,0.03671204
test_03099,0.77915909
test_03100,0.58288354
test_03101,0.30402170
test_03102,0.88767684
test_03103,0.00168634
test_03104,0.39979409
test_03105,0.42105699
test_03106,0.13309238
test_03107,0.44317099
test_03108,0.28309077
test_03109,0.42592493
test_03110,0.22739483
test_03111,0.02819646
test_03112,0.01220859
test_03113,0.05518263
test_03114,0.02559504
test_03115,0.25653652
test_03116,0.63827756
test_03117,0.02203855
test_03118,0.02970704
test_03119,0.84833885
test_03120,0.01600927
test_03121,0.02118158
test_03122,0.77392377
test_03123,0.98393880
test_03124,0.82686598
test_03125,0.44048854
test_03126,0.76386348
test_03127,0.50530302
test_03128,0.12956932
test_03129,0.21823699
test_03130,0.75685859
test_03131,0.51001352
test_03132,0.51716549
test_03133,0.00969642
test_03134,0.44371026
test_03135,0.91543680
test_03136,0.07412891
test_03137,0.48213729
test_03138,0.34829065
test_03139,0.02034332
test_03140,0.00666048
test_03141,0.77065661
test_03142,0.99286297
test_03143,0.46679429
test_03144,0.70010412
test_03145,0.98865135
test_03146,0.07120282
test_03147,0.34020711
test_03148,0.01135246
test_03149,0.43840947
test_03150,0.94783693
test_03151,0.30587521
test_03152,0.91725134
test_03153,0.02695323
test_03154,0.60048941
test_03155,0.08646527
test_03156,0.98980385
test_03157,0.05364979
test_03158,0.99138761
test_03159,0.67394036
test_03160,0.04791021
test_03161,0.00623960
test_03162,0.99534697
test_03163,0.03673542
test_03164,0.91386582
test_03165,0.00907144
test_03166,0.02808508
test_03167,0.01130404
test_03168,0.00595054
test_03169,0.05267989
test_03170,0.00047497
test_03171,0.55974334
test_03172,0.66054924
test_03173,0.79302521
test_03174,0.51008268
test_03175,0.46797489
test_03176,0.85805791
test_03177,0.49378232
test_03178,0.96282761
test_03179,0.47086830
test_03180,0.57526117
test_03181,0.98873709
test_03182,0.00177034
test_03183,0.52092274
test_03184,0.93649864
test_03185,0.87671405
test_03186,0.43737521
test_03187,0.98538086
test_03188,0.01063936
test_03189,0.91315571
test_03190,0.41212723
test_03191,0.01544924
test_03192,0.95391104
test_03193,0.09108351
test_03194,0.95681000
test_03195,0.14388497
test_03196,0.99403740
test_03197,0.42314660
test_03198,0.16871437
test_03199,0.27936580
test_03200,0.44543794
test_03201,0.19192726
test_03202,0.17042109
test_03203,0.01864272
test_03204,0.98731641
test_03205,0.79202176
test_03206,0.00395194
test_03207,0.93208659
test_03208,0.03351159
test_03209,0.09910193
test_03210,0.65137903
test_03211,0.16095420
test_03212,0.97271878
test_03213,0.64346622
test_03214,0.01690935
test_03215,0.99376177
test_03216,0.22845720
test_03217,0.02481638
test_03218,0.00847868
test_03219,0.93306244
test_03220,0.94543438
test_03221,0.66718991
test_03222,0.48809466
test_03223,0.28827863
test_03224,0.99686899
test_03225,0.95959614
test_03226,0.42827313
test_03227,0.56082382
test_03228,0.90851666
test_03229,0.01424806
test_03230,0.52876277
test_03231,0.99910417
test_03232,0.68783832
test_03233,0.38695900
test_03234,0.46837882
test_03235,0.49957011
test_03236,0.00074815
test_03237,0.66685474
test_03238,0.46067881
test_03239,0.35836761
test_03240,0.01565073
test_03241,0.42388034
test_03242,0.26963930
test_03243,0.00456220
test_03244,0.52305536
test_03245,0.61736516
test_03246,0.67488706
test_03247,0.96861463
test_03248,0.41650521
test_03249,0.98048723
test_03250,0.29708804
test_03251,0.18402453
test_03252,0.99973790
test_03253,0.95714542
test_03254,0.00944283
test_03255,0.01673755
test_03256,0.95778426
test_03257,0.70789987
test_03258,0.52452917
test_03259,0.87705791
test_03260,0.04026396
test_03261,0.18278892
test_03262,0.59628466
test_03263,0.35402626
test_03264,0.46895639
test_03265,0.11951569
test_03266,0.99763456
test_03267,0.84524813
test_03268,0.44543841
test_03269,0.99393048
test_03270,0.21034623
test_03271,0.49079547
test_03272,0.81197705
test_03273,0.36512701
test_03274,0.01515611
test_03275,0.33808585
test_03276,0.19429387
test_03277,0.18611919
test_03278,0.96387228
test_03279,0.68219185
test_03280,0.67102742
test_03281,0.58456301
test_03282,0.48802726
test_03283,0.07172584
test_03284,0.00360225
test_03285,0.80914753
test_03286,0.97389837
test_03287,0.97319892
test_03288,0.24363086
test_03289,0.93167214
test_03290,0.44302815
test_03291,0.42807812
test_03292,0.51083253
test_03293,0.50302129
test_03294,0.97825428
test_03295,0.05487048
test_03296,0.10370411
test_03297,0.91974511
test_03298,0.07407572
test_03299,0.97804743
test_03300,0.98973006
test_03301,0.05677871
test_03302,0.99917491
test_03303,0.06398432
test_03304,0.01466065
test_03305,0.94868873
test_03306,0.83739164
test_03307,0.91398647
test_03308,0.99843429
test_03309,0.31925749
test_03310,0.69124724
test_03311,0.13486470
test_03312,0.82019830
test_03313,0.19591147
test_03314,0.12643085
test_03315,0.67923835
test_03316,0.95662495
test_03317,0.82570991
test_03318,0.98352741
test_03319,0.01057869
test_03320,0.95669166
test_03321,0.97204789
test_03322,0.89042807
test_03323,0.99868002
test_03324,0.34657297
test_03325,0.24042500
test_03326,0.35428760
test_03327,0.99713580
test_03328,0.50058768
test_03329,0.32183506
test_03330,0.99619663
test_03331,0.07176356
test_03332,0.97487403
test_03333,0.27773331
test_03334,0.80758074
test_03335,0.86115623
test_03336,0.00154509
test_03337,0.00483643
test_03338,0.56220212
test_03339,0.75511336
test_03340,0.85012112
test_03341,0.03786312
test_03342,0.49375837
test_03343,0.46662917
test_03344,0.85888201
test_03345,0.11532632
test_03346,0.00620495
test_03347,0.52461403
test_03348,0.00772162
test_03349,0.99497020
test_03350,0.51411861
test_03351,0.11357651
test_03352,0.98635047
test_03353,0.05915000
test_03354,0.01401013
test_03355,0.50589451
test_03356,0.04629397
test_03357,0.98913038
test_03358,0.00730482
test_03359,0.99298823
test_03360,0.40762968
test_03361,0.13841812
test_03362,0.91757468
test_03363,0.96720636
test_03364,0.55135243
test_03365,0.91915999
test_03366,0.52657457
test_03367,0.41995504
test_03368,0.52942253
test_03369,0.30642266
test_03370,0.58699126
test_03371,0.98206125
test_03372,0.08567347
test_03373,0.48721384
test_03374,0.72953989
test_03375,0.07173729
test_03376,0.70497119
test_03377,0.05269595
test_03378,0.23095635
test_03379,0.74167033
test_03380,0.96967942
test_03381,0.99567820
test_03382,0.71749448
test_03383,0.01440549
test_03384,0.64039269
test_03385,0.99187777
test_03386,0.50725458
test_03387,0.99342052
test_03388,0.47804444
test_03389,0.95975992
test_03390,0.84315462
test_03391,0.97024223
test_03392,0.51189232
test_03393,0.01633945
test_03394,0.49780008
test_03395,0.51541069
test_03396,0.22312197
test_03397,0.25092117
test_03398,0.97764290
test_03399,0.97080882
test_03400,0.47964778
test_03401,0.43861812
test_03402,0.81664305
test_03403,0.07701970
test_03404,0.36800777
test_03405,0.96445589
test_03406,0.06427469
test_03407,0.06944877
test_03408,0.22812413
test_03409,0.27118938
test_03410,0.47149583
test_03411,0.94849758
test_03412,0.77489620
test_03413,0.04437920
test_03414,0.21240410
test_03415,0.66873976
test_03416,0.29187761
test_03417,0.37200841
test_03418,0.33866413
test_03419,0.00331742
test_03420,0.76526187
test_03421,0.01099378
test_03422,0.99721924
test_03423,0.44559158
test_03424,0.17968790
test_03425,0.34159313
test_03426,0.97905354
test_03427,0.99379656
test_03428,0.19926499
test_03429,0.54935865
test_03430,0.99041043
test_03431,0.75939490
test_03432,0.13018420
test_03433,0.75896796
test_03434,0.03032439
test_03435,0.99584939
test_03436,0.14621401
test_03437,0.46182927
test_03438,0.10454420
test_03439,0.61470424
test_03440,0.95371860
test_03441,0.78567201
test_03442,0.53373154
test_03443,0.80997733
test_03444,0.39791366
test_03445,0.45207188
test_03446,0.70101900
test_03447,0.91418520
test_03448,0.65378524
test_03449,0.99018684
test_03450,0.50048633
test_03451,0.60272640
test_03452,0.16081246
test_03453,0.34073054
test_03454,0.28925519
test_03455,0.40379137
test_03456,0.00393222
test_03457,0.22009103
test_03458,0.99247436
test_03459,0.04149761
test_03460,0.10798705
test_03461,0.46487124
test_03462,0.95512034
test_03463,0.03911880
test_03464,0.99245152
test_03465,0.30771722
test_03466,0.20038248
test_03467,0.96358427
test_03468,0.01253875
test_03469,0.21642464
test_03470,0.00520083
test_03471,0.51717391
test_03472,0.98645949
test_03473,0.91233484
test_03474,0.91911237
test_03475,0.48709284
test_03476,0.03452942
test_03477,0.38448746
test_03478,0.00717438
test_03479,0.01237115
test_03480,0.97562555
test_03481,0.98296108
test_03482,0.56385041
test_03483,0.99652038
test_03484,0.58345995
test_03485,0.07317071
test_03486,0.67567460
test_03487,0.92237884
test_03488,0.94896066
test_03489,0.03571698
test_03490,0.51119105
test_03491,0.93308686
test_03492,0.88937857
test_03493,0.87749297
test_03494,0.15704665
test_03495,0.06108286
test_03496,0.44068786
test_03497,0.98455661
test_03498,0.84211129
test_03499,0.75759709
test_03500,0.53654841
test_03501,0.01080695
test_03502,0.17118099
test_03503,0.44882093
test_03504,0.02318179
test_03505,0.00033082
test_03506,0.49245497
test_03507,0.03506398
test_03508,0.10575537
test_03509,0.15314313
test_03510,0.94106236
test_03511,0.14131104
test_03512,0.95171957
test_03513,0.07445695
test_03514,0.72905390
test_03515,0.52817031
test_03516,0.28093773
test_03517,0.63882367
test_03518,0.22355237
test_03519,0.96540064
test_03520,0.97835705
test_03521,0.83093933
test_03522,0.62781206
test_03523,0.99223941
test_03524,0.38904240
test_03525,0.86109093
test_03526,0.91333329
test_03527,0.72424894
test_03528,0.22116840
test_03529,0.01956440
test_03530,0.01334584
test_03531,0.31016908
test_03532,0.64875413
test_03533,0.20749322
test_03534,0.92515336
test_03535,0.04743223
test_03536,0.97827150
test_03537,0.02112124
test_03538,0.03048831
test_03539,0.27129104
test_03540,0.33327241
test_03541,0.41187934
test_03542,0.46893951
test_03543,0.79826730
test_03544,0.07900692
test_03545,0.00335553
test_03546,0.76235652
test_03547,0.59696684
test_03548,0.98118926
test_03549,0.23956950
test_03550,0.98906003
test_03551,0.98752034
test_03552,0.53834112
test_03553,0.51986256
test_03554,0.45108250
test_03555,0.06968499
test_03556,0.03738399
test_03557,0.92775421
test_03558,0.56478674
test_03559,0.34791353
test_03560,0.94405130
test_03561,0.80010468
test_03562,0.93102562
test_03563,0.91752113
test_03564,0.97803155
test_03565,0.98561840
test_03566,0.06929115
test_03567,0.48349583
test_03568,0.03666748
test_03569,0.01390925
test_03570,0.97317393
test_03571,0.00377390
test_03572,0.57213275
test_03573,0.64408796
test_03574,0.50898810
test_03575,0.79497901
test_03576,0.89341841
test_03577,0.51393062
test_03578,0.04580318
test_03579,0.05817964
test_03580,0.57751944
test_03581,0.00214500
test_03582,0.90788553
test_03583,0.68593204
test_03584,0.00315401
test_03585,0.95235335
test_03586,0.17512121
test_03587,0.15142833
test_03588,0.02619431
test_03589,0.47526733
test_03590,0.46384147
test_03591,0.07596793
test_03592,0.58159924
test_03593,0.86811241
test_03594,0.00145757
test_03595,0.93772478
test_03596,0.77227501
test_03597,0.42083437
test_03598,0.36441804
test_03599,0.99578923
test_03600,0.02751456
test_03601,0.99702169
test_03602,0.00787964
test_03603,0.78860163
test_03604,0.81490474
test_03605,0.62969245
test_03606,0.26183145
test_03607,0.06661438
test_03608,0.99810693
test_03609,0.29559360
test_03610,0.02320975
test_03611,0.58502465
test_03612,0.77795470
test_03613,0.55296860
test_03614,0.01456742
test_03615,0.89003979
test_03616,0.15248756
test_03617,0.00013563
test_03618,0.99327495
test_03619,0.13815895
test_03620,0.23194002
test_03621,0.25635782
test_03622,0.02959663
test_03623,0.08837977
test_03624,0.37700520
test_03625,0.89784599
test_03626,0.49033704
test_03627,0.27963648
test_03628,0.04547817
test_03629,0.51603721
test_03630,0.27880634
test_03631,0.02543242
test_03632,0.98896435
test_03633,0.15556434
test_03634,0.04119225
test_03635,0.75356916
test_03636,0.47735439
test_03637,0.04656469
test_03638,0.87459598
test_03639,0.00286064
test_03640,0.45016535
test_03641,0.65655070
test_03642,0.49206705
test_03643,0.52700037
test_03644,0.01352179
test_03645,0.98317881
test_03646,0.78540424
test_03647,0.84027109
test_03648,0.75606277
test_03649,0.98670114
test_03650,0.98937836
test_03651,0.41932853
test_03652,0.00042425
test_03653,0.97952221
test_03654,0.85817143
test_03655,0.96213229
test_03656,0.54595544
test_03657,0.08195294
test_03658,0.65834312
test_03659,0.78914073
test_03660,0.95078832
test_03661,0.05310573
test_03662,0.78211203
test_03663,0.89822641
test_03664,0.99608634
test_03665,0.96332938
test_03666,0.48542833
test_03667,0.47235422
test_03668,0.99454735
test_03669,0.98194630
test_03670,0.18858444
test_03671,0.00060666
test_03672,0.96542557
test_03673,0.64644534
test_03674,0.11778382
test_03675,0.84500712
test_03676,0.89128102
test_03677,0.51442686
test_03678,0.61747260
test_03679,0.32983959
test_03680,0.53744239
test_03681,0.01260212
test_03682,0.57702748
test_03683,0.94554451
test_03684,0.57167037
test_03685,0.98827396
test_03686,0.87721518
test_03687,0.48673146
test_03688,0.99618857
test_03689,0.00602446
test_03690,0.72789961
test_03691,0.65969104
test_03692,0.05781338
test_03693,0.88204395
test_03694,0.88068903
test_03695,0.05163509
test_03696,0.07516634
test_03697,0.55956883
test_03698,0.96086602
test_03699,0.83038838
test_03700,0.87916655
test_03701,0.26621533
test_03702,0.99732997
test_03703,0.98580349
test_03704,0.04918885
test_03705,0.00999228
test_03706,0.02309398
test_03707,0.95517684
test_03708,0.08592905
test_03709,0.97070056
test_03710,0.87344718
test_03711,0.46980848
test_03712,0.55981905
test_03713,0.02997296
test_03714,0.17145956
test_03715,0.99482879
test_03716,0.91782522
test_03717,0.02471905
test_03718,0.04287222
test_03719,0.99115607
test_03720,0.28595253
test_03721,0.03630894
test_03722,0.00797424
test_03723,0.08777352
test_03724,0.74778920
test_03725,0.00507107
test_03726,0.84096887
test_03727,0.33391271
test_03728,0.48316858
test_03729,0.34744558
test_03730,0.67345773
test_03731,0.46463758
test_03732,0.70868115
test_03733,0.85381528
test_03734,0.99601731
test_03735,0.05502280
test_03736,0.12771851
test_03737,0.94977917
test_03738,0.07047964
test_03739,0.94533234
test_03740,0.02933321
test_03741,0.44387549
test_03742,0.47580673
test_03743,0.96171299
test_03744,0.92489312
test_03745,0.67893149
test_03746,0.05486944
test_03747,0.34007772
test_03748,0.00009498
test_03749,0.97019922
test_03750,0.57881340
test_03751,0.75249868
test_03752,0.65126053
test_03753,0.07526525
test_03754,0.87963918
test_03755,0.99221660
test_03756,0.96333445
test_03757,0.33538855
test_03758,0.94951594
test_03759,0.10527948
test_03760,0.31822613
test_03761,0.51086325
test_03762,0.62072045
test_03763,0.29604089
test_03764,0.80767875
test_03765,0.24763915
test_03766,0.87394567
test_03767,0.67890274
test_03768,0.01119329
test_03769,0.50476423
test_03770,0.58648136
test_03771,0.67715529
test_03772,0.98478679
test_03773,0.00763449
test_03774,0.46526247
test_03775,0.85007685
test_03776,0.14169739
test_03777,0.01769342
test_03778,0.96318293
test_03779,0.00616819
test_03780,0.00880586
test_03781,0.33529713
test_03782,0.12595061
test_03783,0.09959355
test_03784,0.00204808
test_03785,0.99305974
test_03786,0.43136984
test_03787,0.02062059
test_03788,0.01174965
test_03789,0.06583836
test_03790,0.57862100
test_03791,0.50504208
test_03792,0.72508900
test_03793,0.06796375
test_03794,0.62114723
test_03795,0.72087080
test_03796,0.85794155
test_03797,0.36309723
test_03798,0.77036243
test_03799,0.10334921
test_03800,0.85338682
test_03801,0.00247124
test_03802,0.08566441
test_03803,0.03616907
test_03804,0.27581995
test_03805,0.50820400
test_03806,0.16659387
test_03807,0.49900312
test_03808,0.62964427
test_03809,0.48710905
test_03810,0.00822981
test_03811,0.01031668
test_03812,0.08026123
test_03813,0.58438895
test_03814,0.38649625
test_03815,0.86402481
test_03816,0.03759084
test_03817,0.54953801
test_03818,0.00318446
test_03819,0.24600585
test_03820,0.66249750
test_03821,0.67218791
test_03822,0.94083799
test_03823,0.21458422
test_03824,0.86553673
test_03825,0.95249850
test_03826,0.99743846
test_03827,0.62415701
test_03828,0.99520656
test_03829,0.03337370
test_03830,0.83781332
test_03831,0.33057726
test_03832,0.23085735
test_03833,0.34200344
test_03834,0.91697118
test_03835,0.57212617
test_03836,0.00012049
test_03837,0.15401336
test_03838,0.06446973
test_03839,0.17377047
test_03840,0.86612864
test_03841,0.99524141
test_03842,0.52438737
test_03843,0.50783415
test_03844,0.02618863
test_03845,0.89721282
test_03846,0.65280836
test_03847,0.00819899
test_03848,0.98659965
test_03849,0.99929192
test_03850,0.29372096
test_03851,0.43618951
test_03852,0.02223519
test_03853,0.72688240
test_03854,0.99599569
test_03855,0.06006905
test_03856,0.48940857
test_03857,0.00590382
test_03858,0.14671847
test_03859,0.00105677
test_03860,0.47798792
test_03861,0.28910388
test_03862,0.98801346
test_03863,0.59875130
test_03864,0.86104731
test_03865,0.33075496
test_03866,0.71556758
test_03867,0.15556195
test_03868,0.13333542
test_03869,0.70250533
test_03870,0.56720455
test_03871,0.00787884
test_03872,0.39802643
test_03873,0.02496626
test_03874,0.07082221
test_03875,0.12433007
test_03876,0.76972598
test_03877,0.46876021
test_03878,0.93257423
test_03879,0.99972146
test_03880,0.76001155
test_03881,0.03776415
test_03882,0.99907856
test_03883,0.20692881
test_03884,0.66317202
test_03885,0.00255039
test_03886,0.16423260
test_03887,0.49314925
test_03888,0.96054514
test_03889,0.00606556
test_03890,0.94819894
test_03891,0.07021129
test_03892,0.05263796
test_03893,0.06612863
test_03894,0.75543215
test_03895,0.39920320
test_03896,0.89973142
test_03897,0.91243211
test_03898,0.36877405
test_03899,0.90749446
test_03900,0.44525016
test_03901,0.02059352
test_03902,0.02646757
test_03903,0.53968993
test_03904,0.06674297
test_03905,0.93542872
test_03906,0.45114559
test_03907,0.97292953
test_03908,0.60292568
test_03909,0.95522110
test_03910,0.03068310
test_03911,0.96062054
test_03912,0.96729902
test_03913,0.04690733
test_03914,0.49244686
test_03915,0.20156116
test_03916,0.77347931
test_03917,0.83333969
test_03918,0.86402336
test_03919,0.56974429
test_03920,0.52018439
test_03921,0.07211091
test_03922,0.02374421
test_03923,0.91531391
test_03924,0.73999217
test_03925,0.04137329
test_03926,0.89300776
test_03927,0.49093257
test_03928,0.24037348
test_03929,0.99237068
test_03930,0.51738420
test_03931,0.80616627
test_03932,0.04961709
test_03933,0.43977228
test_03934,0.99293647
test_03935,0.43966177
test_03936,0.38193533
test_03937,0.03135775
test_03938,0.59613794
test_03939,0.00940832
test_03940,0.45114337
test_03941,0.50524905
test_03942,0.46941566
test_03943,0.16058847
test_03944,0.93789271
test_03945,0.88136095
test_03946,0.49754966
test_03947,0.71146027
test_03948,0.97347527
test_03949,0.25850735
test_03950,0.98708829
test_03951,0.03191346
test_03952,0.60802829
test_03953,0.98884709
test_03954,0.97781260
test_03955,0.03139960
test_03956,0.09171820
test_03957,0.49247326
test_03958,0.98674519
test_03959,0.16139734
test_03960,0.14953697
test_03961,0.97321353
test_03962,0.92385970
test_03963,0.00965486
test_03964,0.93411443
test_03965,0.01446485
test_03966,0.33240987
test_03967,0.00115057
test_03968,0.98438364
test_03969,0.56752987
test_03970,0.96288492
test_03971,0.48454069
test_03972,0.08978745
test_03973,0.97752630
test_03974,0.43882589
test_03975,0.93803321
test_03976,0.66307826
test_03977,0.90642531
test_03978,0.17732133
test_03979,0.97189258
test_03980,0.93594470
test_03981,0.99095988
test_03982,0.93758232
test_03983,0.73896422
test_03984,0.93322392
test_03985,0.24858089
test_03986,0.00397327
test_03987,0.43224021
test_03988,0.90574961
test_03989,0.02466250
test_03990,0.15652804
test_03991,0.00749422
test_03992,0.79828991
test_03993,0.25136581
test_03994,0.10396969
test_03995,0.07829306
test_03996,0.99896081
test_03997,0.87217697
test_03998,0.75797680
test_03999,0.96520911
test_04000,0.92412017
test_04001,0.49691819
test_04002,0.99757100
test_04003,0.65830403
test_04004,0.94433557
test_04005,0.01553063
test_04006,0.41561167
test_04007,0.00205821
test_04008,0.12373731
test_04009,0.05958891
test_04010,0.27820401
test_04011,0.01767603
test_04012,0.00555786
test_04013,0.20247952
test_04014,0.78790190
test_04015,0.96808507
test_04016,0.47913968
test_04017,0.23403517
test_04018,0.97382451
test_04019,0.88689112
test_04020,0.79026276
test_04021,0.07862865
test_04022,0.38039492
test_04023,0.44109530
test_04024,0.06480969
test_04025,0.06539434
test_04026,0.99613677
test_04027,0.06730981
test_04028,0.06401387
test_04029,0.47027548
test_04030,0.83852653
test_04031,0.01834118
test_04032,0.08567996
test_04033,0.60014170
test_04034,0.92442901
test_04035,0.81270006
test_04036,0.62580062
test_04037,0.99226988
test_04038,0.15313790
test_04039,0.04345658
test_04040,0.99716137
test_04041,0.99000865
test_04042,0.92405466
test_04043,0.27666746
test_04044,0.02259689
test_04045,0.25987219
test_04046,0.43382488
test_04047,0.78982847
test_04048,0.76361676
test_04049,0.54671800
test_04050,0.00806105
test_04051,0.99187141
test_04052,0.59124491
test_04053,0.65483181
test_04054,0.02825412
test_04055,0.91778505
test_04056,0.86730667
test_04057,0.95926986
test_04058,0.74827773
test_04059,0.52428882
test_04060,0.99731626
test_04061,0.49165490
test_04062,0.01767171
test_04063,0.05287314
test_04064,0.99891064
test_04065,0.99463760
test_04066,0.98867971
test_04067,0.70381245
test_04068,0.00494213
test_04069,0.04963781
test_04070,0.05503446
test_04071,0.96559837
test_04072,0.35954459
test_04073,0.00584812
test_04074,0.01769182
test_04075,0.75625663
test_04076,0.99788148
test_04077,0.59628698
test_04078,0.91723904
test_04079,0.02245702
test_04080,0.29255371
test_04081,0.96651599
test_04082,0.00178014
test_04083,0.49686952
test_04084,0.50905525
test_04085,0.00045864
test_04086,0.98389272
test_04087,0.75030688
test_04088,0.97498676
test_04089,0.35225312
test_04090,0.85196899
test_04091,0.73952318
test_04092,0.94307968
test_04093,0.92623711
test_04094,0.37188117
test_04095,0.20999767
test_04096,0.36689844
test_04097,0.56986086
test_04098,0.02734388
test_04099,0.98915155
test_04100,0.98604302
test_04101,0.01027785
test_04102,0.05522673
test_04103,0.36092986
test_04104,0.96208910
test_04105,0.02274013
test_04106,0.00453714
test_04107,0.07131346
test_04108,0.60444936
test_04109,0.61047685
test_04110,0.75923111
test_04111,0.90770623
test_04112,0.38987329
test_04113,0.54880794
test_04114,0.60248879
test_04115,0.50900763
test_04116,0.99671756
test_04117,0.99894097
test_04118,0.11871503
test_04119,0.04843348
test_04120,0.52160197
test_04121,0.60952370
test_04122,0.35207255
test_04123,0.98896767
test_04124,0.60609560
test_04125,0.12206567
test_04126,0.02661054
test_04127,0.01119835
test_04128,0.69146581
test_04129,0.95729500
test_04130,0.06731052
test_04131,0.00228724
test_04132,0.52621090
test_04133,0.05664282
test_04134,0.87995332
test_04135,0.64290515
test_04136,0.57677705
test_04137,0.46739560
test_04138,0.48386224
test_04139,0.96098592
test_04140,0.99329264
test_04141,0.16624204
test_04142,0.55687291
test_04143,0.56714140
test_04144,0.97388100
test_04145,0.59401218
test_04146,0.02971492
test_04147,0.05991763
test_04148,0.55731700
test_04149,0.96359993
test_04150,0.01893217
test_04151,0.79476863
test_04152,0.32389923
test_04153,0.56265091
test_04154,0.27263995
test_04155,0.35922085
test_04156,0.39882675
test_04157,0.98684480
test_04158,0.54269037
test_04159,0.04002355
test_04160,0.95730169
test_04161,0.30546018
test_04162,0.98029181
test_04163,0.05918778
test_04164,0.78807347
test_04165,0.99787667
test_04166,0.41587244
test_04167,0.03163844
test_04168,0.14428606
test_04169,0.74321632
test_04170,0.96826837
test_04171,0.91242097
test_04172,0.02711688
test_04173,0.56201053
test_04174,0.15136183
test_04175,0.58331805
test_04176,0.87559830
test_04177,0.02562215
test_04178,0.93763831
test_04179,0.17793276
test_04180,0.14111418
test_04181,0.95380145
test_04182,0.97716361
test_04183,0.47582168
test_04184,0.96831432
test_04185,0.50155678
test_04186,0.64204133
test_04187,0.91785755
test_04188,0.02715834
test_04189,0.01057907
test_04190,0.80272058
test_04191,0.88330053
test_04192,0.02958736
test_04193,0.03388607
test_04194,0.12761838
test_04195,0.35871930
test_04196,0.94110964
test_04197,0.01982828
test_04198,0.99862501
test_04199,0.19249109
test_04200,0.41416174
test_04201,0.10919438
test_04202,0.96849168
test_04203,0.54854893
test_04204,0.22847155
test_04205,0.15105200
test_04206,0.04087578
test_04207,0.98493416
test_04208,0.32057519
test_04209,0.32575221
test_04210,0.96885608
test_04211,0.97057429
test_04212,0.97629190
test_04213,0.01350289
test_04214,0.98507204
test_04215,0.15840450
test_04216,0.05025451
test_04217,0.65823236
test_04218,0.03744107
test_04219,0.70214885
test_04220,0.23026630
test_04221,0.90537267
test_04222,0.97867886
test_04223,0.85860254
test_04224,0.99344801
test_04225,0.49298908
test_04226,0.80332299
test_04227,0.98462885
test_04228,0.98693848
test_04229,0.59159009
test_04230,0.45899679
test_04231,0.51615459
test_04232,0.93169399
test_04233,0.93892531
test_04234,0.70415816
test_04235,0.61993507
test_04236,0.06818921
test_04237,0.48339938
test_04238,0.00764107
test_04239,0.83446527
test_04240,0.50000641
test_04241,0.93908742
test_04242,0.73547362
test_04243,0.00916116
test_04244,0.99298229
test_04245,0.99910360
test_04246,0.98457634
test_04247,0.99347775
test_04248,0.98490173
test_04249,0.99486168
test_04250,0.85996305
test_04251,0.95439749
test_04252,0.00493964
test_04253,0.17933416
test_04254,0.14738347
test_04255,0.51961840
test_04256,0.99837082
test_04257,0.45088134
test_04258,0.47420949
test_04259,0.97684328
test_04260,0.63523535
test_04261,0.67571581
test_04262,0.48637558
test_04263,0.49146179
test_04264,0.92313722
test_04265,0.99729747
test_04266,0.16142835
test_04267,0.01197844
test_04268,0.99256855
test_04269,0.93278207
test_04270,0.33295320
test_04271,0.30679369
test_04272,0.30246332
test_04273,0.68698880
test_04274,0.00391748
test_04275,0.02536487
test_04276,0.67799446
test_04277,0.47326110
test_04278,0.69479013
test_04279,0.02487122
test_04280,0.26081521
test_04281,0.99256770
test_04282,0.48223376
test_04283,0.00735828
test_04284,0.41718943
test_04285,0.52847206
test_04286,0.00380163
test_04287,0.93156512
test_04288,0.08989980
test_04289,0.99733838
test_04290,0.37624413
test_04291,0.41137344
test_04292,0.40601540
test_04293,0.57457540
test_04294,0.50096289
test_04295,0.26948314
test_04296,0.49716961
test_04297,0.81650273
test_04298,0.96982148
test_04299,0.00192504
test_04300,0.17163048
test_04301,0.96115259
test_04302,0.37784505
test_04303,0.94523082
test_04304,0.90497690
test_04305,0.92576393
test_04306,0.46267430
test_04307,0.51852481
test_04308,0.01401397
test_04309,0.69920280
test_04310,0.99794913
test_04311,0.96173861
test_04312,0.29820425
test_04313,0.38573338
test_04314,0.82742369
test_04315,0.99716382
test_04316,0.01196157
test_04317,0.07977970
test_04318,0.17085127
test_04319,0.19849538
test_04320,0.45338594
test_04321,0.95784602
test_04322,0.56512788
test_04323,0.01080587
test_04324,0.56743771
test_04325,0.99693084
test_04326,0.98449560
test_04327,0.23434787
test_04328,0.43107243
test_04329,0.63721251
test_04330,0.99185832
test_04331,0.98629069
test_04332,0.08543113
test_04333,0.02441334
test_04334,0.71021698
test_04335,0.06405468
test_04336,0.00030646
test_04337,0.91995505
test_04338,0.99576391
test_04339,0.87577983
test_04340,0.22255930
test_04341,0.84710979
test_04342,0.16372805
test_04343,0.96825659
test_04344,0.46316908
test_04345,0.93050654
test_04346,0.32581102
test_04347,0.11358658
test_04348,0.90696887
test_04349,0.71218964
test_04350,0.57101607
test_04351,0.47789193
test_04352,0.05557675
test_04353,0.50270372
test_04354,0.35536452
test_04355,0.96938539
test_04356,0.19025634
test_04357,0.50236482
test_04358,0.03359580
test_04359,0.31146130
test_04360,0.49139035
test_04361,0.55780944
test_04362,0.25970457
test_04363,0.94091115
test_04364,0.91411420
test_04365,0.34842070
test_04366,0.39704595
test_04367,0.34556462
test_04368,0.14298891
test_04369,0.16844305
test_04370,0.02008034
test_04371,0.94712828
test_04372,0.45792267
test_04373,0.11334972
test_04374,0.12334045
test_04375,0.99419831
test_04376,0.02343930
test_04377,0.08763639
test_04378,0.77717483
test_04379,0.03069217
test_04380,0.08993441
test_04381,0.96741340
test_04382,0.05155959
test_04383,0.23544764
test_04384,0.81582668
test_04385,0.54068615
test_04386,0.10478397
test_04387,0.00267677
test_04388,0.04912892
test_04389,0.11129407
test_04390,0.92323976
test_04391,0.96846498
test_04392,0.92906684
test_04393,0.63615201
test_04394,0.99905513
test_04395,0.15212028
test_04396,0.25603966
test_04397,0.53579997
test_04398,0.05412177
test_04399,0.20636123
test_04400,0.07463448
test_04401,0.00737212
test_04402,0.61838016
test_04403,0.80691933
test_04404,0.07646481
test_04405,0.84627858
test_04406,0.99022964
test_04407,0.41810847
test_04408,0.92354958
test_04409,0.92745166
test_04410,0.96459302
test_04411,0.79972919
test_04412,0.85396178
test_04413,0.93420107
test_04414,0.98546504
test_04415,0.01452110
test_04416,0.44895098
test_04417,0.49579600
test_04418,0.00873820
test_04419,0.31196385
test_04420,0.07005185
test_04421,0.97832388
test_04422,0.13090396
test_04423,0.10656694
test_04424,0.29622719
test_04425,0.73214766
test_04426,0.44342118
test_04427,0.84081744
test_04428,0.00301161
test_04429,0.99928036
test_04430,0.78550979
test_04431,0.82181287
test_04432,0.00898139
test_04433,0.15347050
test_04434,0.52244812
test_04435,0.47694416
test_04436,0.08854041
test_04437,0.59411025
test_04438,0.48569280
test_04439,0.02618145
test_04440,0.95525424
test_04441,0.99934222
test_04442,0.81706637
test_04443,0.14001811
test_04444,0.57189757
test_04445,0.91054340
test_04446,0.28836264
test_04447,0.99811967
test_04448,0.27532917
test_04449,0.69680406
test_04450,0.99868667
test_04451,0.00587323
test_04452,0.19521990
test_04453,0.93761180
test_04454,0.13373735
test_04455,0.50743772
test_04456,0.01762109
test_04457,0.30693432
test_04458,0.82013957
test_04459,0.06460829
test_04460,0.01011440
test_04461,0.88860822
test_04462,0.15137143
test_04463,0.74432396
test_04464,0.67258630
test_04465,0.49850703
test_04466,0.00340511
test_04467,0.95686171
test_04468,0.04068671
test_04469,0.05154777
test_04470,0.18287820
test_04471,0.54993042
test_04472,0.58825873
test_04473,0.00799185
test_04474,0.21328539
test_04475,0.05473537
test_04476,0.20985640
test_04477,0.09992205
test_04478,0.96449783
test_04479,0.48660875
test_04480,0.54489615
test_04481,0.84815292
test_04482,0.31662261
test_04483,0.96654151
test_04484,0.68710350
test_04485,0.78241116
test_04486,0.88765859
test_04487,0.45225816
test_04488,0.95486851
test_04489,0.00355432
test_04490,0.52010358
test_04491,0.51405029
test_04492,0.20674463
test_04493,0.32923659
test_04494,0.48562754
test_04495,0.52660930
test_04496,0.22790497
test_04497,0.08201001
test_04498,0.47545370
test_04499,0.22737549
test_04500,0.54293380
test_04501,0.02520634
test_04502,0.98963785
test_04503,0.02519853
test_04504,0.40224128
test_04505,0.30052891
test_04506,0.95230719
test_04507,0.23129026
test_04508,0.00702275
test_04509,0.12815442
test_04510,0.40352658
test_04511,0.03193281
test_04512,0.90189410
test_04513,0.33909085
test_04514,0.95091017
test_04515,0.06434416
test_04516,0.91685222
test_04517,0.97794117
test_04518,0.00781379
test_04519,0.44469834
test_04520,0.13072316
test_04521,0.99670326
test_04522,0.99747008
test_04523,0.10222595
test_04524,0.70111244
test_04525,0.41110732
test_04526,0.98379661
test_04527,0.62366179
test_04528,0.55776225
test_04529,0.01674701
test_04530,0.03793993
test_04531,0.14948600
test_04532,0.52978607
test_04533,0.40138626
test_04534,0.40871002
test_04535,0.55953027
test_04536,0.04440660
test_04537,0.18151194
test_04538,0.50333061
test_04539,0.88392607
test_04540,0.99611901
test_04541,0.99032368
test_04542,0.09849246
test_04543,0.00313745
test_04544,0.04884292
test_04545,0.92817997
test_04546,0.98672911
test_04547,0.55881687
test_04548,0.71845005
test_04549,0.00068376
test_04550,0.81803515
test_04551,0.96282681
test_04552,0.37202902
test_04553,0.27879707
test_04554,0.32931293
test_04555,0.40523100
test_04556,0.68864174
test_04557,0.23565616
test_04558,0.01349031
test_04559,0.00046123
test_04560,0.05735288
test_04561,0.03275672
test_04562,0.02629400
test_04563,0.97781109
test_04564,0.00026798
test_04565,0.94904811
test_04566,0.01429639
test_04567,0.99012512
test_04568,0.63742533
test_04569,0.64340504
test_04570,0.04631641
test_04571,0.00256971
test_04572,0.86355518
test_04573,0.58896309
test_04574,0.05734896
test_04575,0.96646489
test_04576,0.99089754
test_04577,0.98306889
test_04578,0.99464310
test_04579,0.30543888
test_04580,0.20611149
test_04581,0.06151891
test_04582,0.05227869
test_04583,0.97913635
test_04584,0.68185295
test_04585,0.42934737
test_04586,0.08414385
test_04587,0.61696492
test_04588,0.78354270
test_04589,0.86959496
test_04590,0.72171482
test_04591,0.97492333
test_04592,0.29956086
test_04593,0.87092492
test_04594,0.02094853
test_04595,0.91983143
test_04596,0.45469056
test_04597,0.10450081
test_04598,0.01705995
test_04599,0.54452393
test_04600,0.25616554
test_04601,0.04319748
test_04602,0.25758161
test_04603,0.55761542
test_04604,0.09519289
test_04605,0.91263274
test_04606,0.93600654
test_04607,0.01961583
test_04608,0.03423270
test_04609,0.82147438
test_04610,0.17165410
test_04611,0.99921263
test_04612,0.98056389
test_04613,0.66432249
test_04614,0.99904302
test_04615,0.88247338
test_04616,0.76553740
test_04617,0.36623862
test_04618,0.67007659
test_04619,0.50684226
test_04620,0.05615714
test_04621,0.90916639
test_04622,0.71575307
test_04623,0.97684706
test_04624,0.52458966
test_04625,0.68444264
test_04626,0.01669077
test_04627,0.41736106
test_04628,0.94268105
test_04629,0.93059782
test_04630,0.89832914
test_04631,0.99516213
test_04632,0.45050455
test_04633,0.42767244
test_04634,0.95473299
test_04635,0.92850682
test_04636,0.78919989
test_04637,0.97141945
test_04638,0.67142852
test_04639,0.58910067
test_04640,0.94445412
test_04641,0.69617949
test_04642,0.54706343
test_04643,0.65773352
test_04644,0.98680099
test_04645,0.91592233
test_04646,0.83658039
test_04647,0.96004867
test_04648,0.51278635
test_04649,0.79495108
test_04650,0.02070379
test_04651,0.87757213
test_04652,0.01055141
test_04653,0.99449032
test_04654,0.41153199
test_04655,0.73985622
test_04656,0.00224662
test_04657,0.97486067
test_04658,0.90316515
test_04659,0.73359446
test_04660,0.44817326
test_04661,0.48277771
test_04662,0.01004055
test_04663,0.20230769
test_04664,0.18220156
test_04665,0.98589659
test_04666,0.01402632
test_04667,0.64777496
test_04668,0.27703455
test_04669,0.67411695
test_04670,0.96080765
test_04671,0.40986821
test_04672,0.37290250
test_04673,0.44762464
test_04674,0.40680122
test_04675,0.43201216
test_04676,0.47119015
test_04677,0.91779269
test_04678,0.97532041
test_04679,0.06559004
test_04680,0.83062604
test_04681,0.98427260
test_04682,0.09479155
test_04683,0.12306876
test_04684,0.31968489
test_04685,0.88520925
test_04686,0.99948654
test_04687,0.99465333
test_04688,0.50075094
test_04689,0.85172939
test_04690,0.99381199
test_04691,0.13527401
test_04692,0.01239922
test_04693,0.74655286
test_04694,0.79042278
test_04695,0.01342086
test_04696,0.99781137
test_04697,0.49069324
test_04698,0.07456572
test_04699,0.43358059
test_04700,0.99644149
test_04701,0.49447326
test_04702,0.15532541
test_04703,0.58601519
test_04704,0.37586012
test_04705,0.60683216
test_04706,0.00341031
test_04707,0.50273568
test_04708,0.30022843
test_04709,0.24785896
test_04710,0.73701978
test_04711,0.81804999
test_04712,0.99700579
test_04713,0.67562797
test_04714,0.01306360
test_04715,0.88165591
test_04716,0.06855142
test_04717,0.28061742
test_04718,0.24484569
test_04719,0.16743762
test_04720,0.97818286
test_04721,0.79577770
test_04722,0.71549941
test_04723,0.97116404
test_04724,0.98362315
test_04725,0.77771065
test_04726,0.50079983
test_04727,0.70361137
test_04728,0.97213414
test_04729,0.03674340
test_04730,0.00037548
test_04731,0.02683606
test_04732,0.83453474
test_04733,0.33232067
test_04734,0.85051431
test_04735,0.99846965
test_04736,0.30410891
test_04737,0.18427296
test_04738,0.15420093
test_04739,0.27192641
test_04740,0.75506825
test_04741,0.53536648
test_04742,0.56109490
test_04743,0.51745147
test_04744,0.91433536
test_04745,0.64173307
test_04746,0.25831305
test_04747,0.31329693
test_04748,0.26126964
test_04749,0.97810046
test_04750,0.51441698
test_04751,0.76666764
test_04752,0.05719052
test_04753,0.98438472
test_04754,0.24615351
test_04755,0.14072477
test_04756,0.18911508
test_04757,0.08256409
test_04758,0.00335534
test_04759,0.90907062
test_04760,0.97322917
test_04761,0.55887692
test_04762,0.13254329
test_04763,0.26625058
test_04764,0.93066916
test_04765,0.56783056
test_04766,0.45548024
test_04767,0.99619822
test_04768,0.13140488
test_04769,0.98616781
test_04770,0.99487284
test_04771,0.01003795
test_04772,0.52383249
test_04773,0.83789195
test_04774,0.02778416
test_04775,0.95533270
test_04776,0.96631221
test_04777,0.43770118
test_04778,0.87781955
test_04779,0.05821453
test_04780,0.97366453
test_04781,0.08051244
test_04782,0.02046578
test_04783,0.76232221
test_04784,0.40384352
test_04785,0.97588590
test_04786,0.08977249
test_04787,0.76920121
test_04788,0.12866182
test_04789,0.02059401
test_04790,0.99300797
test_04791,0.14915910
test_04792,0.77467692
test_04793,0.99169080
test_04794,0.23763220
test_04795,0.07266449
test_04796,0.24374797
test_04797,0.95832643
test_04798,0.92791352
test_04799,0.43513323
test_04800,0.79887196
test_04801,0.30831938
test_04802,0.48626293
test_04803,0.92599857
test_04804,0.72868407
test_04805,0.06004188
test_04806,0.67608004
test_04807,0.47265364
test_04808,0.50190047
test_04809,0.99506128
test_04810,0.44863522
test_04811,0.12200431
test_04812,0.99379860
test_04813,0.98471483
test_04814,0.00348797
test_04815,0.96301998
test_04816,0.52996951
test_04817,0.10832522
test_04818,0.47491680
test_04819,0.28512858
test_04820,0.15203620
test_04821,0.78821367
test_04822,0.69801373
test_04823,0.99682772
test_04824,0.27554315
test_04825,0.33941181
test_04826,0.76039373
test_04827,0.06722756
test_04828,0.77095218
test_04829,0.99839917
test_04830,0.22497993
test_04831,0.43667413
test_04832,0.86966215
test_04833,0.31212969
test_04834,0.18612110
test_04835,0.99885582
test_04836,0.02991263
test_04837,0.53586850
test_04838,0.18622434
test_04839,0.02061990
test_04840,0.12229740
test_04841,0.26090086
test_04842,0.91567293
test_04843,0.07461542
test_04844,0.05447375
test_04845,0.99971627
test_04846,0.01884996
test_04847,0.73841798
test_04848,0.41108244
test_04849,0.65942136
test_04850,0.96971649
test_04851,0.97973198
test_04852,0.55006306
test_04853,0.24579989
test_04854,0.45198536
test_04855,0.99657135
test_04856,0.16918403
test_04857,0.35105176
test_04858,0.64182289
test_04859,0.33366382
test_04860,0.08760753
test_04861,0.99101122
test_04862,0.13852929
test_04863,0.47964148
test_04864,0.85328070
test_04865,0.37521792
test_04866,0.02449866
test_04867,0.47977714
test_04868,0.02264679
test_04869,0.70829355
test_04870,0.98072454
test_04871,0.98882711
test_04872,0.96087574
test_04873,0.81655339
test_04874,0.13747912
test_04875,0.97899917
test_04876,0.00792090
test_04877,0.76761099
test_04878,0.16486989
test_04879,0.62315219
test_04880,0.23462008
test_04881,0.26942929
test_04882,0.94594754
test_04883,0.85623100
test_04884,0.00992557
test_04885,0.28214627
test_04886,0.57056639
test_04887,0.46344247
test_04888,0.21691531
test_04889,0.89048640
test_04890,0.06154151
test_04891,0.99597184
test_04892,0.43617747
test_04893,0.50181120
test_04894,0.19123557
test_04895,0.01632362
test_04896,0.38749170
test_04897,0.03929542
test_04898,0.02252549
test_04899,0.07886198
test_04900,0.88354956
test_04901,0.71138838
test_04902,0.00794474
test_04903,0.92312228
test_04904,0.96318013
test_04905,0.05157409
test_04906,0.97345899
test_04907,0.79149696
test_04908,0.45605444
test_04909,0.95095329
test_04910,0.71783898
test_04911,0.57323381
test_04912,0.97728528
test_04913,0.90926637
test_04914,0.01333918
test_04915,0.97086528
test_04916,0.02827779
test_04917,0.95352799
test_04918,0.96815789
test_04919,0.47031132
test_04920,0.49464834
test_04921,0.99921028
test_04922,0.00196432
test_04923,0.30545839
test_04924,0.05058667
test_04925,0.99640576
test_04926,0.99455119
test_04927,0.00539253
test_04928,0.13938232
test_04929,0.99626823
test_04930,0.30999805
test_04931,0.97217106
test_04932,0.98545114
test_04933,0.99308215
test_04934,0.23647776
test_04935,0.22564450
test_04936,0.71194644
test_04937,0.07057773
test_04938,0.04856042
test_04939,0.94575892
test_04940,0.98935738
test_04941,0.91569161
test_04942,0.50562527
test_04943,0.95944234
test_04944,0.87486715
test_04945,0.18648309
test_04946,0.03356079
test_04947,0.74527772
test_04948,0.63587528
test_04949,0.64515915
test_04950,0.36638616
test_04951,0.15051115
test_04952,0.90711030
test_04953,0.48230695
test_04954,0.88339337
test_04955,0.85504753
test_04956,0.53363420
test_04957,0.56813757
test_04958,0.09113359
test_04959,0.15036809
test_04960,0.67076946
test_04961,0.47400780
test_04962,0.52389495
test_04963,0.10390137
test_04964,0.50152156
test_04965,0.75378415
test_04966,0.99989522
test_04967,0.46230412
test_04968,0.52610644
test_04969,0.56941989
test_04970,0.97883524
test_04971,0.99649295
test_04972,0.00044657
test_04973,0.94568017
test_04974,0.98752049
test_04975,0.04161311
test_04976,0.04122506
test_04977,0.00471660
test_04978,0.01998765
test_04979,0.13849604
test_04980,0.92392618
test_04981,0.98949387
test_04982,0.97474570
test_04983,0.40776372
test_04984,0.25452903
test_04985,0.85429531
test_04986,0.23111735
test_04987,0.99990046
test_04988,0.00800116
test_04989,0.28469213
test_04990,0.97493468
test_04991,0.14911324
test_04992,0.01357684
test_04993,0.99277845
test_04994,0.00951152
test_04995,0.73898065
test_04996,0.55167402
test_04997,0.00484403
test_04998,0.04640280
test_04999,0.16718687
test_05000,0.95406219
test_05001,0.99508907
test_05002,0.09551563
test_05003,0.58179545
test_05004,0.48347462
test_05005,0.88172850
test_05006,0.03678010
test_05007,0.50417060
test_05008,0.99734561
test_05009,0.97475274
test_05010,0.35146104
test_05011,0.39345678
test_05012,0.94216093
test_05013,0.53881239
test_05014,0.81663534
test_05015,0.95954686
test_05016,0.40080091
test_05017,0.99425743
test_05018,0.49407962
test_05019,0.01613719
test_05020,0.96018031
test_05021,0.15835148
test_05022,0.99446467
test_05023,0.92597093
test_05024,0.52211377
test_05025,0.07190541
test_05026,0.88383322
test_05027,0.91936248
test_05028,0.99773906
test_05029,0.96749775
test_05030,0.92798049
test_05031,0.36745146
test_05032,0.91044391
test_05033,0.96009672
test_05034,0.11157106
test_05035,0.26003440
test_05036,0.81073116
test_05037,0.99614126
test_05038,0.06010539
test_05039,0.98368120
test_05040,0.58076646
test_05041,0.99858460
test_05042,0.81333870
test_05043,0.87366653
test_05044,0.92584414
test_05045,0.83755617
test_05046,0.00393209
test_05047,0.99567762
test_05048,0.46140767
test_05049,0.99884673
test_05050,0.49858432
test_05051,0.30698321
test_05052,0.55524923
test_05053,0.99954536
test_05054,0.35750771
test_05055,0.10961534
test_05056,0.62543800
test_05057,0.99704851
test_05058,0.98141523
test_05059,0.05070860
test_05060,0.98780309
test_05061,0.96473646
test_05062,0.04958155
test_05063,0.81078061
test_05064,0.98344975
test_05065,0.47049488
test_05066,0.04581685
test_05067,0.67688789
test_05068,0.97044095
test_05069,0.54617822
test_05070,0.19465019
test_05071,0.11939732
test_05072,0.39115622
test_05073,0.03826129
test_05074,0.11928683
test_05075,0.97100966
test_05076,0.66673668
test_05077,0.00542764
test_05078,0.96456886
test_05079,0.44280798
test_05080,0.99790838
test_05081,0.04389903
test_05082,0.40611468
test_05083,0.96195482
test_05084,0.71049326
test_05085,0.98576713
test_05086,0.62376021
test_05087,0.50934914
test_05088,0.94109907
test_05089,0.38427924
test_05090,0.44047701
test_05091,0.95947442
test_05092,0.00954393
test_05093,0.04434539
test_05094,0.51501436
test_05095,0.63545621
test_05096,0.01432614
test_05097,0.67687695
test_05098,0.03083668
test_05099,0.98689653
test_05100,0.05226125
test_05101,0.49531630
test_05102,0.22926709
test_05103,0.99386971
test_05104,0.06664621
test_05105,0.65241409
test_05106,0.86534678
test_05107,0.36655820
test_05108,0.01345934
test_05109,0.09045128
test_05110,0.81067383
test_05111,0.62225255
test_05112,0.77220213
test_05113,0.47734437
test_05114,0.44715010
test_05115,0.01021778
test_05116,0.03392334
test_05117,0.68909293
test_05118,0.35262208
test_05119,0.59283125
test_05120,0.97401080
test_05121,0.28536764
test_05122,0.03443311
test_05123,0.03400327
test_05124,0.05213828
test_05125,0.96610529
test_05126,0.53681655
test_05127,0.71106890
test_05128,0.10333615
test_05129,0.82580262
test_05130,0.44651595
test_05131,0.13118875
test_05132,0.48614918
test_05133,0.14595857
test_05134,0.51237395
test_05135,0.02122353
test_05136,0.49241038
test_05137,0.87994937
test_05138,0.58731715
test_05139,0.75110159
test_05140,0.88554865
test_05141,0.24593893
test_05142,0.54207681
test_05143,0.30992878
test_05144,0.52091732
test_05145,0.99469016
test_05146,0.74478707
test_05147,0.80252050
test_05148,0.12979488
test_05149,0.22041290
test_05150,0.00743810
test_05151,0.78384060
test_05152,0.78751873
test_05153,0.44615404
test_05154,0.01326441
test_05155,0.33592880
test_05156,0.56948781
test_05157,0.42568407
test_05158,0.96628291
test_05159,0.19534041
test_05160,0.61958214
test_05161,0.92460584
test_05162,0.01899891
test_05163,0.18582488
test_05164,0.45506914
test_05165,0.17785029
test_05166,0.59844887
test_05167,0.25532930
test_05168,0.86220036
test_05169,0.56607751
test_05170,0.01691773
test_05171,0.76747237
test_05172,0.86869882
test_05173,0.16140945
test_05174,0.76092850
test_05175,0.02623518
test_05176,0.00340446
test_05177,0.53644097
test_05178,0.78344312
test_05179,0.00275317
test_05180,0.44390162
test_05181,0.29958469
test_05182,0.15389264
test_05183,0.38689910
test_05184,0.94311940
test_05185,0.99150586
test_05186,0.91246823
test_05187,0.78937940
test_05188,0.88703288
test_05189,0.79397370
test_05190,0.81494694
test_05191,0.71866207
test_05192,0.00421205
test_05193,0.09352863
test_05194,0.94020844
test_05195,0.11489901
test_05196,0.03976776
test_05197,0.04411539
test_05198,0.79189006
test_05199,0.51319252
test_05200,0.98496481
test_05201,0.94708354
test_05202,0.95997946
test_05203,0.92570388
test_05204,0.00097539
test_05205,0.42570601
test_05206,0.63190793
test_05207,0.35460929
test_05208,0.96353193
test_05209,0.45410880
test_05210,0.85771790
test_05211,0.57016082
test_05212,0.99898103
test_05213,0.46710988
test_05214,0.24307674
test_05215,0.97371093
test_05216,0.99456423
test_05217,0.57771037
test_05218,0.68115550
test_05219,0.49306640
test_05220,0.99080630
test_05221,0.08907045
test_05222,0.39203158
test_05223,0.99679450
test_05224,0.11127092
test_05225,0.99832223
test_05226,0.00679005
test_05227,0.98664255
test_05228,0.50175775
test_05229,0.16577297
test_05230,0.21558449
test_05231,0.00777193
test_05232,0.00764892
test_05233,0.50325435
test_05234,0.02067453
test_05235,0.98842612
test_05236,0.93603802
test_05237,0.90464595
test_05238,0.04904273
test_05239,0.85136572
test_05240,0.99366550
test_05241,0.29056519
test_05242,0.38852052
test_05243,0.99056795
test_05244,0.51312057
test_05245,0.00270242
test_05246,0.49431551
test_05247,0.01867890
test_05248,0.05570247
test_05249,0.50069697
test_05250,0.87304124
test_05251,0.81597861
test_05252,0.22091203
test_05253,0.01637334
test_05254,0.95016908
test_05255,0.95553956
test_05256,0.01411137
test_05257,0.59974282
test_05258,0.21818845
test_05259,0.03297269
test_05260,0.61225850
test_05261,0.76751019
test_05262,0.62439283
test_05263,0.97265003
test_05264,0.97535377
test_05265,0.00200368
test_05266,0.98541786
test_05267,0.95352599
test_05268,0.57799723
test_05269,0.93049355
test_05270,0.94852896
test_05271,0.59562448
test_05272,0.70991360
test_05273,0.00430086
test_05274,0.25776792
test_05275,0.16142017
test_05276,0.80329123
test_05277,0.17033055
test_05278,0.68126272
test_05279,0.00682322
test_05280,0.07629652
test_05281,0.97516454
test_05282,0.16527953
test_05283,0.95992136
test_05284,0.51226471
test_05285,0.26848347
test_05286,0.67057728
test_05287,0.25404982
test_05288,0.99301201
test_05289,0.97715212
test_05290,0.95300032
test_05291,0.00038925
test_05292,0.91331650
test_05293,0.00449243
test_05294,0.73703563
test_05295,0.91493275
test_05296,0.29384485
test_05297,0.00944266
test_05298,0.72659214
test_05299,0.99363977
test_05300,0.10758217
test_05301,0.00059451
test_05302,0.01034983
test_05303,0.91278247
test_05304,0.03076963
test_05305,0.94249683
test_05306,0.48650065
test_05307,0.88750583
test_05308,0.71818244
test_05309,0.00194445
test_05310,0.34821297
test_05311,0.96410334
test_05312,0.95581395
test_05313,0.80231179
test_05314,0.82250878
test_05315,0.21253892
test_05316,0.84691004
test_05317,0.99817342
test_05318,0.42529475
test_05319,0.99859402
test_05320,0.94548576
test_05321,0.88014264
test_05322,0.45753030
test_05323,0.98612819
test_05324,0.98280639
test_05325,0.81911889
test_05326,0.99637816
test_05327,0.51892222
test_05328,0.09383834
test_05329,0.99887386
test_05330,0.15205509
test_05331,0.20717145
test_05332,0.07467583
test_05333,0.52489614
test_05334,0.12607276
test_05335,0.48770731
test_05336,0.52856394
test_05337,0.99655412
test_05338,0.91552856
test_05339,0.00174754
test_05340,0.99301164
test_05341,0.11794062
test_05342,0.04171631
test_05343,0.78515360
test_05344,0.06360088
test_05345,0.09024142
test_05346,0.59785811
test_05347,0.47953330
test_05348,0.73163813
test_05349,0.56204492
test_05350,0.45111858
test_05351,0.79808527
test_05352,0.02139554
test_05353,0.00676837
test_05354,0.00217218
test_05355,0.02607534
test_05356,0.01815624
test_05357,0.93115108
test_05358,0.11382422
test_05359,0.30231014
test_05360,0.01051949
test_05361,0.61240200
test_05362,0.62287702
test_05363,0.01358377
test_05364,0.99916314
test_05365,0.36946423
test_05366,0.38827113
test_05367,0.01031746
test_05368,0.42439291
test_05369,0.14679178
test_05370,0.98322752
test_05371,0.11975002
test_05372,0.50740544
test_05373,0.81729439
test_05374,0.11476380
test_05375,0.00113287
test_05376,0.15774586
test_05377,0.59975561
test_05378,0.98085813
test_05379,0.72676670
test_05380,0.43254865
test_05381,0.86734652
test_05382,0.57628346
test_05383,0.68143526
test_05384,0.45824421
test_05385,0.82244815
test_05386,0.50166225
test_05387,0.70907843
test_05388,0.96534827
test_05389,0.02197000
test_05390,0.87829701
test_05391,0.99731283
test_05392,0.50821904
test_05393,0.91435922
test_05394,0.91109616
test_05395,0.90322904
test_05396,0.48925057
test_05397,0.40853055
test_05398,0.97855193
test_05399,0.80273122
test_05400,0.77900229
test_05401,0.49798860
test_05402,0.98176229
test_05403,0.91907808
test_05404,0.93373338
test_05405,0.08181909
test_05406,0.99586905
test_05407,0.71291497
test_05408,0.88636016
test_05409,0.01180589
test_05410,0.69604522
test_05411,0.90989028
test_05412,0.95870990
test_05413,0.07755424
test_05414,0.28166121
test_05415,0.20977862
test_05416,0.82734276
test_05417,0.24371773
test_05418,0.99798815
test_05419,0.99032015
test_05420,0.01138030
test_05421,0.75533461
test_05422,0.96546592
test_05423,0.48382782
test_05424,0.02422549
test_05425,0.34752386
test_05426,0.01014416
test_05427,0.02362680
test_05428,0.99526592
test_05429,0.67409231
test_05430,0.60535402
test_05431,0.19243888
test_05432,0.99694797
test_05433,0.96956516
test_05434,0.97657808
test_05435,0.92343006
test_05436,0.31063090
test_05437,0.89408530
test_05438,0.38584219
test_05439,0.15771854
test_05440,0.14934010
test_05441,0.99866278
test_05442,0.99157361
test_05443,0.26724918
test_05444,0.99473393
test_05445,0.17542123
test_05446,0.21940337
test_05447,0.80349073
test_05448,0.99362335
test_05449,0.36757298
test_05450,0.68251816
test_05451,0.48519063
test_05452,0.96460486
test_05453,0.96983488
test_05454,0.41961684
test_05455,0.01372937
test_05456,0.01422493
test_05457,0.00596292
test_05458,0.45379854
test_05459,0.00089990
test_05460,0.63437675
test_05461,0.34310921
test_05462,0.59434149
test_05463,0.99842663
test_05464,0.92771356
test_05465,0.48596797
test_05466,0.74227916
test_05467,0.05360008
test_05468,0.92112906
test_05469,0.68832797
test_05470,0.30523076
test_05471,0.12738165
test_05472,0.59716593
test_05473,0.97431166
test_05474,0.00127400
test_05475,0.02422556
test_05476,0.33756909
test_05477,0.40601426
test_05478,0.89518392
test_05479,0.61451443
test_05480,0.04931104
test_05481,0.95584799
test_05482,0.13183240
test_05483,0.63882842
test_05484,0.21710773
test_05485,0.00557777
test_05486,0.81588817
test_05487,0.52752461
test_05488,0.99447342
test_05489,0.39081628
test_05490,0.02935898
test_05491,0.50106672
test_05492,0.01876675
test_05493,0.03321201
test_05494,0.97439047
test_05495,0.99193592
test_05496,0.85708026
test_05497,0.35436596
test_05498,0.23398679
test_05499,0.03435913
test_05500,0.95562594
test_05501,0.90318299
test_05502,0.00098626
test_05503,0.04364377
test_05504,0.73663640
test_05505,0.61793074
test_05506,0.18950104
test_05507,0.01886841
test_05508,0.98291050
test_05509,0.01038362
test_05510,0.94593374
test_05511,0.93616923
test_05512,0.03560202
test_05513,0.41180215
test_05514,0.07193928
test_05515,0.08102702
test_05516,0.00503446
test_05517,0.00349003
test_05518,0.00879916
test_05519,0.19888308
test_05520,0.59098769
test_05521,0.98362108
test_05522,0.24271643
test_05523,0.96515969
test_05524,0.88315497
test_05525,0.23478673
test_05526,0.06704537
test_05527,0.95897172
test_05528,0.31627267
test_05529,0.67144427
test_05530,0.44044550
test_05531,0.40016954
test_05532,0.79209862
test_05533,0.96706779
test_05534,0.97053924
test_05535,0.99475105
test_05536,0.56444396
test_05537,0.88585708
test_05538,0.51962251
test_05539,0.98536524
test_05540,0.53993507
test_05541,0.16759933
test_05542,0.43014592
test_05543,0.00865593
test_05544,0.90818968
test_05545,0.01492769
test_05546,0.07036528
test_05547,0.05611538
test_05548,0.67016550
test_05549,0.75190884
test_05550,0.00174107
test_05551,0.89870720
test_05552,0.49514436
test_05553,0.88442103
test_05554,0.66747312
test_05555,0.99847779
test_05556,0.99487236
test_05557,0.98869249
test_05558,0.39181991
test_05559,0.01974885
test_05560,0.87728224
test_05561,0.29243444
test_05562,0.99626547
test_05563,0.53214977
test_05564,0.88655702
test_05565,0.65001666
test_05566,0.29907421
test_05567,0.89186580
test_05568,0.98790139
test_05569,0.50297544
test_05570,0.10451684
test_05571,0.92982507
test_05572,0.98316409
test_05573,0.77816244
test_05574,0.17326152
test_05575,0.56065868
test_05576,0.15338398
test_05577,0.99671798
test_05578,0.96798826
test_05579,0.00237563
test_05580,0.14026911
test_05581,0.14305530
test_05582,0.88892364
test_05583,0.37508074
test_05584,0.96806245
test_05585,0.37444339
test_05586,0.04949619
test_05587,0.15162813
test_05588,0.98167624
test_05589,0.18431270
test_05590,0.61548873
test_05591,0.47255388
test_05592,0.08095065
test_05593,0.83079254
test_05594,0.99570846
test_05595,0.87825676
test_05596,0.60583293
test_05597,0.01081710
test_05598,0.31569434
test_05599,0.02807546
test_05600,0.99105313
test_05601,0.97003350
test_05602,0.33164324
test_05603,0.54725490
test_05604,0.83563458
test_05605,0.72773170
test_05606,0.11398025
test_05607,0.43564638
test_05608,0.02788408
test_05609,0.06190976
test_05610,0.88102083
test_05611,0.18355676
test_05612,0.97616398
test_05613,0.17176214
test_05614,0.26298098
test_05615,0.97036534
test_05616,0.39468015
test_05617,0.15353751
test_05618,0.00335766
test_05619,0.05047730
test_05620,0.18518946
test_05621,0.85026330
test_05622,0.87942755
test_05623,0.00494019
test_05624,0.57637948
test_05625,0.11322403
test_05626,0.81698582
test_05627,0.25073667
test_05628,0.32582713
test_05629,0.22597131
test_05630,0.15698648
test_05631,0.33260259
test_05632,0.99043739
test_05633,0.99898360
test_05634,0.95371632
test_05635,0.02902773
test_05636,0.98166185
test_05637,0.57234928
test_05638,0.33329052
test_05639,0.51268969
test_05640,0.78555734
test_05641,0.38345974
test_05642,0.99467609
test_05643,0.47955711
test_05644,0.46953402
test_05645,0.92143187
test_05646,0.28182034
test_05647,0.40245174
test_05648,0.00190654
test_05649,0.02937034
test_05650,0.94681431
test_05651,0.03026963
test_05652,0.94308021
test_05653,0.20307810
test_05654,0.51439895
test_05655,0.98913530
test_05656,0.57461143
test_05657,0.26913225
test_05658,0.00330861
test_05659,0.98520058
test_05660,0.93810303
test_05661,0.37436540
test_05662,0.99339504
test_05663,0.95943550
test_05664,0.55445436
test_05665,0.41869235
test_05666,0.01200380
test_05667,0.00482806
test_05668,0.27519101
test_05669,0.61231163
test_05670,0.10593798
test_05671,0.60270694
test_05672,0.98471687
test_05673,0.09609980
test_05674,0.16319317
test_05675,0.50067699
test_05676,0.46071426
test_05677,0.46418836
test_05678,0.00490551
test_05679,0.94903008
test_05680,0.01221147
test_05681,0.02871447
test_05682,0.98643424
test_05683,0.05690882
test_05684,0.44000958
test_05685,0.52545280
test_05686,0.94844274
test_05687,0.36505103
test_05688,0.79531196
test_05689,0.98115411
test_05690,0.16609413
test_05691,0.99476106
test_05692,0.50162653
test_05693,0.63723647
test_05694,0.72409023
test_05695,0.00189219
test_05696,0.97990200
test_05697,0.48879115
test_05698,0.12917638
test_05699,0.64682257
test_05700,0.99927551
test_05701,0.95671918
test_05702,0.45440288
test_05703,0.98669698
test_05704,0.99467610
test_05705,0.42512657
test_05706,0.21309370
test_05707,0.93467912
test_05708,0.21116332
test_05709,0.21671212
test_05710,0.81844885
test_05711,0.37014754
test_05712,0.62732627
test_05713,0.09450348
test_05714,0.82905895
test_05715,0.14370421
test_05716,0.99772014
test_05717,0.69725534
test_05718,0.92836935
test_05719,0.00498109
test_05720,0.04835043
test_05721,0.91420500
test_05722,0.72144861
test_05723,0.00454785
test_05724,0.97032233
test_05725,0.43290078
test_05726,0.01517741
test_05727,0.79789572
test_05728,0.99862278
test_05729,0.38566599
test_05730,0.99940276
test_05731,0.85641486
test_05732,0.05447189
test_05733,0.71717863
test_05734,0.51277963
test_05735,0.31917914
test_05736,0.36696935
test_05737,0.07149692
test_05738,0.36375846
test_05739,0.48734399
test_05740,0.49997588
test_05741,0.12275086
test_05742,0.48895258
test_05743,0.04822112
test_05744,0.22534951
test_05745,0.84816057
test_05746,0.00910422
test_05747,0.50639565
test_05748,0.46644883
test_05749,0.95868682
test_05750,0.27017455
test_05751,0.00898170
test_05752,0.01005412
test_05753,0.05361341
test_05754,0.99843606
test_05755,0.93433358
test_05756,0.06548514
test_05757,0.49948807
test_05758,0.19267542
test_05759,0.38835352
test_05760,0.97773879
test_05761,0.35877696
test_05762,0.04030110
test_05763,0.97939821
test_05764,0.93285741
test_05765,0.81060125
test_05766,0.34413028
test_05767,0.13246937
test_05768,0.12455983
test_05769,0.31904459
test_05770,0.64699485
test_05771,0.51478568
test_05772,0.51937784
test_05773,0.90439363
test_05774,0.97119190
test_05775,0.57545626
test_05776,0.00131257
test_05777,0.57933024
test_05778,0.97700740
test_05779,0.14146137
test_05780,0.82507281
test_05781,0.91803541
test_05782,0.91227587
test_05783,0.95866847
test_05784,0.67533536
test_05785,0.97239056
test_05786,0.52358821
test_05787,0.26446776
test_05788,0.82096408
test_05789,0.61806726
test_05790,0.87978715
test_05791,0.05166118
test_05792,0.37770358
test_05793,0.98838343
test_05794,0.94744185
test_05795,0.79227116
test_05796,0.97980566
test_05797,0.96057130
test_05798,0.98923472
test_05799,0.86295899
test_05800,0.96746039
test_05801,0.33033618
test_05802,0.01007653
test_05803,0.91985922
test_05804,0.57058835
test_05805,0.79652712
test_05806,0.19985191
test_05807,0.06659910
test_05808,0.75313944
test_05809,0.78193793
test_05810,0.95832846
test_05811,0.30990333
test_05812,0.98976422
test_05813,0.60698857
test_05814,0.99637979
test_05815,0.54860460
test_05816,0.01924264
test_05817,0.78142342
test_05818,0.99947667
test_05819,0.80303501
test_05820,0.02339064
test_05821,0.94101358
test_05822,0.27702348
test_05823,0.53420006
test_05824,0.41765738
test_05825,0.41509797
test_05826,0.49554588
test_05827,0.00154914
test_05828,0.44285000
test_05829,0.38705324
test_05830,0.24212342
test_05831,0.21692621
test_05832,0.57711002
test_05833,0.63827560
test_05834,0.13132054
test_05835,0.99315655
test_05836,0.95463264
test_05837,0.01298939
test_05838,0.02451169
test_05839,0.60088671
test_05840,0.99720764
test_05841,0.42131215
test_05842,0.00305851
test_05843,0.98972030
test_05844,0.05933163
test_05845,0.05060889
test_05846,0.45064107
test_05847,0.54346989
test_05848,0.04806269
test_05849,0.01822295
test_05850,0.48530326
test_05851,0.06444864
test_05852,0.99784947
test_05853,0.92139977
test_05854,0.46406397
test_05855,0.59187050
test_05856,0.87906130
test_05857,0.98868991
test_05858,0.07500916
test_05859,0.06495264
test_05860,0.02917677
test_05861,0.00554182
test_05862,0.18751641
test_05863,0.06622690
test_05864,0.39560570
test_05865,0.02221537
test_05866,0.47452938
test_05867,0.71508765
test_05868,0.56345853
test_05869,0.92575666
test_05870,0.17839224
test_05871,0.79405313
test_05872,0.59379969
test_05873,0.24102594
test_05874,0.46449626
test_05875,0.25552805
test_05876,0.10641372
test_05877,0.94221426
test_05878,0.97847535
test_05879,0.99635622
test_05880,0.62269234
test_05881,0.99720985
test_05882,0.99631629
test_05883,0.98668953
test_05884,0.52935239
test_05885,0.45889579
test_05886,0.08985577
test_05887,0.08416913
test_05888,0.12532920
test_05889,0.04740592
test_05890,0.00221699
test_05891,0.12738228
test_05892,0.75991985
test_05893,0.42585644
test_05894,0.72314616
test_05895,0.01847680
test_05896,0.90304857
test_05897,0.79446677
test_05898,0.02893160
test_05899,0.98752775
test_05900,0.96771744
test_05901,0.98587194
test_05902,0.92174881
test_05903,0.61977380
test_05904,0.17745148
test_05905,0.47890919
test_05906,0.44729733
test_05907,0.48477766
test_05908,0.08804604
test_05909,0.13286264
test_05910,0.93305880
test_05911,0.04890499
test_05912,0.36148333
test_05913,0.11996072
test_05914,0.15585099
test_05915,0.49021991
test_05916,0.03906522
test_05917,0.05122967
test_05918,0.51592212
test_05919,0.84401090
test_05920,0.28440058
test_05921,0.94830563
test_05922,0.99943837
test_05923,0.74534458
test_05924,0.02818401
test_05925,0.00207967
test_05926,0.06024943
test_05927,0.04873354
test_05928,0.99345723
test_05929,0.02367061
test_05930,0.32619150
test_05931,0.75268534
test_05932,0.19826849
test_05933,0.10331298
test_05934,0.00190581
test_05935,0.09303733
test_05936,0.65007535
test_05937,0.41125347
test_05938,0.99910152
test_05939,0.40123584
test_05940,0.24461933
test_05941,0.94456404
test_05942,0.03092503
test_05943,0.99646789
test_05944,0.98803723
test_05945,0.30076737
test_05946,0.09846800
test_05947,0.87450247
test_05948,0.86070608
test_05949,0.97231587
test_05950,0.11191546
test_05951,0.08840522
test_05952,0.34720855
test_05953,0.99758762
test_05954,0.00037339
test_05955,0.58668759
test_05956,0.47728421
test_05957,0.00191976
test_05958,0.02566672
test_05959,0.98304285
test_05960,0.02689633
test_05961,0.96510488
test_05962,0.98575533
test_05963,0.71367786
test_05964,0.49328756
test_05965,0.00068692
test_05966,0.24711807
test_05967,0.77510265
test_05968,0.95896513
test_05969,0.02458274
test_05970,0.87009160
test_05971,0.00636655
test_05972,0.74209899
test_05973,0.21291338
test_05974,0.00787261
test_05975,0.67846903
test_05976,0.49577301
test_05977,0.68102792
test_05978,0.99269042
test_05979,0.04339939
test_05980,0.00425543
test_05981,0.70985807
test_05982,0.88668407
test_05983,0.02975268
test_05984,0.19952085
test_05985,0.08134971
test_05986,0.84963174
test_05987,0.98563396
test_05988,0.99625807
test_05989,0.99679690
test_05990,0.86097445
test_05991,0.89196564
test_05992,0.90578281
test_05993,0.96523787
test_05994,0.14288514
test_05995,0.45270208
test_05996,0.49092850
test_05997,0.79110057
test_05998,0.51244653
test_05999,0.15114628
test_06000,0.97249119
test_06001,0.99750840
test_06002,0.88156155
test_06003,0.97191480
test_06004,0.04937766
test_06005,0.91568658
test_06006,0.99521875
test_06007,0.17184311
test_06008,0.26271688
test_06009,0.30537885
test_06010,0.58608076
test_06011,0.62536039
test_06012,0.89089802
test_06013,0.63591312
test_06014,0.05092370
test_06015,0.05137082
test_06016,0.19315604
test_06017,0.00771847
test_06018,0.31555315
test_06019,0.53400987
test_06020,0.50034004
test_06021,0.29470103
test_06022,0.27068976
test_06023,0.39604279
test_06024,0.92467390
test_06025,0.56960237
test_06026,0.32625455
test_06027,0.59360707
test_06028,0.06092807
test_06029,0.48382197
test_06030,0.92783310
test_06031,0.22979370
test_06032,0.43967391
test_06033,0.04737625
test_06034,0.95598829
test_06035,0.09457892
test_06036,0.99290224
test_06037,0.05160841
test_06038,0.91682141
test_06039,0.08348697
test_06040,0.36929290
test_06041,0.43136269
test_06042,0.94926531
test_06043,0.11955597
test_06044,0.97503070
test_06045,0.57896386
test_06046,0.00304276
test_06047,0.09624675
test_06048,0.92780916
test_06049,0.13632781
test_06050,0.10570244
test_06051,0.01084237
test_06052,0.99472438
test_06053,0.23591708
test_06054,0.07532132
test_06055,0.17907675
test_06056,0.97627886
test_06057,0.99851180
test_06058,0.99812043
test_06059,0.82328677
test_06060,0.84551656
test_06061,0.16932561
test_06062,0.64188290
test_06063,0.65544065
test_06064,0.95922790
test_06065,0.04019113
test_06066,0.00424150
test_06067,0.58273532
test_06068,0.99150995
test_06069,0.92976926
test_06070,0.00244825
test_06071,0.02364286
test_06072,0.99337619
test_06073,0.69643123
test_06074,0.04260453
test_06075,0.01509763
test_06076,0.85772052
test_06077,0.52311131
test_06078,0.11282810
test_06079,0.84955554
test_06080,0.95645959
test_06081,0.53234280
test_06082,0.97082624
test_06083,0.00900051
test_06084,0.03462990
test_06085,0.65831059
test_06086,0.02142001
test_06087,0.48057801
test_06088,0.41110500
test_06089,0.75385967
test_06090,0.73264584
test_06091,0.85632553
test_06092,0.00454410
test_06093,0.43926728
test_06094,0.90170456
test_06095,0.50626286
test_06096,0.99362984
test_06097,0.24617357
test_06098,0.06402569
test_06099,0.00774439
test_06100,0.00107518
test_06101,0.01717813
test_06102,0.62063219
test_06103,0.97644113
test_06104,0.92879858
test_06105,0.97271888
test_06106,0.94563867
test_06107,0.91708556
test_06108,0.49739665
test_06109,0.19389407
test_06110,0.50818700
test_06111,0.18288406
test_06112,0.87510900
test_06113,0.27438500
test_06114,0.27919295
test_06115,0.99336144
test_06116,0.99897459
test_06117,0.04587088
test_06118,0.05435066
test_06119,0.98926859
test_06120,0.50612156
test_06121,0.67839931
test_06122,0.08269763
test_06123,0.21680152
test_06124,0.31058926
test_06125,0.99070841
test_06126,0.47521745
test_06127,0.34210781
test_06128,0.52758575
test_06129,0.50030650
test_06130,0.40073250
test_06131,0.07966382
test_06132,0.99713711
test_06133,0.48450270
test_06134,0.33067313
test_06135,0.08738076
test_06136,0.99742737
test_06137,0.98954640
test_06138,0.97928378
test_06139,0.88161776
test_06140,0.83374365
test_06141,0.90957968
test_06142,0.57046179
test_06143,0.02141129
test_06144,0.65121882
test_06145,0.20480140
test_06146,0.02176055
test_06147,0.56750590
test_06148,0.15536426
test_06149,0.29598764
test_06150,0.12015587
test_06151,0.33430297
test_06152,0.19794508
test_06153,0.98914184
test_06154,0.02122164
test_06155,0.99789796
test_06156,0.29212558
test_06157,0.30220893
test_06158,0.30339651
test_06159,0.50872723
test_06160,0.98331615
test_06161,0.42119468
test_06162,0.55079135
test_06163,0.93426517
test_06164,0.66585279
test_06165,0.05893977
test_06166,0.26445463
test_06167,0.33706541
test_06168,0.36485320
test_06169,0.96941293
test_06170,0.68098943
test_06171,0.00220674
test_06172,0.96387185
test_06173,0.99075345
test_06174,0.00227358
test_06175,0.03926799
test_06176,0.52695051
test_06177,0.99888026
test_06178,0.98094787
test_06179,0.49955818
test_06180,0.96810093
test_06181,0.42886962
test_06182,0.07375254
test_06183,0.89630018
test_06184,0.70391746
test_06185,0.50157088
test_06186,0.98158978
test_06187,0.20970803
test_06188,0.57733788
test_06189,0.16359385
test_06190,0.96007263
test_06191,0.00267107
test_06192,0.00545644
test_06193,0.53922664
test_06194,0.73248423
test_06195,0.49181222
test_06196,0.03150785
test_06197,0.98976693
test_06198,0.09604412
test_06199,0.99790632
test_06200,0.82925433
test_06201,0.87633128
test_06202,0.22583756
test_06203,0.37556190
test_06204,0.18210246
test_06205,0.50237201
test_06206,0.42762243
test_06207,0.83222209
test_06208,0.05741967
test_06209,0.00046546
test_06210,0.78366022
test_06211,0.96232207
test_06212,0.99878655
test_06213,0.17811929
test_06214,0.47528312
test_06215,0.57536503
test_06216,0.53175368
test_06217,0.93700366
test_06218,0.94472770
test_06219,0.48761030
test_06220,0.00292982
test_06221,0.00476246
test_06222,0.02759821
test_06223,0.43776371
test_06224,0.95762490
test_06225,0.93676836
test_06226,0.75685713
test_06227,0.08614406
test_06228,0.90912282
test_06229,0.00646768
test_06230,0.30498373
test_06231,0.02186671
test_06232,0.31822427
test_06233,0.00133730
test_06234,0.96887110
test_06235,0.14164565
test_06236,0.03369392
test_06237,0.98371325
test_06238,0.09547885
test_06239,0.57483387
test_06240,0.57686777
test_06241,0.61422248
test_06242,0.55268914
test_06243,0.78121547
test_06244,0.21219663
test_06245,0.95837329
test_06246,0.99248948
test_06247,0.76432989
test_06248,0.99724639
test_06249,0.73774101
test_06250,0.99696482
test_06251,0.07623942
test_06252,0.54577997
test_06253,0.21428413
test_06254,0.97061534
test_06255,0.16271937
test_06256,0.99476950
test_06257,0.96347329
test_06258,0.95359890
test_06259,0.54968853
test_06260,0.97970534
test_06261,0.35537199
test_06262,0.49808843
test_06263,0.92323852
test_06264,0.72682833
test_06265,0.86753865
test_06266,0.63992351
test_06267,0.95353959
test_06268,0.99400485
test_06269,0.36428041
test_06270,0.58204316
test_06271,0.68572252
test_06272,0.98257024
test_06273,0.73519301
test_06274,0.79221320
test_06275,0.98049944
test_06276,0.24482410
test_06277,0.66161970
test_06278,0.34387490
test_06279,0.00376465
test_06280,0.17457019
test_06281,0.97977752
test_06282,0.99053301
test_06283,0.04144754
test_06284,0.30084540
test_06285,0.14468306
test_06286,0.80458546
test_06287,0.36704915
test_06288,0.92372830
test_06289,0.11207396
test_06290,0.03743374
test_06291,0.06858202
test_06292,0.15195436
test_06293,0.11132979
test_06294,0.38312321
test_06295,0.01107461
test_06296,0.36038350
test_06297,0.72425487
test_06298,0.98518858
test_06299,0.96821535
test_06300,0.94117554
test_06301,0.38474909
test_06302,0.56283608
test_06303,0.03621141
test_06304,0.79676191
test_06305,0.22531251
test_06306,0.02543472
test_06307,0.44156909
test_06308,0.51770902
test_06309,0.97630213
test_06310,0.01225297
test_06311,0.00882300
test_06312,0.30145419
test_06313,0.15790127
test_06314,0.05993955
test_06315,0.47134864
test_06316,0.36428620
test_06317,0.65203914
test_06318,0.98239241
test_06319,0.49518808
test_06320,0.99859506
test_06321,0.87758348
test_06322,0.91320007
test_06323,0.50031462
test_06324,0.16304698
test_06325,0.98680329
test_06326,0.76799214
test_06327,0.03108889
test_06328,0.83275725
test_06329,0.30432628
test_06330,0.00639306
test_06331,0.07044949
test_06332,0.12714572
test_06333,0.97175156
test_06334,0.07247327
test_06335,0.76787762
test_06336,0.22056379
test_06337,0.13218786
test_06338,0.70793766
test_06339,0.83427677
test_06340,0.97000810
test_06341,0.01960973
test_06342,0.82909089
test_06343,0.05173829
test_06344,0.33196922
test_06345,0.12256667
test_06346,0.59970755
test_06347,0.01041119
test_06348,0.89829700
test_06349,0.43587544
test_06350,0.15876043
test_06351,0.99736683
test_06352,0.82642462
test_06353,0.00600446
test_06354,0.49123729
test_06355,0.91165707
test_06356,0.89352861
test_06357,0.01417271
test_06358,0.94244144
test_06359,0.99488957
test_06360,0.98881586
test_06361,0.07650402
test_06362,0.44595638
test_06363,0.47588851
test_06364,0.54257541
test_06365,0.41789141
test_06366,0.66128494
test_06367,0.71451866
test_06368,0.80534107
test_06369,0.96208829
test_06370,0.99927421
test_06371,0.00549109
test_06372,0.55746479
test_06373,0.99812849
test_06374,0.98635090
test_06375,0.16586627
test_06376,0.05213025
test_06377,0.93130219
test_06378,0.96091076
test_06379,0.01304150
test_06380,0.16130342
test_06381,0.00330617
test_06382,0.81422591
test_06383,0.25286405
test_06384,0.95098001
test_06385,0.52072592
test_06386,0.99923724
test_06387,0.70816329
test_06388,0.68933434
test_06389,0.36445547
test_06390,0.38237689
test_06391,0.02990430
test_06392,0.23129056
test_06393,0.02267333
test_06394,0.99980237
test_06395,0.09353779
test_06396,0.50209858
test_06397,0.14577055
test_06398,0.49924295
test_06399,0.04442883
test_06400,0.02419244
test_06401,0.77320503
test_06402,0.62309695
test_06403,0.32761114
test_06404,0.50122954
test_06405,0.05746417
test_06406,0.00023718
test_06407,0.04416361
test_06408,0.15860265
test_06409,0.61639836
test_06410,0.98904453
test_06411,0.42820857
test_06412,0.74139752
test_06413,0.03870819
test_06414,0.91661415
test_06415,0.41176076
test_06416,0.86503314
test_06417,0.54766905
test_06418,0.05910524
test_06419,0.90694778
test_06420,0.00267588
test_06421,0.95998493
test_06422,0.99416219
test_06423,0.83723247
test_06424,0.87836791
test_06425,0.08682570
test_06426,0.13460276
test_06427,0.48977856
test_06428,0.98068404
test_06429,0.03112789
test_06430,0.07571495
test_06431,0.97695643
test_06432,0.16968996
test_06433,0.60106457
test_06434,0.95986203
test_06435,0.93631970
test_06436,0.18185913
test_06437,0.49685746
test_06438,0.28986007
test_06439,0.73685214
test_06440,0.13391155
test_06441,0.54863923
test_06442,0.00318403
test_06443,0.12012079
test_06444,0.00882511
test_06445,0.10868538
test_06446,0.90210037
test_06447,0.77449555
test_06448,0.92847171
test_06449,0.00260064
test_06450,0.96047226
test_06451,0.94156454
test_06452,0.85388100
test_06453,0.09075550
test_06454,0.81852211
test_06455,0.94885348
test_06456,0.00050907
test_06457,0.65539201
test_06458,0.03006623
test_06459,0.99771157
test_06460,0.03094340
test_06461,0.39715233
test_06462,0.96537199
test_06463,0.98826460
test_06464,0.14465937
test_06465,0.36252051
test_06466,0.40791315
test_06467,0.48595025
test_06468,0.36586219
test_06469,0.55481251
test_06470,0.97787564
test_06471,0.05729883
test_06472,0.42909381
test_06473,0.98316783
test_06474,0.00436237
test_06475,0.70237065
test_06476,0.01513739
test_06477,0.24650970
test_06478,0.71938265
test_06479,0.89612133
test_06480,0.83227053
test_06481,0.01378144
test_06482,0.77502748
test_06483,0.31407995
test_06484,0.00029216
test_06485,0.98645384
test_06486,0.98587325
test_06487,0.20461052
test_06488,0.99730477
test_06489,0.02545375
test_06490,0.99929592
test_06491,0.38123964
test_06492,0.87866969
test_06493,0.00482881
test_06494,0.79093789
test_06495,0.00031856
test_06496,0.46697717
test_06497,0.70168657
test_06498,0.96741868
test_06499,0.00478713
test_06500,0.23385618
test_06501,0.06261637
test_06502,0.96315755
test_06503,0.05870213
test_06504,0.08014515
test_06505,0.24079987
test_06506,0.78363186
test_06507,0.83483847
test_06508,0.99344551
test_06509,0.00720013
test_06510,0.87713032
test_06511,0.60883607
test_06512,0.78444409
test_06513,0.98141649
test_06514,0.40656845
test_06515,0.99542736
test_06516,0.99661225
test_06517,0.52827721
test_06518,0.50036361
test_06519,0.02324617
test_06520,0.06032789
test_06521,0.72696688
test_06522,0.99541378
test_06523,0.72606110
test_06524,0.31761611
test_06525,0.36272265
test_06526,0.93160949
test_06527,0.37731694
test_06528,0.66084118
test_06529,0.03915409
test_06530,0.53439325
test_06531,0.98706435
test_06532,0.93953061
test_06533,0.97386886
test_06534,0.66693414
test_06535,0.87012332
test_06536,0.41894834
test_06537,0.03127292
test_06538,0.95955485
test_06539,0.47250150
test_06540,0.02263444
test_06541,0.79178228
test_06542,0.01920320
test_06543,0.44795949
test_06544,0.87161447
test_06545,0.83080094
test_06546,0.13209246
test_06547,0.88860483
test_06548,0.82699654
test_06549,0.22398592
test_06550,0.80460448
test_06551,0.31347856
test_06552,0.50750550
test_06553,0.88256132
test_06554,0.61066945
test_06555,0.07594675
test_06556,0.99581323
test_06557,0.16842459
test_06558,0.92462862
test_06559,0.02148449
test_06560,0.48893667
test_06561,0.47388304
test_06562,0.00679196
test_06563,0.30568456
test_06564,0.60320873
test_06565,0.70979328
test_06566,0.62650977
test_06567,0.64223156
test_06568,0.41263672
test_06569,0.33679097
test_06570,0.01832973
test_06571,0.29191455
test_06572,0.04965638
test_06573,0.25079938
test_06574,0.44731184
test_06575,0.11041176
test_06576,0.23521092
test_06577,0.00016517
test_06578,0.97230298
test_06579,0.44761220
test_06580,0.49825979
test_06581,0.04908041
test_06582,0.80736325
test_06583,0.19459379
test_06584,0.95393817
test_06585,0.02092276
test_06586,0.06590051
test_06587,0.92184411
test_06588,0.27918140
test_06589,0.97243500
test_06590,0.02627331
test_06591,0.14090839
test_06592,0.82116903
test_06593,0.89537251
test_06594,0.96596884
test_06595,0.27521096
test_06596,0.44811234
test_06597,0.49348791
test_06598,0.02645884
test_06599,0.05623475
test_06600,0.48307541
test_06601,0.35343072
test_06602,0.46540544
test_06603,0.30661773
test_06604,0.21810963
test_06605,0.39983865
test_06606,0.98247799
test_06607,0.00205389
test_06608,0.90491038
test_06609,0.75395678
test_06610,0.13325603
test_06611,0.66402323
test_06612,0.31998327
test_06613,0.08015967
test_06614,0.03597315
test_06615,0.39306008
test_06616,0.59531418
test_06617,0.75801878
test_06618,0.32421778
test_06619,0.16249477
test_06620,0.47597027
test_06621,0.04493122
test_06622,0.20515711
test_06623,0.11782682
test_06624,0.95667973
test_06625,0.90057079
test_06626,0.01802232
test_06627,0.00657458
test_06628,0.87884766
test_06629,0.01708420
test_06630,0.23439738
test_06631,0.00184676
test_06632,0.18223443
test_06633,0.03775260
test_06634,0.81183500
test_06635,0.01638048
test_06636,0.00471973
test_06637,0.03650768
test_06638,0.30935535
test_06639,0.59303663
test_06640,0.98746690
test_06641,0.21382636
test_06642,0.69784485
test_06643,0.90341278
test_06644,0.95539536
test_06645,0.98756000
test_06646,0.99591497
test_06647,0.63614243
test_06648,0.46880777
test_06649,0.49592644
test_06650,0.05225625
test_06651,0.84124478
test_06652,0.08004105
test_06653,0.86798702
test_06654,0.50143055
test_06655,0.01536092
test_06656,0.97961336
test_06657,0.97578376
test_06658,0.29603434
test_06659,0.84957224
test_06660,0.59680325
test_06661,0.19554143
test_06662,0.10377039
test_06663,0.02473103
test_06664,0.05513868
test_06665,0.42391140
test_06666,0.38382592
test_06667,0.99184557
test_06668,0.48429029
test_06669,0.10341025
test_06670,0.11497418
test_06671,0.99318862
test_06672,0.42705810
test_06673,0.00542057
test_06674,0.99742062
test_06675,0.04493792
test_06676,0.71681586
test_06677,0.97211371
test_06678,0.83723502
test_06679,0.12947632
test_06680,0.02308408
test_06681,0.60652720
test_06682,0.03090927
test_06683,0.51409580
test_06684,0.20459851
test_06685,0.94744987
test_06686,0.72729002
test_06687,0.31777139
test_06688,0.49679925
test_06689,0.96754821
test_06690,0.78020616
test_06691,0.12441174
test_06692,0.96194323
test_06693,0.90920812
test_06694,0.96303714
test_06695,0.43071733
test_06696,0.76758709
test_06697,0.93129115
test_06698,0.01005725
test_06699,0.47639990
test_06700,0.99713681
test_06701,0.88010626
test_06702,0.76844930
test_06703,0.23561635
test_06704,0.99426510
test_06705,0.70813041
test_06706,0.49695793
test_06707,0.02306426
test_06708,0.53610529
test_06709,0.53981217
test_06710,0.97993014
test_06711,0.87605480
test_06712,0.48097128
test_06713,0.97001871
test_06714,0.51737321
test_06715,0.02822333
test_06716,0.95259934
test_06717,0.80895113
test_06718,0.92691098
test_06719,0.62700620
test_06720,0.55871990
test_06721,0.27787856
test_06722,0.95784566
test_06723,0.93300400
test_06724,0.44308467
test_06725,0.49799994
test_06726,0.95226888
test_06727,0.29276126
test_06728,0.12278903
test_06729,0.00281149
test_06730,0.41877955
test_06731,0.54423868
test_06732,0.28693059
test_06733,0.59351749
test_06734,0.07689884
test_06735,0.84465110
test_06736,0.98155777
test_06737,0.99600933
test_06738,0.99257018
test_06739,0.92321247
test_06740,0.51869121
test_06741,0.85906757
test_06742,0.92786701
test_06743,0.74722103
test_06744,0.04332623
test_06745,0.00699858
test_06746,0.69946385
test_06747,0.88696427
test_06748,0.43444681
test_06749,0.97043669
test_06750,0.61137875
test_06751,0.07817997
test_06752,0.01295370
test_06753,0.23194719
test_06754,0.03192943
test_06755,0.56529173
test_06756,0.48682999
test_06757,0.81319658
test_06758,0.10357341
test_06759,0.32111000
test_06760,0.01706922
test_06761,0.91778788
test_06762,0.96660192
test_06763,0.97572919
test_06764,0.52738547
test_06765,0.95831558
test_06766,0.02692786
test_06767,0.00200794
test_06768,0.99489171
test_06769,0.00922116
test_06770,0.30439763
test_06771,0.86597518
test_06772,0.43774947
test_06773,0.87389660
test_06774,0.31383303
test_06775,0.40502582
test_06776,0.80245389
test_06777,0.75132947
test_06778,0.00382331
test_06779,0.93223101
test_06780,0.98717447
test_06781,0.57831200
test_06782,0.65417710
test_06783,0.85156687
test_06784,0.00147988
test_06785,0.95709857
test_06786,0.83656921
test_06787,0.34754407
test_06788,0.08791626
test_06789,0.47573309
test_06790,0.94956128
test_06791,0.87179847
test_06792,0.99062422
test_06793,0.08712644
test_06794,0.64466434
test_06795,0.00909146
test_06796,0.92168827
test_06797,0.33797037
test_06798,0.99834381
test_06799,0.45764928
test_06800,0.02565950
test_06801,0.89090233
test_06802,0.12588834
test_06803,0.35247983
test_06804,0.59531452
test_06805,0.06287340
test_06806,0.99321215
test_06807,0.53204070
test_06808,0.99918046
test_06809,0.62536276
test_06810,0.55581926
test_06811,0.99697236
test_06812,0.29042835
test_06813,0.50903544
test_06814,0.99919337
test_06815,0.86596108
test_06816,0.98837584
test_06817,0.08080758
test_06818,0.98206954
test_06819,0.52430107
test_06820,0.28991234
test_06821,0.51167770
test_06822,0.38329609
test_06823,0.04823886
test_06824,0.90128339
test_06825,0.04006420
test_06826,0.27100061
test_06827,0.06885849
test_06828,0.90792371
test_06829,0.99209501
test_06830,0.32095064
test_06831,0.39764649
test_06832,0.02531431
test_06833,0.03912219
test_06834,0.01935641
test_06835,0.01509701
test_06836,0.32205040
test_06837,0.30975223
test_06838,0.00502252
test_06839,0.46028407
test_06840,0.52442558
test_06841,0.02967603
test_06842,0.92308426
test_06843,0.02775108
test_06844,0.00303950
test_06845,0.01904853
test_06846,0.85698232
test_06847,0.96973388
test_06848,0.42948510
test_06849,0.71758305
test_06850,0.13623780
test_06851,0.00684808
test_06852,0.44089940
test_06853,0.19836099
test_06854,0.68327054
test_06855,0.05067792
test_06856,0.02077810
test_06857,0.48587731
test_06858,0.05686889
test_06859,0.85158143
test_06860,0.77671730
test_06861,0.00486925
test_06862,0.97281201
test_06863,0.95917464
test_06864,0.58010897
test_06865,0.47621289
test_06866,0.20396112
test_06867,0.20574090
test_06868,0.68490637
test_06869,0.04557660
test_06870,0.86353256
test_06871,0.97358144
test_06872,0.21064745
test_06873,0.08423554
test_06874,0.66168705
test_06875,0.46761866
test_06876,0.04970825
test_06877,0.98954126
test_06878,0.37273007
test_06879,0.70532492
test_06880,0.44707539
test_06881,0.89028736
test_06882,0.02168493
test_06883,0.36037350
test_06884,0.01203810
test_06885,0.62561896
test_06886,0.02696221
test_06887,0.59089524
test_06888,0.47135438
test_06889,0.98170707
test_06890,0.43504052
test_06891,0.00102894
test_06892,0.01600598
test_06893,0.48840543
test_06894,0.39120146
test_06895,0.03447239
test_06896,0.98397910
test_06897,0.49991372
test_06898,0.49394226
test_06899,0.12679261
test_06900,0.14178812
test_06901,0.85547896
test_06902,0.42553272
test_06903,0.84347169
test_06904,0.97406049
test_06905,0.96839899
test_06906,0.39677333
test_06907,0.97865232
test_06908,0.94963469
test_06909,0.03892630
test_06910,0.99390629
test_06911,0.99496151
test_06912,0.07114791
test_06913,0.11050820
test_06914,0.95722967
test_06915,0.47617941
test_06916,0.86079150
test_06917,0.11439649
test_06918,0.81840910
test_06919,0.85535863
test_06920,0.30211055
test_06921,0.98062058
test_06922,0.63148219
test_06923,0.53478996
test_06924,0.41327149
test_06925,0.42947417
test_06926,0.10638159
test_06927,0.01752591
test_06928,0.01315529
test_06929,0.51491754
test_06930,0.04278098
test_06931,0.35044255
test_06932,0.99571271
test_06933,0.93435029
test_06934,0.01387233
test_06935,0.04914645
test_06936,0.91350160
test_06937,0.51094015
test_06938,0.33533758
test_06939,0.07420691
test_06940,0.92948840
test_06941,0.49755971
test_06942,0.48500725
test_06943,0.34509446
test_06944,0.39679372
test_06945,0.01309497
test_06946,0.07407526
test_06947,0.97431842
test_06948,0.59905155
test_06949,0.98461216
test_06950,0.43345218
test_06951,0.07904967
test_06952,0.90974453
test_06953,0.00618946
test_06954,0.91513737
test_06955,0.97717069
test_06956,0.77434820
test_06957,0.95545217
test_06958,0.98149949
test_06959,0.01121658
test_06960,0.10519493
test_06961,0.97719927
test_06962,0.03516170
test_06963,0.25590024
test_06964,0.99654187
test_06965,0.40933533
test_06966,0.13842478
test_06967,0.01879587
test_06968,0.01612412
test_06969,0.00169297
test_06970,0.99850165
test_06971,0.70476933
test_06972,0.19155797
test_06973,0.66622212
test_06974,0.03921343
test_06975,0.60010549
test_06976,0.97129641
test_06977,0.92842728
test_06978,0.00717333
test_06979,0.50524847
test_06980,0.61830446
test_06981,0.95925353
test_06982,0.95198697
test_06983,0.31059190
test_06984,0.37319281
test_06985,0.03160374
test_06986,0.51398125
test_06987,0.31388661
test_06988,0.00809449
test_06989,0.25569828
test_06990,0.81035757
test_06991,0.72297183
test_06992,0.12947805
test_06993,0.06653340
test_06994,0.02382481
test_06995,0.01281377
test_06996,0.36481547
test_06997,0.88136395
test_06998,0.00096161
test_06999,0.94684483
test_07000,0.23339604
test_07001,0.75774640
test_07002,0.96636679
test_07003,0.32431056
test_07004,0.65894195
test_07005,0.71411925
test_07006,0.68942606
test_07007,0.00062097
test_07008,0.02708095
test_07009,0.96199575
test_07010,0.60797887
test_07011,0.98271955
test_07012,0.69102615
test_07013,0.47570509
test_07014,0.99640898
test_07015,0.99530708
test_07016,0.99108306
test_07017,0.00679375
test_07018,0.87789579
test_07019,0.77259659
test_07020,0.02747672
test_07021,0.97722615
test_07022,0.15121172
test_07023,0.62463348
test_07024,0.37646442
test_07025,0.99917152
test_07026,0.97917316
test_07027,0.06146873
test_07028,0.75805272
test_07029,0.51625113
test_07030,0.52430332
test_07031,0.00675722
test_07032,0.77585667
test_07033,0.98427392
test_07034,0.02250781
test_07035,0.02924702
test_07036,0.08731329
test_07037,0.25302572
test_07038,0.98387505
test_07039,0.07500104
test_07040,0.09573782
test_07041,0.99414886
test_07042,0.99697750
test_07043,0.30253643
test_07044,0.82158582
test_07045,0.46948035
test_07046,0.89359029
test_07047,0.95076940
test_07048,0.02838573
test_07049,0.47203242
test_07050,0.15858499
test_07051,0.08390640
test_07052,0.74365711
test_07053,0.03358240
test_07054,0.67066620
test_07055,0.97822266
test_07056,0.74034924
test_07057,0.02138329
test_07058,0.63097968
test_07059,0.52945776
test_07060,0.90705282
test_07061,0.65204786
test_07062,0.15205364
test_07063,0.49967886
test_07064,0.00471322
test_07065,0.25218974
test_07066,0.33831178
test_07067,0.99438887
test_07068,0.93237534
test_07069,0.56862720
test_07070,0.05885217
test_07071,0.00342022
test_07072,0.73875994
test_07073,0.94084445
test_07074,0.86547546
test_07075,0.98578391
test_07076,0.93774445
test_07077,0.45841864
test_07078,0.59276849
test_07079,0.81204077
test_07080,0.49758585
test_07081,0.03405629
test_07082,0.97939217
test_07083,0.30817374
test_07084,0.04607606
test_07085,0.42853749
test_07086,0.91612191
test_07087,0.00799490
test_07088,0.56893832
test_07089,0.02329429
test_07090,0.50274385
test_07091,0.04364543
test_07092,0.98557410
test_07093,0.64403696
test_07094,0.91202355
test_07095,0.11033391
test_07096,0.60801631
test_07097,0.32209981
test_07098,0.10736814
test_07099,0.04954090
test_07100,0.73181655
test_07101,0.94970091
test_07102,0.85854135
test_07103,0.94358765
test_07104,0.99619460
test_07105,0.00668167
test_07106,0.76837650
test_07107,0.10661714
test_07108,0.52163125
test_07109,0.46861493
test_07110,0.50141804
test_07111,0.10969523
test_07112,0.94652937
test_07113,0.13835464
test_07114,0.72745360
test_07115,0.50518769
test_07116,0.48442069
test_07117,0.05141847
test_07118,0.39256458
test_07119,0.28878031
test_07120,0.05611623
test_07121,0.49157050
test_07122,0.96076273
test_07123,0.47867636
test_07124,0.92023622
test_07125,0.99003214
test_07126,0.96026956
test_07127,0.99747869
test_07128,0.01395836
test_07129,0.00579514
test_07130,0.96499733
test_07131,0.77501785
test_07132,0.00364804
test_07133,0.02631125
test_07134,0.92113614
test_07135,0.00329360
test_07136,0.96644513
test_07137,0.61815468
test_07138,0.00385149
test_07139,0.24119777
test_07140,0.20290624
test_07141,0.42845778
test_07142,0.43102674
test_07143,0.36308014
test_07144,0.01171028
test_07145,0.45248838
test_07146,0.97069692
test_07147,0.13488961
test_07148,0.67255214
test_07149,0.16746846
test_07150,0.51270748
test_07151,0.43140334
test_07152,0.89150797
test_07153,0.51853973
test_07154,0.50894458
test_07155,0.02401769
test_07156,0.14467483
test_07157,0.82362583
test_07158,0.64639950
test_07159,0.27769618
test_07160,0.19712494
test_07161,0.18863322
test_07162,0.94605989
test_07163,0.92568696
test_07164,0.79432393
test_07165,0.58003010
test_07166,0.93391648
test_07167,0.15453537
test_07168,0.99248099
test_07169,0.15041188
test_07170,0.98599196
test_07171,0.52463347
test_07172,0.92363895
test_07173,0.60792992
test_07174,0.68558320
test_07175,0.93645895
test_07176,0.30050060
test_07177,0.04825239
test_07178,0.85868734
test_07179,0.31552699
test_07180,0.36016304
test_07181,0.30998165
test_07182,0.36024748
test_07183,0.11145683
test_07184,0.09204256
test_07185,0.84793054
test_07186,0.84543404
test_07187,0.00452508
test_07188,0.59775697
test_07189,0.03735048
test_07190,0.64949277
test_07191,0.03062950
test_07192,0.06626069
test_07193,0.02261359
test_07194,0.54233919
test_07195,0.53826433
test_07196,0.76824015
test_07197,0.48779415
test_07198,0.00652217
test_07199,0.01729484
test_07200,0.81025330
test_07201,0.13826097
test_07202,0.09775722
test_07203,0.93719176
test_07204,0.52496581
test_07205,0.00096843
test_07206,0.46234976
test_07207,0.95591587
test_07208,0.02988532
test_07209,0.63723166
test_07210,0.24328075
test_07211,0.39768060
test_07212,0.72742716
test_07213,0.41295945
test_07214,0.92584151
test_07215,0.54074356
test_07216,0.27431647
test_07217,0.00214590
test_07218,0.05569044
test_07219,0.98895626
test_07220,0.01396484
test_07221,0.90565397
test_07222,0.02658518
test_07223,0.01889505
test_07224,0.70446813
test_07225,0.09049209
test_07226,0.54534836
test_07227,0.99711546
test_07228,0.14379894
test_07229,0.01715657
test_07230,0.36002100
test_07231,0.33444890
test_07232,0.47583671
test_07233,0.93471066
test_07234,0.96411975
test_07235,0.85860468
test_07236,0.01129662
test_07237,0.99869346
test_07238,0.01210185
test_07239,0.86940629
test_07240,0.04689106
test_07241,0.06404143
test_07242,0.60477596
test_07243,0.31260260
test_07244,0.87573659
test_07245,0.24534389
test_07246,0.58021211
test_07247,0.92380362
test_07248,0.82776169
test_07249,0.45571231
test_07250,0.12523475
test_07251,0.04958825
test_07252,0.91843331
test_07253,0.04864896
test_07254,0.03811419
test_07255,0.52934763
test_07256,0.34405105
test_07257,0.87185374
test_07258,0.06879427
test_07259,0.56679483
test_07260,0.98764068
test_07261,0.01269746
test_07262,0.01300633
test_07263,0.99917846
test_07264,0.01156981
test_07265,0.58573243
test_07266,0.01585446
test_07267,0.50986555
test_07268,0.91385860
test_07269,0.77445383
test_07270,0.70689787
test_07271,0.95602122
test_07272,0.38664546
test_07273,0.59536632
test_07274,0.70130308
test_07275,0.25870419
test_07276,0.15273132
test_07277,0.89403907
test_07278,0.74131948
test_07279,0.02456815
test_07280,0.01760351
test_07281,0.00395273
test_07282,0.50465684
test_07283,0.05831139
test_07284,0.54172502
test_07285,0.97312400
test_07286,0.04601181
test_07287,0.82415850
test_07288,0.36429012
test_07289,0.38279161
test_07290,0.01863254
test_07291,0.90891191
test_07292,0.28972441
test_07293,0.19947417
test_07294,0.98172382
test_07295,0.92957485
test_07296,0.30690560
test_07297,0.98357374
test_07298,0.00693100
test_07299,0.65182041
test_07300,0.40734827
test_07301,0.87469506
test_07302,0.00575113
test_07303,0.99860351
test_07304,0.27775568
test_07305,0.11317124
test_07306,0.48597609
test_07307,0.01232241
test_07308,0.40705989
test_07309,0.11829380
test_07310,0.23251637
test_07311,0.11168666
test_07312,0.64657402
test_07313,0.04908360
test_07314,0.51061694
test_07315,0.48879454
test_07316,0.50779525
test_07317,0.60482674
test_07318,0.00490136
test_07319,0.93570749
test_07320,0.90523035
test_07321,0.48238820
test_07322,0.54551078
test_07323,0.16745734
test_07324,0.50143288
test_07325,0.54311076
test_07326,0.55964874
test_07327,0.99355219
test_07328,0.99852272
test_07329,0.30456576
test_07330,0.36731861
test_07331,0.00373733
test_07332,0.02189424
test_07333,0.24416394
test_07334,0.74142820
test_07335,0.76431473
test_07336,0.29945888
test_07337,0.50481685
test_07338,0.86507347
test_07339,0.01200935
test_07340,0.97947343
test_07341,0.46937990
test_07342,0.38192415
test_07343,0.99374714
test_07344,0.51524868
test_07345,0.01257755
test_07346,0.02022218
test_07347,0.00902903
test_07348,0.52422060
test_07349,0.46781617
test_07350,0.63755610
test_07351,0.02606455
test_07352,0.57176014
test_07353,0.75724180
test_07354,0.68401702
test_07355,0.99934038
test_07356,0.99921236
test_07357,0.69416186
test_07358,0.63132250
test_07359,0.29722644
test_07360,0.89994378
test_07361,0.53963993
test_07362,0.01312930
test_07363,0.90743396
test_07364,0.36625551
test_07365,0.84264780
test_07366,0.83350380
test_07367,0.91595275
test_07368,0.03233347
test_07369,0.38449458
test_07370,0.75230616
test_07371,0.04674045
test_07372,0.17756878
test_07373,0.98592046
test_07374,0.08840638
test_07375,0.47824609
test_07376,0.36590678
test_07377,0.04369620
test_07378,0.99777332
test_07379,0.03300340
test_07380,0.25777017
test_07381,0.02644550
test_07382,0.59779393
test_07383,0.82229686
test_07384,0.60902050
test_07385,0.37859818
test_07386,0.41069687
test_07387,0.03967130
test_07388,0.83513793
test_07389,0.34587157
test_07390,0.42604559
test_07391,0.99784774
test_07392,0.51408701
test_07393,0.99697409
test_07394,0.64825798
test_07395,0.99479081
test_07396,0.05496093
test_07397,0.63650714
test_07398,0.98611780
test_07399,0.94536808
test_07400,0.57636866
test_07401,0.15102973
test_07402,0.79100588
test_07403,0.00780849
test_07404,0.32247335
test_07405,0.99649629
test_07406,0.00340409
test_07407,0.02647014
test_07408,0.19832413
test_07409,0.61582401
test_07410,0.57118543
test_07411,0.23492730
test_07412,0.05250350
test_07413,0.99348404
test_07414,0.00195306
test_07415,0.49523872
test_07416,0.22897299
test_07417,0.35276650
test_07418,0.87207968
test_07419,0.04742962
test_07420,0.00324058
test_07421,0.38321418
test_07422,0.68652717
test_07423,0.91673249
test_07424,0.08856114
test_07425,0.09503164
test_07426,0.20895151
test_07427,0.42445959
test_07428,0.26637941
test_07429,0.49518747
test_07430,0.00756933
test_07431,0.80648141
test_07432,0.00220450
test_07433,0.16636479
test_07434,0.34467905
test_07435,0.05935232
test_07436,0.03969580
test_07437,0.78308336
test_07438,0.83893036
test_07439,0.27926824
test_07440,0.15428818
test_07441,0.36534452
test_07442,0.44934374
test_07443,0.98619319
test_07444,0.24790482
test_07445,0.14302124
test_07446,0.00043609
test_07447,0.04347793
test_07448,0.41109626
test_07449,0.77520119
test_07450,0.99241453
test_07451,0.69420708
test_07452,0.02031962
test_07453,0.19937811
test_07454,0.97569045
test_07455,0.40263231
test_07456,0.79811540
test_07457,0.96444015
test_07458,0.98475659
test_07459,0.99942393
test_07460,0.06307682
test_07461,0.93069847
test_07462,0.94415471
test_07463,0.03021792
test_07464,0.52892682
test_07465,0.69707766
test_07466,0.14290666
test_07467,0.57806317
test_07468,0.96348091
test_07469,0.39846962
test_07470,0.99867120
test_07471,0.65780507
test_07472,0.51606805
test_07473,0.00141749
test_07474,0.00677692
test_07475,0.67455991
test_07476,0.23848874
test_07477,0.07473200
test_07478,0.97952677
test_07479,0.98988777
test_07480,0.01414884
test_07481,0.31194514
test_07482,0.66099108
test_07483,0.50769731
test_07484,0.71218293
test_07485,0.76905003
test_07486,0.97890544
test_07487,0.00498831
test_07488,0.33292419
test_07489,0.97068010
test_07490,0.49789634
test_07491,0.41671410
test_07492,0.43961341
test_07493,0.73442462
test_07494,0.96733843
test_07495,0.99522912
test_07496,0.00567311
test_07497,0.43941145
test_07498,0.57511179
test_07499,0.29493675
test_07500,0.04329073
test_07501,0.00357152
test_07502,0.99933593
test_07503,0.19409662
test_07504,0.20551216
test_07505,0.58304314
test_07506,0.76869454
test_07507,0.10860010
test_07508,0.21044248
test_07509,0.54445111
test_07510,0.62033100
test_07511,0.93804064
test_07512,0.04203247
test_07513,0.62979200
test_07514,0.98286854
test_07515,0.74614834
test_07516,0.99638407
test_07517,0.99919313
test_07518,0.02701912
test_07519,0.42484576
test_07520,0.01525134
test_07521,0.25843445
test_07522,0.96386311
test_07523,0.04598776
test_07524,0.50164130
test_07525,0.49815506
test_07526,0.00360812
test_07527,0.39108105
test_07528,0.98513433
test_07529,0.00728610
test_07530,0.79749070
test_07531,0.95382104
test_07532,0.67410292
test_07533,0.42568812
test_07534,0.49499424
test_07535,0.23905363
test_07536,0.40565153
test_07537,0.37278660
test_07538,0.49713708
test_07539,0.94572095
test_07540,0.03522337
test_07541,0.55976493
test_07542,0.76920249
test_07543,0.46390133
test_07544,0.54751805
test_07545,0.09918681
test_07546,0.92328527
test_07547,0.88692529
test_07548,0.42540943
test_07549,0.87070073
test_07550,0.99008267
test_07551,0.99601903
test_07552,0.08718430
test_07553,0.98887623
test_07554,0.70427344
test_07555,0.00011546
test_07556,0.00520564
test_07557,0.98662974
test_07558,0.72805615
test_07559,0.73782984
test_07560,0.35760489
test_07561,0.01028145
test_07562,0.48617058
test_07563,0.95504315
test_07564,0.76005976
test_07565,0.43122647
test_07566,0.46711902
test_07567,0.22704844
test_07568,0.01884397
test_07569,0.55010830
test_07570,0.50134301
test_07571,0.05367671
test_07572,0.90735153
test_07573,0.99754363
test_07574,0.99099484
test_07575,0.12886514
test_07576,0.18266649
test_07577,0.26530898
test_07578,0.01209983
test_07579,0.01045104
test_07580,0.70187542
test_07581,0.04133141
test_07582,0.26492375
test_07583,0.98652610
test_07584,0.54463111
test_07585,0.52498623
test_07586,0.99219573
test_07587,0.44751603
test_07588,0.99589013
test_07589,0.93440387
test_07590,0.04266881
test_07591,0.99154189
test_07592,0.30867138
test_07593,0.99344328
test_07594,0.45942273
test_07595,0.14102200
test_07596,0.06181586
test_07597,0.79084508
test_07598,0.49250263
test_07599,0.65142763
test_07600,0.12015649
test_07601,0.10098729
test_07602,0.02985503
test_07603,0.98396064
test_07604,0.43826610
test_07605,0.25909514
test_07606,0.00104662
test_07607,0.01617973
test_07608,0.34771117
test_07609,0.99440227
test_07610,0.10991350
test_07611,0.00698823
test_07612,0.00190479
test_07613,0.05192380
test_07614,0.95772061
test_07615,0.81426854
test_07616,0.54185489
test_07617,0.90361186
test_07618,0.95313349
test_07619,0.12571924
test_07620,0.25890052
test_07621,0.17233706
test_07622,0.07045004
test_07623,0.99649251
test_07624,0.01890798
test_07625,0.36342808
test_07626,0.99486008
test_07627,0.62559706
test_07628,0.90701137
test_07629,0.45805305
test_07630,0.92007206
test_07631,0.00851554
test_07632,0.13436806
test_07633,0.21342621
test_07634,0.97624141
test_07635,0.99375566
test_07636,0.03590742
test_07637,0.92284449
test_07638,0.77215704
test_07639,0.33046010
test_07640,0.02867122
test_07641,0.64536987
test_07642,0.36639392
test_07643,0.83547958
test_07644,0.98936574
test_07645,0.01511189
test_07646,0.53197946
test_07647,0.99958179
test_07648,0.02881311
test_07649,0.54083175
test_07650,0.97047138
test_07651,0.59268341
test_07652,0.68610572
test_07653,0.99472172
test_07654,0.63453357
test_07655,0.45528211
test_07656,0.45370710
test_07657,0.99378395
test_07658,0.27303275
test_07659,0.98379616
test_07660,0.65686497
test_07661,0.98394834
test_07662,0.14105988
test_07663,0.20399676
test_07664,0.04838407
test_07665,0.28362787
test_07666,0.97649540
test_07667,0.28528565
test_07668,0.00596393
test_07669,0.96889458
test_07670,0.18301392
test_07671,0.17467386
test_07672,0.31824319
test_07673,0.02581775
test_07674,0.86101950
test_07675,0.07595303
test_07676,0.06128958
test_07677,0.34249579
test_07678,0.42205843
test_07679,0.02871527
test_07680,0.96487238
test_07681,0.41738119
test_07682,0.09850159
test_07683,0.99330358
test_07684,0.95911789
test_07685,0.09548780
test_07686,0.04830296
test_07687,0.83102893
test_07688,0.52517639
test_07689,0.99780214
test_07690,0.77979673
test_07691,0.05703220
test_07692,0.96971112
test_07693,0.75949094
test_07694,0.07044094
test_07695,0.49455091
test_07696,0.09396819
test_07697,0.93429653
test_07698,0.93318609
test_07699,0.45801548
test_07700,0.55450910
test_07701,0.27708215
test_07702,0.04430459
test_07703,0.99520009
test_07704,0.86669007
test_07705,0.12610913
test_07706,0.51224893
test_07707,0.39530326
test_07708,0.92905502
test_07709,0.54194733
test_07710,0.99877257
test_07711,0.52943711
test_07712,0.13725592
test_07713,0.01235275
test_07714,0.03570342
test_07715,0.98428211
test_07716,0.80206546
test_07717,0.41689488
test_07718,0.15866395
test_07719,0.05197915
test_07720,0.41372551
test_07721,0.02018436
test_07722,0.03256781
test_07723,0.00310398
test_07724,0.92107772
test_07725,0.98480340
test_07726,0.51914903
test_07727,0.33703578
test_07728,0.38052564
test_07729,0.86155529
test_07730,0.00226027
test_07731,0.30859375
test_07732,0.50151026
test_07733,0.98884208
test_07734,0.12115097
test_07735,0.01022088
test_07736,0.05890369
test_07737,0.99828412
test_07738,0.41001694
test_07739,0.43912610
test_07740,0.01625394
test_07741,0.02897762
test_07742,0.52311758
test_07743,0.95265728
test_07744,0.03592153
test_07745,0.50490877
test_07746,0.85930113
test_07747,0.24762470
test_07748,0.06666882
test_07749,0.97567625
test_07750,0.93164781
test_07751,0.10183597
test_07752,0.00476414
test_07753,0.70164627
test_07754,0.07157870
test_07755,0.20432229
test_07756,0.96004163
test_07757,0.01236575
test_07758,0.43126594
test_07759,0.57926199
test_07760,0.42862409
test_07761,0.80748108
test_07762,0.54792308
test_07763,0.93152547
test_07764,0.90306820
test_07765,0.51942358
test_07766,0.70360515
test_07767,0.00542737
test_07768,0.49795942
test_07769,0.07283384
test_07770,0.05203222
test_07771,0.64585894
test_07772,0.99878053
test_07773,0.82085649
test_07774,0.12959442
test_07775,0.02482554
test_07776,0.50274031
test_07777,0.92167045
test_07778,0.53290460
test_07779,0.77568147
test_07780,0.35393496
test_07781,0.28503747
test_07782,0.09842245
test_07783,0.00141057
test_07784,0.12145508
test_07785,0.09866615
test_07786,0.33653549
test_07787,0.57348982
test_07788,0.98986834
test_07789,0.97716540
test_07790,0.43157165
test_07791,0.06794479
test_07792,0.43624781
test_07793,0.00186954
test_07794,0.06654836
test_07795,0.58017307
test_07796,0.01116679
test_07797,0.03788011
test_07798,0.97913692
test_07799,0.89958623
test_07800,0.45018963
test_07801,0.00400097
test_07802,0.61222930
test_07803,0.98774031
test_07804,0.98422836
test_07805,0.38243466
test_07806,0.40278875
test_07807,0.21755103
test_07808,0.01156860
test_07809,0.00709812
test_07810,0.22790306
test_07811,0.62937552
test_07812,0.47013058
test_07813,0.85630102
test_07814,0.39398852
test_07815,0.00998032
test_07816,0.08542498
test_07817,0.69869840
test_07818,0.01920992
test_07819,0.52793050
test_07820,0.10663570
test_07821,0.97745813
test_07822,0.29750478
test_07823,0.07216554
test_07824,0.95235882
test_07825,0.97975153
test_07826,0.03151617
test_07827,0.32836500
test_07828,0.02182782
test_07829,0.92526838
test_07830,0.30145923
test_07831,0.99400126
test_07832,0.73783247
test_07833,0.62984182
test_07834,0.69841587
test_07835,0.99206935
test_07836,0.20287007
test_07837,0.01641395
test_07838,0.98813634
test_07839,0.96038758
test_07840,0.90315879
test_07841,0.00267189
test_07842,0.13324677
test_07843,0.00726735
test_07844,0.98406095
test_07845,0.97257275
test_07846,0.04350512
test_07847,0.72652508
test_07848,0.41978016
test_07849,0.54655240
test_07850,0.99684775
test_07851,0.34546677
test_07852,0.90442164
test_07853,0.10690680
test_07854,0.51818475
test_07855,0.11953680
test_07856,0.25145020
test_07857,0.44890190
test_07858,0.03491582
test_07859,0.59846889
test_07860,0.01554741
test_07861,0.16295642
test_07862,0.00325054
test_07863,0.45639301
test_07864,0.48777423
test_07865,0.58168810
test_07866,0.48747514
test_07867,0.00124939
test_07868,0.97690443
test_07869,0.98693858
test_07870,0.54498109
test_07871,0.98226142
test_07872,0.23004512
test_07873,0.42860300
test_07874,0.17057392
test_07875,0.02903588
test_07876,0.52818138
test_07877,0.44268536
test_07878,0.47044400
test_07879,0.01007106
test_07880,0.93626136
test_07881,0.98001993
test_07882,0.93680982
test_07883,0.67029783
test_07884,0.58080759
test_07885,0.62036770
test_07886,0.00117469
test_07887,0.71016945
test_07888,0.32356234
test_07889,0.99645798
test_07890,0.88181986
test_07891,0.89936233
test_07892,0.43798959
test_07893,0.68815983
test_07894,0.21275324
test_07895,0.35215803
test_07896,0.89901207
test_07897,0.03495859
test_07898,0.99820711
test_07899,0.98858378
test_07900,0.99191400
test_07901,0.96307730
test_07902,0.00380290
test_07903,0.12965351
test_07904,0.00773503
test_07905,0.74235564
test_07906,0.10508116
test_07907,0.64218643
test_07908,0.10584602
test_07909,0.97252833
test_07910,0.61522636
test_07911,0.92712879
test_07912,0.05160949
test_07913,0.01400665
test_07914,0.00514341
test_07915,0.00518554
test_07916,0.90689375
test_07917,0.00396312
test_07918,0.00878160
test_07919,0.06026918
test_07920,0.25539554
test_07921,0.99674257
test_07922,0.28955095
test_07923,0.93745760
test_07924,0.15500048
test_07925,0.01429150
test_07926,0.24047497
test_07927,0.73834229
test_07928,0.51986992
test_07929,0.00324135
test_07930,0.01378959
test_07931,0.31492440
test_07932,0.69451567
test_07933,0.57446215
test_07934,0.00687814
test_07935,0.24112523
test_07936,0.05195021
test_07937,0.49636591
test_07938,0.68437529
test_07939,0.40261480
test_07940,0.41798576
test_07941,0.42439660
test_07942,0.07627256
test_07943,0.76281874
test_07944,0.21096377
test_07945,0.02925825
test_07946,0.03283790
test_07947,0.98876438
test_07948,0.64281865
test_07949,0.98622655
test_07950,0.54649508
test_07951,0.00151241
test_07952,0.32313964
test_07953,0.04449502
test_07954,0.32968609
test_07955,0.00590774
test_07956,0.36100280
test_07957,0.51914382
test_07958,0.34346533
test_07959,0.63579464
test_07960,0.01328174
test_07961,0.84381760
test_07962,0.36844432
test_07963,0.92675275
test_07964,0.00399185
test_07965,0.05477873
test_07966,0.63962818
test_07967,0.60845746
test_07968,0.03033530
test_07969,0.38374797
test_07970,0.00987500
test_07971,0.02081677
test_07972,0.88049295
test_07973,0.06016697
test_07974,0.99854289
test_07975,0.36829880
test_07976,0.45488244
test_07977,0.38106423
test_07978,0.73320031
test_07979,0.13732323
test_07980,0.55963830
test_07981,0.14968860
test_07982,0.03205847
test_07983,0.12544212
test_07984,0.58073797
test_07985,0.99577641
test_07986,0.48450503
test_07987,0.00130106
test_07988,0.36354526
test_07989,0.03273677
test_07990,0.32259421
test_07991,0.77351467
test_07992,0.04462026
test_07993,0.89454923
test_07994,0.70696568
test_07995,0.88648722
test_07996,0.98909388
test_07997,0.90682461
test_07998,0.61795945
test_07999,0.98642338
test_08000,0.42384042
test_08001,0.00182673
test_08002,0.13793449
test_08003,0.51839876
test_08004,0.14902426
test_08005,0.98790435
test_08006,0.92373668
test_08007,0.02057456
test_08008,0.57520083
test_08009,0.26246496
test_08010,0.84201684
test_08011,0.98829494
test_08012,0.91952039
test_08013,0.02080562
test_08014,0.44252757
test_08015,0.01439204
test_08016,0.95953617
test_08017,0.47086995
test_08018,0.99588817
test_08019,0.97458818
test_08020,0.96113127
test_08021,0.43569067
test_08022,0.28962594
test_08023,0.06241087
test_08024,0.05698025
test_08025,0.68351288
test_08026,0.67426804
test_08027,0.46051425
test_08028,0.44546962
test_08029,0.88860220
test_08030,0.24621474
test_08031,0.06204200
test_08032,0.75156518
test_08033,0.11678177
test_08034,0.99834620
test_08035,0.00402740
test_08036,0.86849469
test_08037,0.02056728
test_08038,0.92298283
test_08039,0.67018517
test_08040,0.90077450
test_08041,0.66170844
test_08042,0.97021883
test_08043,0.07067797
test_08044,0.16326325
test_08045,0.21055874
test_08046,0.43477384
test_08047,0.38218335
test_08048,0.05913501
test_08049,0.57304224
test_08050,0.02121410
test_08051,0.05182841
test_08052,0.82268651
test_08053,0.61921572
test_08054,0.18086724
test_08055,0.99818716
test_08056,0.98644851
test_08057,0.04586386
test_08058,0.29931962
test_08059,0.37629504
test_08060,0.82265805
test_08061,0.37334020
test_08062,0.94759099
test_08063,0.46469901
test_08064,0.49525813
test_08065,0.93455542
test_08066,0.22049268
test_08067,0.69759505
test_08068,0.50289212
test_08069,0.68813133
test_08070,0.05738739
test_08071,0.85682418
test_08072,0.04940169
test_08073,0.52418575
test_08074,0.27013865
test_08075,0.50245557
test_08076,0.02772262
test_08077,0.20317025
test_08078,0.67367558
test_08079,0.14046476
test_08080,0.89457038
test_08081,0.08935916
test_08082,0.05688766
test_08083,0.96027936
test_08084,0.24973935
test_08085,0.03360692
test_08086,0.28617861
test_08087,0.65188841
test_08088,0.83029278
test_08089,0.05939843
test_08090,0.25372156
test_08091,0.68886817
test_08092,0.93310831
test_08093,0.50058306
test_08094,0.00562724
test_08095,0.71243276
test_08096,0.03230932
test_08097,0.96590799
test_08098,0.35889073
test_08099,0.12636210
test_08100,0.99450853
test_08101,0.01750373
test_08102,0.00181365
test_08103,0.98262872
test_08104,0.09013658
test_08105,0.96698217
test_08106,0.99180866
test_08107,0.51639717
test_08108,0.00390405
test_08109,0.69959060
test_08110,0.98609446
test_08111,0.38794996
test_08112,0.99916986
test_08113,0.36894177
test_08114,0.36575369
test_08115,0.34138627
test_08116,0.69435899
test_08117,0.15621832
test_08118,0.32599831
test_08119,0.73348238
test_08120,0.01654811
test_08121,0.17160255
test_08122,0.86202087
test_08123,0.46257413
test_08124,0.49114235
test_08125,0.88254346
test_08126,0.07569761
test_08127,0.27291321
test_08128,0.50187735
test_08129,0.14097876
test_08130,0.01165906
test_08131,0.98628978
test_08132,0.01454553
test_08133,0.40338036
test_08134,0.09881553
test_08135,0.40147393
test_08136,0.98342226
test_08137,0.23040040
test_08138,0.01316103
test_08139,0.89749432
test_08140,0.92611626
test_08141,0.50832684
test_08142,0.99891513
test_08143,0.63113053
test_08144,0.89422045
test_08145,0.45258167
test_08146,0.85070435
test_08147,0.27822939
test_08148,0.10444352
test_08149,0.46038090
test_08150,0.88132038
test_08151,0.94878556
test_08152,0.25910440
test_08153,0.79451923
test_08154,0.15067905
test_08155,0.17554176
test_08156,0.13260366
test_08157,0.13278515
test_08158,0.14194328
test_08159,0.98134914
test_08160,0.78598911
test_08161,0.95406325
test_08162,0.30142091
test_08163,0.99555041
test_08164,0.00828936
test_08165,0.38315913
test_08166,0.00796195
test_08167,0.39243395
test_08168,0.99753874
test_08169,0.91952826
test_08170,0.16424094
test_08171,0.96358401
test_08172,0.51883177
test_08173,0.01372552
test_08174,0.12517828
test_08175,0.99264787
test_08176,0.96964183
test_08177,0.93863555
test_08178,0.94992082
test_08179,0.83346110
test_08180,0.00351841
test_08181,0.41482938
test_08182,0.07248238
test_08183,0.98307603
test_08184,0.94689268
test_08185,0.76827816
test_08186,0.95033076
test_08187,0.51105089
test_08188,0.03704243
test_08189,0.15535205
test_08190,0.07370695
test_08191,0.95930757
test_08192,0.95526209
test_08193,0.99501489
test_08194,0.45638097
test_08195,0.00524858
test_08196,0.05366474
test_08197,0.99667784
test_08198,0.97049706
test_08199,0.01747224
test_08200,0.89183027
test_08201,0.01960494
test_08202,0.86033291
test_08203,0.50883470
test_08204,0.50348226
test_08205,0.58211704
test_08206,0.17076334
test_08207,0.76691460
test_08208,0.54412088
test_08209,0.04300510
test_08210,0.12875931
test_08211,0.06914987
test_08212,0.96528604
test_08213,0.99619883
test_08214,0.01794618
test_08215,0.02683367
test_08216,0.00551265
test_08217,0.90040620
test_08218,0.78056961
test_08219,0.50194469
test_08220,0.09217053
test_08221,0.32913600
test_08222,0.94849623
test_08223,0.00135206
test_08224,0.22867247
test_08225,0.10732629
test_08226,0.84176408
test_08227,0.79857011
test_08228,0.98286503
test_08229,0.00070401
test_08230,0.45874209
test_08231,0.06789900
test_08232,0.20824590
test_08233,0.01643926
test_08234,0.00368166
test_08235,0.04411827
test_08236,0.06825955
test_08237,0.62560262
test_08238,0.86100513
test_08239,0.64899313
test_08240,0.49714142
test_08241,0.51093145
test_08242,0.66847425
test_08243,0.00404083
test_08244,0.81375200
test_08245,0.49772180
test_08246,0.12885447
test_08247,0.41902919
test_08248,0.49036968
test_08249,0.98650639
test_08250,0.36112701
test_08251,0.98971779
test_08252,0.68672629
test_08253,0.00284264
test_08254,0.63902098
test_08255,0.00157289
test_08256,0.27314586
test_08257,0.11734133
test_08258,0.90673062
test_08259,0.97698118
test_08260,0.49900690
test_08261,0.96602938
test_08262,0.91858463
test_08263,0.69001893
test_08264,0.95131208
test_08265,0.80507039
test_08266,0.98313897
test_08267,0.05167166
test_08268,0.34841283
test_08269,0.81282062
test_08270,0.38936426
test_08271,0.69606532
test_08272,0.79982350
test_08273,0.57863394
test_08274,0.90913487
test_08275,0.10212358
test_08276,0.99610280
test_08277,0.00973423
test_08278,0.05450860
test_08279,0.37629657
test_08280,0.01803625
test_08281,0.59876022
test_08282,0.97451243
test_08283,0.93309144
test_08284,0.78618801
test_08285,0.87205847
test_08286,0.00762462
test_08287,0.26735866
test_08288,0.03999892
test_08289,0.03514158
test_08290,0.13592513
test_08291,0.14704758
test_08292,0.10224060
test_08293,0.59188886
test_08294,0.38976740
test_08295,0.97049013
test_08296,0.95108361
test_08297,0.96829125
test_08298,0.06452128
test_08299,0.00106980
test_08300,0.85130743
test_08301,0.49539676
test_08302,0.99335802
test_08303,0.98540077
test_08304,0.92896359
test_08305,0.48755605
test_08306,0.01337036
test_08307,0.70966896
test_08308,0.97047391
test_08309,0.36332633
test_08310,0.76651623
test_08311,0.41684279
test_08312,0.99175212
test_08313,0.63746584
test_08314,0.07189364
test_08315,0.92763324
test_08316,0.90457414
test_08317,0.90370610
test_08318,0.17318842
test_08319,0.93918613
test_08320,0.69476251
test_08321,0.22545234
test_08322,0.87636650
test_08323,0.67357666
test_08324,0.53991539
test_08325,0.98117160
test_08326,0.45864033
test_08327,0.00387258
test_08328,0.44324628
test_08329,0.97852996
test_08330,0.72658558
test_08331,0.54642305
test_08332,0.06413795
test_08333,0.28770487
test_08334,0.56106251
test_08335,0.50042896
test_08336,0.49879453
test_08337,0.93631006
test_08338,0.54145676
test_08339,0.07615240
test_08340,0.00223397
test_08341,0.75878700
test_08342,0.46106489
test_08343,0.95261814
test_08344,0.64898386
test_08345,0.99370968
test_08346,0.10455081
test_08347,0.02621071
test_08348,0.85260112
test_08349,0.18274368
test_08350,0.59890316
test_08351,0.94773275
test_08352,0.40855763
test_08353,0.66778752
test_08354,0.03048067
test_08355,0.94230219
test_08356,0.67628631
test_08357,0.20475736
test_08358,0.62936456
test_08359,0.97932309
test_08360,0.71145165
test_08361,0.70165370
test_08362,0.00252830
test_08363,0.99604399
test_08364,0.36460216
test_08365,0.04531097
test_08366,0.49991419
test_08367,0.85278254
test_08368,0.98069661
test_08369,0.41553615
test_08370,0.98819731
test_08371,0.07896640
test_08372,0.36590415
test_08373,0.95624251
test_08374,0.96354578
test_08375,0.01304396
test_08376,0.59354204
test_08377,0.50529290
test_08378,0.51637497
test_08379,0.82584996
test_08380,0.97552935
test_08381,0.74776985
test_08382,0.87187913
test_08383,0.03027321
test_08384,0.02053720
test_08385,0.02264716
test_08386,0.00156441
test_08387,0.02165362
test_08388,0.00909915
test_08389,0.52040690
test_08390,0.05049170
test_08391,0.00999791
test_08392,0.75941195
test_08393,0.99697862
test_08394,0.03480049
test_08395,0.02413624
test_08396,0.24302007
test_08397,0.30620963
test_08398,0.90119320
test_08399,0.27689171
test_08400,0.18877301
test_08401,0.49054427
test_08402,0.22593082
test_08403,0.05268703
test_08404,0.68951704
test_08405,0.01548613
test_08406,0.15395915
test_08407,0.70812857
test_08408,0.04868480
test_08409,0.02336070
test_08410,0.94702804
test_08411,0.99064977
test_08412,0.88329431
test_08413,0.07063728
test_08414,0.43300907
test_08415,0.00087805
test_08416,0.95509602
test_08417,0.67710408
test_08418,0.70280523
test_08419,0.38489410
test_08420,0.83586551
test_08421,0.10692480
test_08422,0.92235290
test_08423,0.87221736
test_08424,0.01335464
test_08425,0.31505416
test_08426,0.10407222
test_08427,0.98291626
test_08428,0.89602047
test_08429,0.17773033
test_08430,0.63500544
test_08431,0.46052490
test_08432,0.01047741
test_08433,0.33239775
test_08434,0.96587952
test_08435,0.29766911
test_08436,0.81735849
test_08437,0.04600035
test_08438,0.89434377
test_08439,0.89805999
test_08440,0.62071481
test_08441,0.40163334
test_08442,0.83204585
test_08443,0.23406328
test_08444,0.36846520
test_08445,0.85069454
test_08446,0.05187269
test_08447,0.38985847
test_08448,0.43738058
test_08449,0.83841365
test_08450,0.49900093
test_08451,0.41799307
test_08452,0.01464331
test_08453,0.34886984
test_08454,0.00854222
test_08455,0.68405802
test_08456,0.99607522
test_08457,0.63676704
test_08458,0.01557671
test_08459,0.96655550
test_08460,0.93398357
test_08461,0.31492136
test_08462,0.41080951
test_08463,0.59352771
test_08464,0.06363896
test_08465,0.99343201
test_08466,0.12258815
test_08467,0.01023249
test_08468,0.98808868
test_08469,0.01754667
test_08470,0.28481102
test_08471,0.23611512
test_08472,0.97832365
test_08473,0.01266484
test_08474,0.70585303
test_08475,0.01002262
test_08476,0.84050275
test_08477,0.99134447
test_08478,0.95476848
test_08479,0.67522203
test_08480,0.45069489
test_08481,0.37622354
test_08482,0.94799559
test_08483,0.40808726
test_08484,0.99389356
test_08485,0.28959983
test_08486,0.52701358
test_08487,0.54232054
test_08488,0.47977470
test_08489,0.09587887
test_08490,0.93419726
test_08491,0.93498015
test_08492,0.99695940
test_08493,0.49286732
test_08494,0.47190656
test_08495,0.29255603
test_08496,0.42770550
test_08497,0.90252989
test_08498,0.04329867
test_08499,0.51363741
test_08500,0.91525612
test_08501,0.39594248
test_08502,0.99464293
test_08503,0.03233365
test_08504,0.91843057
test_08505,0.36832504
test_08506,0.50005567
test_08507,0.01942672
test_08508,0.93987993
test_08509,0.73992717
test_08510,0.98092963
test_08511,0.32763751
test_08512,0.69782086
test_08513,0.85431910
test_08514,0.00711303
test_08515,0.58366268
test_08516,0.99685992
test_08517,0.99476684
test_08518,0.95016769
test_08519,0.99591902
test_08520,0.42878142
test_08521,0.46933909
test_08522,0.20517205
test_08523,0.00849394
test_08524,0.17930237
test_08525,0.91468983
test_08526,0.01242875
test_08527,0.10513127
test_08528,0.00258260
test_08529,0.65200221
test_08530,0.00060741
test_08531,0.05981333
test_08532,0.65466355
test_08533,0.94207356
test_08534,0.07633617
test_08535,0.95783140
test_08536,0.03427461
test_08537,0.98625206
test_08538,0.67047043
test_08539,0.37669487
test_08540,0.79210428
test_08541,0.05146814
test_08542,0.59325595
test_08543,0.20741763
test_08544,0.60575576
test_08545,0.86358245
test_08546,0.62242851
test_08547,0.90910372
test_08548,0.35182990
test_08549,0.04992297
test_08550,0.55946317
test_08551,0.96791764
test_08552,0.48585994
test_08553,0.98045361
test_08554,0.00779089
test_08555,0.98216086
test_08556,0.00294559
test_08557,0.05336612
test_08558,0.02140682
test_08559,0.71159559
test_08560,0.36885283
test_08561,0.65578899
test_08562,0.56229773
test_08563,0.00203625
test_08564,0.29090651
test_08565,0.99826405
test_08566,0.90628557
test_08567,0.74295843
test_08568,0.68471221
test_08569,0.08822248
test_08570,0.10047815
test_08571,0.04114495
test_08572,0.96468270
test_08573,0.99820920
test_08574,0.11881121
test_08575,0.94751999
test_08576,0.79553699
test_08577,0.96371842
test_08578,0.08405134
test_08579,0.86898287
test_08580,0.94881950
test_08581,0.76696803
test_08582,0.36439483
test_08583,0.15871895
test_08584,0.06027672
test_08585,0.31056120
test_08586,0.55710741
test_08587,0.08391393
test_08588,0.52738192
test_08589,0.47258072
test_08590,0.84949077
test_08591,0.07989595
test_08592,0.67565978
test_08593,0.16781114
test_08594,0.12174665
test_08595,0.63969245
test_08596,0.88719240
test_08597,0.51686331
test_08598,0.72348023
test_08599,0.49811139
test_08600,0.69466545
test_08601,0.95763664
test_08602,0.96217133
test_08603,0.65828440
test_08604,0.98189028
test_08605,0.42961241
test_08606,0.91444666
test_08607,0.94034361
test_08608,0.39547339
test_08609,0.17719631
test_08610,0.84681797
test_08611,0.09162349
test_08612,0.70753705
test_08613,0.48677310
test_08614,0.97755332
test_08615,0.41188367
test_08616,0.98523200
test_08617,0.40282226
test_08618,0.01922911
test_08619,0.98819773
test_08620,0.59371523
test_08621,0.99694056
test_08622,0.92746172
test_08623,0.11903044
test_08624,0.50972417
test_08625,0.81625454
test_08626,0.48629185
test_08627,0.44214782
test_08628,0.98577384
test_08629,0.03208866
test_08630,0.79830340
test_08631,0.14836683
test_08632,0.16760672
test_08633,0.66929674
test_08634,0.80913704
test_08635,0.89569123
test_08636,0.45736842
test_08637,0.91962715
test_08638,0.74058275
test_08639,0.23302934
test_08640,0.07045663
test_08641,0.19362258
test_08642,0.98255594
test_08643,0.15744309
test_08644,0.79325701
test_08645,0.01484188
test_08646,0.01656003
test_08647,0.01043082
test_08648,0.00459427
test_08649,0.64922634
test_08650,0.95429254
test_08651,0.79430166
test_08652,0.70269482
test_08653,0.84288324
test_08654,0.11359190
test_08655,0.88509067
test_08656,0.11519536
test_08657,0.85528730
test_08658,0.97045770
test_08659,0.06753705
test_08660,0.18048337
test_08661,0.56679735
test_08662,0.09815345
test_08663,0.00257089
test_08664,0.13742483
test_08665,0.00030563
test_08666,0.97950018
test_08667,0.97404520
test_08668,0.98844941
test_08669,0.94970933
test_08670,0.93057666
test_08671,0.51778541
test_08672,0.75260515
test_08673,0.98360748
test_08674,0.97683483
test_08675,0.02717968
test_08676,0.50563635
test_08677,0.54638269
test_08678,0.74474767
test_08679,0.97999448
test_08680,0.90806937
test_08681,0.17913142
test_08682,0.31175519
test_08683,0.65876342
test_08684,0.42462678
test_08685,0.86133504
test_08686,0.97999661
test_08687,0.33784172
test_08688,0.96298073
test_08689,0.90984895
test_08690,0.34201395
test_08691,0.96925113
test_08692,0.97032734
test_08693,0.00886923
test_08694,0.34788839
test_08695,0.69194352
test_08696,0.18845656
test_08697,0.10862511
test_08698,0.59174185
test_08699,0.47356919
test_08700,0.73695573
test_08701,0.98367690
test_08702,0.01392474
test_08703,0.32224815
test_08704,0.21575568
test_08705,0.04134878
test_08706,0.08057949
test_08707,0.86971008
test_08708,0.93757169
test_08709,0.87276841
test_08710,0.00093962
test_08711,0.95656481
test_08712,0.02125255
test_08713,0.99372148
test_08714,0.98534170
test_08715,0.01310226
test_08716,0.67055360
test_08717,0.41437555
test_08718,0.50544949
test_08719,0.95444207
test_08720,0.53333444
test_08721,0.72907642
test_08722,0.59870245
test_08723,0.56414658
test_08724,0.00601513
test_08725,0.51999872
test_08726,0.73764766
test_08727,0.36629819
test_08728,0.00251099
test_08729,0.86290758
test_08730,0.15211859
test_08731,0.99814730
test_08732,0.53791871
test_08733,0.43671878
test_08734,0.82780401
test_08735,0.40091895
test_08736,0.92596787
test_08737,0.01321675
test_08738,0.49947005
test_08739,0.12704315
test_08740,0.16648746
test_08741,0.25291176
test_08742,0.52082551
test_08743,0.07257042
test_08744,0.49171431
test_08745,0.95862740
test_08746,0.15767474
test_08747,0.99087751
test_08748,0.30986631
test_08749,0.33809070
test_08750,0.89400508
test_08751,0.39079833
test_08752,0.07640953
test_08753,0.71055036
test_08754,0.01073599
test_08755,0.64586542
test_08756,0.94244588
test_08757,0.96814654
test_08758,0.03969641
test_08759,0.00187667
test_08760,0.16379300
test_08761,0.50762955
test_08762,0.60943051
test_08763,0.04123429
test_08764,0.51442802
test_08765,0.27358662
test_08766,0.98176189
test_08767,0.05541901
test_08768,0.68179844
test_08769,0.00713685
test_08770,0.95353384
test_08771,0.60747492
test_08772,0.04290342
test_08773,0.05337596
test_08774,0.00220545
test_08775,0.56597983
test_08776,0.85904809
test_08777,0.04639221
test_08778,0.93553550
test_08779,0.69541842
test_08780,0.19856254
test_08781,0.74812572
test_08782,0.48314007
test_08783,0.99964600
test_08784,0.84941962
test_08785,0.35222589
test_08786,0.87113281
test_08787,0.42678769
test_08788,0.44835920
test_08789,0.64798400
test_08790,0.14408596
test_08791,0.01830336
test_08792,0.26297031
test_08793,0.12858437
test_08794,0.02731916
test_08795,0.91257335
test_08796,0.99466603
test_08797,0.51911640
test_08798,0.72520505
test_08799,0.95548116
test_08800,0.87841386
test_08801,0.97146533
test_08802,0.95809044
test_08803,0.98621733
test_08804,0.22968185
test_08805,0.80132064
test_08806,0.86882681
test_08807,0.13255153
test_08808,0.88444550
test_08809,0.74220812
test_08810,0.00515140
test_08811,0.96094787
test_08812,0.12810818
test_08813,0.60096307
test_08814,0.10366990
test_08815,0.00058072
test_08816,0.04411687
test_08817,0.55098595
test_08818,0.12701292
test_08819,0.72056751
test_08820,0.58702916
test_08821,0.21824739
test_08822,0.68363726
test_08823,0.48771255
test_08824,0.50415967
test_08825,0.95324931
test_08826,0.05628910
test_08827,0.99250376
test_08828,0.80285543
test_08829,0.41973376
test_08830,0.55654964
test_08831,0.61614975
test_08832,0.44094965
test_08833,0.78620437
test_08834,0.64948141
test_08835,0.81635470
test_08836,0.49523131
test_08837,0.56234157
test_08838,0.63864266
test_08839,0.71466701
test_08840,0.63246370
test_08841,0.82380182
test_08842,0.02769086
test_08843,0.89340010
test_08844,0.06146315
test_08845,0.13493275
test_08846,0.59660498
test_08847,0.69032147
test_08848,0.01704227
test_08849,0.36764909
test_08850,0.86724307
test_08851,0.00780110
test_08852,0.22882289
test_08853,0.83805708
test_08854,0.76841669
test_08855,0.50370302
test_08856,0.67550049
test_08857,0.97219453
test_08858,0.90610109
test_08859,0.07162905
test_08860,0.94746751
test_08861,0.63734399
test_08862,0.37038482
test_08863,0.04868039
test_08864,0.47825029
test_08865,0.35817691
test_08866,0.71561860
test_08867,0.93515621
test_08868,0.00535035
test_08869,0.82533104
test_08870,0.52901066
test_08871,0.67189852
test_08872,0.25284383
test_08873,0.62810991
test_08874,0.03895781
test_08875,0.95830938
test_08876,0.94128578
test_08877,0.55834488
test_08878,0.81295311
test_08879,0.67095029
test_08880,0.78114274
test_08881,0.95099401
test_08882,0.10519895
test_08883,0.41343073
test_08884,0.99842505
test_08885,0.03955636
test_08886,0.01015535
test_08887,0.32296667
test_08888,0.49695809
test_08889,0.99506508
test_08890,0.49824417
test_08891,0.48387771
test_08892,0.29708948
test_08893,0.37713697
test_08894,0.98862704
test_08895,0.46799825
test_08896,0.99116701
test_08897,0.00897550
test_08898,0.80756200
test_08899,0.12286146
test_08900,0.96563370
test_08901,0.97102271
test_08902,0.77683591
test_08903,0.58311161
test_08904,0.98160169
test_08905,0.95857019
test_08906,0.79138773
test_08907,0.60238482
test_08908,0.99957618
test_08909,0.21890200
test_08910,0.03412305
test_08911,0.92475995
test_08912,0.06281217
test_08913,0.34396113
test_08914,0.01184932
test_08915,0.44821295
test_08916,0.94629086
test_08917,0.96698886
test_08918,0.88461324
test_08919,0.74583836
test_08920,0.00176342
test_08921,0.53925796
test_08922,0.33972035
test_08923,0.58274966
test_08924,0.97680919
test_08925,0.83240930
test_08926,0.10769375
test_08927,0.18038362
test_08928,0.40636060
test_08929,0.98006607
test_08930,0.99961299
test_08931,0.22874445
test_08932,0.50122929
test_08933,0.69921082
test_08934,0.55367091
test_08935,0.78373050
test_08936,0.98732973
test_08937,0.87208704
test_08938,0.99839045
test_08939,0.00372820
test_08940,0.46548521
test_08941,0.03003582
test_08942,0.60073075
test_08943,0.65997833
test_08944,0.81954012
test_08945,0.99746596
test_08946,0.89766052
test_08947,0.55871204
test_08948,0.73054172
test_08949,0.49025002
test_08950,0.39026169
test_08951,0.98214088
test_08952,0.60924795
test_08953,0.63359751
test_08954,0.94625467
test_08955,0.84302112
test_08956,0.93848504
test_08957,0.34310895
test_08958,0.12825957
test_08959,0.11363378
test_08960,0.58542162
test_08961,0.06344678
test_08962,0.05891575
test_08963,0.33842568
test_08964,0.09364617
test_08965,0.04522637
test_08966,0.65848967
test_08967,0.00225684
test_08968,0.92892274
test_08969,0.02166552
test_08970,0.99462973
test_08971,0.08403278
test_08972,0.04577981
test_08973,0.98430480
test_08974,0.03351563
test_08975,0.44286634
test_08976,0.29540906
test_08977,0.60901904
test_08978,0.46437253
test_08979,0.99666939
test_08980,0.95671492
test_08981,0.96876837
test_08982,0.97981689
test_08983,0.80169635
test_08984,0.49386463
test_08985,0.00866829
test_08986,0.74119499
test_08987,0.03017766
test_08988,0.07699578
test_08989,0.97422990
test_08990,0.35023671
test_08991,0.38148706
test_08992,0.31962372
test_08993,0.46150748
test_08994,0.95411582
test_08995,0.00342083
test_08996,0.96204299
test_08997,0.78930155
test_08998,0.55637780
test_08999,0.91638529
test_09000,0.76063900
test_09001,0.91375542
test_09002,0.01606885
test_09003,0.93674516
test_09004,0.45872737
test_09005,0.94373399
test_09006,0.60638828
test_09007,0.57560127
test_09008,0.45776072
test_09009,0.67101724
test_09010,0.96672130
test_09011,0.00605114
test_09012,0.84120796
test_09013,0.98438824
test_09014,0.05925337
test_09015,0.77292997
test_09016,0.93906339
test_09017,0.52893448
test_09018,0.82659963
test_09019,0.86982565
test_09020,0.07002060
test_09021,0.47555202
test_09022,0.97253988
test_09023,0.02189443
test_09024,0.87235413
test_09025,0.99408970
test_09026,0.86050874
test_09027,0.96777994
test_09028,0.35179516
test_09029,0.10740611
test_09030,0.92861224
test_09031,0.29409907
test_09032,0.92139289
test_09033,0.50187330
test_09034,0.00021414
test_09035,0.24844114
test_09036,0.28873747
test_09037,0.07568528
test_09038,0.01159221
test_09039,0.02623813
test_09040,0.69645115
test_09041,0.52577594
test_09042,0.78061311
test_09043,0.26593893
test_09044,0.56683263
test_09045,0.10410269
test_09046,0.97954428
test_09047,0.25218912
test_09048,0.06734990
test_09049,0.99707139
test_09050,0.35790192
test_09051,0.85982778
test_09052,0.97013346
test_09053,0.77492715
test_09054,0.62181574
test_09055,0.19954732
test_09056,0.39607745
test_09057,0.02857782
test_09058,0.59832553
test_09059,0.41867270
test_09060,0.99127119
test_09061,0.04198000
test_09062,0.29803731
test_09063,0.96249662
test_09064,0.02314026
test_09065,0.93440479
test_09066,0.51479455
test_09067,0.95690150
test_09068,0.01380289
test_09069,0.05314742
test_09070,0.05266214
test_09071,0.84462936
test_09072,0.97607094
test_09073,0.78751235
test_09074,0.85087201
test_09075,0.68247443
test_09076,0.32093976
test_09077,0.99217588
test_09078,0.99944556
test_09079,0.99673150
test_09080,0.73878455
test_09081,0.66097942
test_09082,0.02523516
test_09083,0.99258347
test_09084,0.39059515
test_09085,0.60805405
test_09086,0.99710170
test_09087,0.18876584
test_09088,0.01413702
test_09089,0.74043906
test_09090,0.51305843
test_09091,0.01533154
test_09092,0.00146691
test_09093,0.35161183
test_09094,0.93587632
test_09095,0.90830148
test_09096,0.04632345
test_09097,0.37942684
test_09098,0.55050283
test_09099,0.35753714
test_09100,0.40348222
test_09101,0.26474712
test_09102,0.04002646
test_09103,0.07876893
test_09104,0.78160307
test_09105,0.27361488
test_09106,0.51350395
test_09107,0.01658515
test_09108,0.98644423
test_09109,0.04038186
test_09110,0.61421386
test_09111,0.65599101
test_09112,0.96991140
test_09113,0.96553902
test_09114,0.01270289
test_09115,0.36276213
test_09116,0.57750483
test_09117,0.37586638
test_09118,0.87603933
test_09119,0.02790266
test_09120,0.98759920
test_09121,0.82539010
test_09122,0.68943950
test_09123,0.01482578
test_09124,0.83196917
test_09125,0.95137591
test_09126,0.01164343
test_09127,0.93676275
test_09128,0.01151244
test_09129,0.00357416
test_09130,0.25215929
test_09131,0.02841778
test_09132,0.10871537
test_09133,0.27066772
test_09134,0.22629189
test_09135,0.99904747
test_09136,0.93506302
test_09137,0.99891753
test_09138,0.53112658
test_09139,0.36297224
test_09140,0.87672596
test_09141,0.11484182
test_09142,0.13091386
test_09143,0.13939569
test_09144,0.78738352
test_09145,0.92706153
test_09146,0.02052764
test_09147,0.80604249
test_09148,0.01417616
test_09149,0.98329810
test_09150,0.45151442
test_09151,0.09977524
test_09152,0.03579167
test_09153,0.55190038
test_09154,0.97618026
test_09155,0.44944932
test_09156,0.24635033
test_09157,0.03425915
test_09158,0.64228764
test_09159,0.45376922
test_09160,0.52176883
test_09161,0.69717220
test_09162,0.16659754
test_09163,0.92816163
test_09164,0.09036036
test_09165,0.25904937
test_09166,0.98323386
test_09167,0.40011919
test_09168,0.93219703
test_09169,0.97493437
test_09170,0.47043047
test_09171,0.53035621
test_09172,0.82512239
test_09173,0.97840514
test_09174,0.03751542
test_09175,0.01318773
test_09176,0.14336998
test_09177,0.25780181
test_09178,0.96820709
test_09179,0.02347282
test_09180,0.25574363
test_09181,0.47887208
test_09182,0.99584883
test_09183,0.00521325
test_09184,0.11589763
test_09185,0.28363108
test_09186,0.35808916
test_09187,0.93510616
test_09188,0.09655605
test_09189,0.00928681
test_09190,0.95735157
test_09191,0.59295219
test_09192,0.11756110
test_09193,0.60507135
test_09194,0.01066764
test_09195,0.97279292
test_09196,0.99295690
test_09197,0.91432540
test_09198,0.04009693
test_09199,0.87204492
test_09200,0.00167084
test_09201,0.19415848
test_09202,0.00540247
test_09203,0.99838044
test_09204,0.72766131
test_09205,0.52798278
test_09206,0.50622452
test_09207,0.01978192
test_09208,0.47951823
test_09209,0.09500529
test_09210,0.52021896
test_09211,0.92795176
test_09212,0.02262620
test_09213,0.81668737
test_09214,0.79084355
test_09215,0.52382641
test_09216,0.01658862
test_09217,0.56319960
test_09218,0.62257440
test_09219,0.98548724
test_09220,0.92796266
test_09221,0.73696172
test_09222,0.06277343
test_09223,0.50350608
test_09224,0.84621280
test_09225,0.98790123
test_09226,0.97388052
test_09227,0.01610747
test_09228,0.22093421
test_09229,0.02380768
test_09230,0.51903085
test_09231,0.97143964
test_09232,0.46129026
test_09233,0.05107701
test_09234,0.97031679
test_09235,0.06526107
test_09236,0.33984882
test_09237,0.93487265
test_09238,0.99612752
test_09239,0.53186809
test_09240,0.48456358
test_09241,0.12273540
test_09242,0.88108332
test_09243,0.00416511
test_09244,0.47524825
test_09245,0.99270917
test_09246,0.57634971
test_09247,0.37200409
test_09248,0.54464688
test_09249,0.96308280
test_09250,0.05230513
test_09251,0.20575862
test_09252,0.00554582
test_09253,0.99810292
test_09254,0.29226247
test_09255,0.44951008
test_09256,0.70178241
test_09257,0.37510686
test_09258,0.05408623
test_09259,0.96250275
test_09260,0.05334502
test_09261,0.15648759
test_09262,0.55739896
test_09263,0.45912585
test_09264,0.45711957
test_09265,0.52358624
test_09266,0.97762690
test_09267,0.92005026
test_09268,0.98434270
test_09269,0.07124775
test_09270,0.00885788
test_09271,0.84981266
test_09272,0.90821945
test_09273,0.96201453
test_09274,0.31325452
test_09275,0.00842316
test_09276,0.52049902
test_09277,0.99951845
test_09278,0.34394986
test_09279,0.14460603
test_09280,0.14354262
test_09281,0.65072452
test_09282,0.37155644
test_09283,0.00054851
test_09284,0.92217986
test_09285,0.01088348
test_09286,0.42918648
test_09287,0.80305398
test_09288,0.31035297
test_09289,0.92647147
test_09290,0.23178354
test_09291,0.78396879
test_09292,0.60364356
test_09293,0.02829584
test_09294,0.25780911
test_09295,0.08082409
test_09296,0.07860568
test_09297,0.82865001
test_09298,0.76286467
test_09299,0.18401205
test_09300,0.00379653
test_09301,0.02215942
test_09302,0.97741217
test_09303,0.99045836
test_09304,0.07000606
test_09305,0.67108320
test_09306,0.37528172
test_09307,0.22254649
test_09308,0.00536329
test_09309,0.92060720
test_09310,0.97728835
test_09311,0.43805802
test_09312,0.89759573
test_09313,0.81327443
test_09314,0.00023073
test_09315,0.48346046
test_09316,0.97946712
test_09317,0.97760572
test_09318,0.50183571
test_09319,0.54460832
test_09320,0.62072239
test_09321,0.89013759
test_09322,0.52285013
test_09323,0.99566834
test_09324,0.65567391
test_09325,0.99203460
test_09326,0.52724114
test_09327,0.12678824
test_09328,0.47950517
test_09329,0.00776827
test_09330,0.16548412
test_09331,0.99810311
test_09332,0.06478393
test_09333,0.50392295
test_09334,0.92667277
test_09335,0.07408284
test_09336,0.21898594
test_09337,0.43046405
test_09338,0.48764548
test_09339,0.46481129
test_09340,0.85753683
test_09341,0.09775396
test_09342,0.79810475
test_09343,0.00328390
test_09344,0.94465610
test_09345,0.90773580
test_09346,0.55186819
test_09347,0.05124843
test_09348,0.59697680
test_09349,0.03908947
test_09350,0.61208286
test_09351,0.84283238
test_09352,0.16975606
test_09353,0.00134038
test_09354,0.89944098
test_09355,0.95219711
test_09356,0.96395398
test_09357,0.99355621
test_09358,0.00089889
test_09359,0.00591598
test_09360,0.43781681
test_09361,0.09239518
test_09362,0.19449462
test_09363,0.98794141
test_09364,0.03263764
test_09365,0.07806856
test_09366,0.82833568
test_09367,0.41549875
test_09368,0.60397713
test_09369,0.29208108
test_09370,0.12132292
test_09371,0.31466009
test_09372,0.99859244
test_09373,0.03379006
test_09374,0.98943144
test_09375,0.20917333
test_09376,0.13110605
test_09377,0.38226610
test_09378,0.96595057
test_09379,0.99551769
test_09380,0.23200994
test_09381,0.87488868
test_09382,0.99374160
test_09383,0.59255713
test_09384,0.25933314
test_09385,0.99150543
test_09386,0.93078949
test_09387,0.64533218
test_09388,0.51776003
test_09389,0.98399482
test_09390,0.51045357
test_09391,0.02505997
test_09392,0.07287855
test_09393,0.05773262
test_09394,0.98642556
test_09395,0.47350071
test_09396,0.51369683
test_09397,0.11020184
test_09398,0.94906528
test_09399,0.03448013
test_09400,0.51250116
test_09401,0.53517583
test_09402,0.83984541
test_09403,0.05961755
test_09404,0.87578719
test_09405,0.45207286
test_09406,0.85275849
test_09407,0.66576351
test_09408,0.06819486
test_09409,0.32346484
test_09410,0.85283441
test_09411,0.99834501
test_09412,0.96783277
test_09413,0.92949586
test_09414,0.12114164
test_09415,0.99430558
test_09416,0.98899898
test_09417,0.04418529
test_09418,0.93779657
test_09419,0.06257220
test_09420,0.79114892
test_09421,0.11111237
test_09422,0.00245890
test_09423,0.10104774
test_09424,0.72019083
test_09425,0.13146070
test_09426,0.55567269
test_09427,0.06212527
test_09428,0.11078150
test_09429,0.58020519
test_09430,0.55246076
test_09431,0.60210800
test_09432,0.44666947
test_09433,0.52529313
test_09434,0.85760807
test_09435,0.64576108
test_09436,0.00896749
test_09437,0.08575768
test_09438,0.51881307
test_09439,0.46399700
test_09440,0.90526600
test_09441,0.00847898
test_09442,0.25597793
test_09443,0.89151248
test_09444,0.95992364
test_09445,0.49539342
test_09446,0.42622739
test_09447,0.31980311
test_09448,0.87869628
test_09449,0.63120454
test_09450,0.98653609
test_09451,0.09620257
test_09452,0.97040675
test_09453,0.94955503
test_09454,0.40202374
test_09455,0.99923617
test_09456,0.98384358
test_09457,0.24774327
test_09458,0.27489344
test_09459,0.95798953
test_09460,0.99349211
test_09461,0.99478831
test_09462,0.10559308
test_09463,0.06619461
test_09464,0.10480522
test_09465,0.90736530
test_09466,0.05778102
test_09467,0.94104354
test_09468,0.44560422
test_09469,0.05627967
test_09470,0.98527475
test_09471,0.10289990
test_09472,0.98206267
test_09473,0.34745241
test_09474,0.31235169
test_09475,0.97588061
test_09476,0.67714033
test_09477,0.34045845
test_09478,0.11231617
test_09479,0.50101389
test_09480,0.01235700
test_09481,0.00659331
test_09482,0.06311129
test_09483,0.94575610
test_09484,0.04334168
test_09485,0.11146305
test_09486,0.42714847
test_09487,0.99287825
test_09488,0.06362505
test_09489,0.95839527
test_09490,0.43974815
test_09491,0.15618439
test_09492,0.98472956
test_09493,0.15231651
test_09494,0.80394077
test_09495,0.03554324
test_09496,0.24735554
test_09497,0.04975864
test_09498,0.95414109
test_09499,0.88379858
test_09500,0.95146905
test_09501,0.97312892
test_09502,0.40377431
test_09503,0.90207148
test_09504,0.31103936
test_09505,0.85978267
test_09506,0.51485944
test_09507,0.96362453
test_09508,0.98548486
test_09509,0.04212299
test_09510,0.49630457
test_09511,0.04216486
test_09512,0.31266596
test_09513,0.49892184
test_09514,0.94696098
test_09515,0.18241463
test_09516,0.92030601
test_09517,0.95840754
test_09518,0.08783785
test_09519,0.96331014
test_09520,0.52581639
test_09521,0.82025085
test_09522,0.12939344
test_09523,0.05238495
test_09524,0.95734465
test_09525,0.58276179
test_09526,0.97638008
test_09527,0.39242102
test_09528,0.21786935
test_09529,0.96202101
test_09530,0.24358003
test_09531,0.19365665
test_09532,0.44671939
test_09533,0.92909464
test_09534,0.90081301
test_09535,0.32772582
test_09536,0.03453402
test_09537,0.98355815
test_09538,0.33904662
test_09539,0.70236559
test_09540,0.01148804
test_09541,0.13962986
test_09542,0.44169011
test_09543,0.65509596
test_09544,0.69629228
test_09545,0.92019019
test_09546,0.14346170
test_09547,0.03301365
test_09548,0.02835704
test_09549,0.95361872
test_09550,0.01195879
test_09551,0.42881636
test_09552,0.70989306
test_09553,0.15057046
test_09554,0.00792734
test_09555,0.05251429
test_09556,0.22389625
test_09557,0.53886714
test_09558,0.45425898
test_09559,0.84849879
test_09560,0.27805225
test_09561,0.11602319
test_09562,0.95687213
test_09563,0.03988041
test_09564,0.95481314
test_09565,0.99652205
test_09566,0.45866792
test_09567,0.65755912
test_09568,0.99568989
test_09569,0.24965523
test_09570,0.31077608
test_09571,0.39276857
test_09572,0.48627679
test_09573,0.95012564
test_09574,0.99873969
test_09575,0.53411726
test_09576,0.35129123
test_09577,0.06101368
test_09578,0.27708987
test_09579,0.96196004
test_09580,0.02652879
test_09581,0.58783544
test_09582,0.77614349
test_09583,0.04219804
test_09584,0.95043400
test_09585,0.59184065
test_09586,0.76794380
test_09587,0.01946809
test_09588,0.63986299
test_09589,0.51398080
test_09590,0.56866991
test_09591,0.86884077
test_09592,0.74055239
test_09593,0.36573385
test_09594,0.96780116
test_09595,0.96211194
test_09596,0.97725368
test_09597,0.70160592
test_09598,0.53252492
test_09599,0.01363277
test_09600,0.03543774
test_09601,0.78606611
test_09602,0.15566218
test_09603,0.06774326
test_09604,0.41832792
test_09605,0.78763834
test_09606,0.82341805
test_09607,0.04260382
test_09608,0.29042102
test_09609,0.51222542
test_09610,0.87032867
test_09611,0.44774756
test_09612,0.83117901
test_09613,0.08074314
test_09614,0.09504873
test_09615,0.19602246
test_09616,0.02187584
test_09617,0.99825818
test_09618,0.07275885
test_09619,0.17303683
test_09620,0.99339489
test_09621,0.99916816
test_09622,0.32443584
test_09623,0.88722112
test_09624,0.03975597
test_09625,0.95680436
test_09626,0.63457062
test_09627,0.45034187
test_09628,0.02825172
test_09629,0.67980416
test_09630,0.96186430
test_09631,0.00338249
test_09632,0.02441196
test_09633,0.85443400
test_09634,0.33659419
test_09635,0.52354961
test_09636,0.08335765
test_09637,0.37823414
test_09638,0.01962186
test_09639,0.60331156
test_09640,0.02728090
test_09641,0.06370974
test_09642,0.12333331
test_09643,0.92165402
test_09644,0.00491369
test_09645,0.53954844
test_09646,0.12442350
test_09647,0.04182990
test_09648,0.98743097
test_09649,0.05230579
test_09650,0.52506209
test_09651,0.16991265
test_09652,0.51639314
test_09653,0.98626782
test_09654,0.24089008
test_09655,0.56248599
test_09656,0.93375305
test_09657,0.01783233
test_09658,0.38598973
test_09659,0.41156089
test_09660,0.53287368
test_09661,0.99937174
test_09662,0.10759414
test_09663,0.96152507
test_09664,0.51679981
test_09665,0.08501123
test_09666,0.69266108
test_09667,0.07218920
test_09668,0.00295453
test_09669,0.95294439
test_09670,0.46511530
test_09671,0.05498363
test_09672,0.97060707
test_09673,0.19666878
test_09674,0.41715584
test_09675,0.26663480
test_09676,0.92630799
test_09677,0.16964704
test_09678,0.60907270
test_09679,0.45853647
test_09680,0.73886556
test_09681,0.59073263
test_09682,0.00161191
test_09683,0.40400106
test_09684,0.96280115
test_09685,0.27785338
test_09686,0.48449320
test_09687,0.01865221
test_09688,0.50581895
test_09689,0.00291909
test_09690,0.98821034
test_09691,0.99485448
test_09692,0.76939315
test_09693,0.44598039
test_09694,0.99663877
test_09695,0.38605947
test_09696,0.03757405
test_09697,0.91059225
test_09698,0.97821966
test_09699,0.42435915
test_09700,0.52116237
test_09701,0.46157731
test_09702,0.99397881
test_09703,0.50754891
test_09704,0.96764188
test_09705,0.99295742
test_09706,0.47242056
test_09707,0.88360751
test_09708,0.55580427
test_09709,0.18574728
test_09710,0.19200414
test_09711,0.33325207
test_09712,0.01280058
test_09713,0.91039127
test_09714,0.71095780
test_09715,0.27891514
test_09716,0.07159428
test_09717,0.95104599
test_09718,0.58651153
test_09719,0.15628073
test_09720,0.93092284
test_09721,0.31061619
test_09722,0.06080396
test_09723,0.86746937
test_09724,0.46311962
test_09725,0.92124210
test_09726,0.02990290
test_09727,0.74258962
test_09728,0.26730092
test_09729,0.10391267
test_09730,0.95487037
test_09731,0.34511160
test_09732,0.09880292
test_09733,0.50201497
test_09734,0.44438001
test_09735,0.38216010
test_09736,0.27468753
test_09737,0.99129104
test_09738,0.00952568
test_09739,0.02098709
test_09740,0.00559895
test_09741,0.00192813
test_09742,0.00285905
test_09743,0.77180589
test_09744,0.99348157
test_09745,0.67179635
test_09746,0.74643495
test_09747,0.96905521
test_09748,0.43501678
test_09749,0.98634301
test_09750,0.75738253
test_09751,0.57425786
test_09752,0.51151027
test_09753,0.90446523
test_09754,0.01568301
test_09755,0.48972797
test_09756,0.51017551
test_09757,0.99741524
test_09758,0.96448880
test_09759,0.98536067
test_09760,0.01441878
test_09761,0.39109115
test_09762,0.00250966
test_09763,0.96526173
test_09764,0.04006026
test_09765,0.26672023
test_09766,0.01333051
test_09767,0.02857007
test_09768,0.76795188
test_09769,0.00305919
test_09770,0.09133380
test_09771,0.53693748
test_09772,0.91376388
test_09773,0.68578322
test_09774,0.00840557
test_09775,0.15302395
test_09776,0.65015772
test_09777,0.57799622
test_09778,0.00210742
test_09779,0.55122748
test_09780,0.02613603
test_09781,0.19972428
test_09782,0.99067055
test_09783,0.85754930
test_09784,0.03271234
test_09785,0.99069536
test_09786,0.28888948
test_09787,0.50654380
test_09788,0.95393818
test_09789,0.51801060
test_09790,0.26110601
test_09791,0.87206950
test_09792,0.22611277
test_09793,0.87631081
test_09794,0.03478063
test_09795,0.43876316
test_09796,0.44885077
test_09797,0.15152292
test_09798,0.97848880
test_09799,0.72748437
test_09800,0.62317589
test_09801,0.47214130
test_09802,0.99529092
test_09803,0.83591399
test_09804,0.62703491
test_09805,0.77578865
test_09806,0.73878401
test_09807,0.98537663
test_09808,0.69687880
test_09809,0.46143807
test_09810,0.95486567
test_09811,0.06868002
test_09812,0.17825846
test_09813,0.00113710
test_09814,0.82881599
test_09815,0.27790187
test_09816,0.38973669
test_09817,0.37119234
test_09818,0.71346613
test_09819,0.95599812
test_09820,0.99806821
test_09821,0.08912083
test_09822,0.99924224
test_09823,0.99544876
test_09824,0.94810136
test_09825,0.98415139
test_09826,0.98743543
test_09827,0.57321623
test_09828,0.81917260
test_09829,0.47201583
test_09830,0.92947203
test_09831,0.99590403
test_09832,0.98923865
test_09833,0.97746164
test_09834,0.95539956
test_09835,0.00184110
test_09836,0.99381477
test_09837,0.99179808
test_09838,0.69875413
test_09839,0.78480210
test_09840,0.13813650
test_09841,0.97656271
test_09842,0.10004089
test_09843,0.01480927
test_09844,0.02911222
test_09845,0.66255578
test_09846,0.56901796
test_09847,0.07007180
test_09848,0.21530910
test_09849,0.99641237
test_09850,0.99213643
test_09851,0.82287155
test_09852,0.67981278
test_09853,0.99985541
test_09854,0.56395632
test_09855,0.38998656
test_09856,0.00762675
test_09857,0.96084853
test_09858,0.50829557
test_09859,0.12850965
test_09860,0.26869680
test_09861,0.85533452
test_09862,0.18723064
test_09863,0.97946135
test_09864,0.62848696
test_09865,0.46897446
test_09866,0.30038016
test_09867,0.00418031
test_09868,0.94707441
test_09869,0.56058392
test_09870,0.49558681
test_09871,0.34179226
test_09872,0.22053920
test_09873,0.97951104
test_09874,0.26718006
test_09875,0.99530320
test_09876,0.97397533
test_09877,0.42370097
test_09878,0.00318180
test_09879,0.12509534
test_09880,0.05326949
test_09881,0.92230120
test_09882,0.01065104
test_09883,0.17323708
test_09884,0.90623522
test_09885,0.87675093
test_09886,0.95323920
test_09887,0.27150331
test_09888,0.00636031
test_09889,0.81915774
test_09890,0.41619336
test_09891,0.33052068
test_09892,0.97684173
test_09893,0.16382211
test_09894,0.74949531
test_09895,0.00342794
test_09896,0.36468721
test_09897,0.76767848
test_09898,0.55413611
test_09899,0.96683941
test_09900,0.00072999
test_09901,0.29781614
test_09902,0.60091812
test_09903,0.28759684
test_09904,0.02188635
test_09905,0.70784638
test_09906,0.14362623
test_09907,0.77026690
test_09908,0.02859034
test_09909,0.25462458
test_09910,0.01263960
test_09911,0.96582337
test_09912,0.50497804
test_09913,0.38419511
test_09914,0.08747369
test_09915,0.43857635
test_09916,0.97639382
test_09917,0.25149751
test_09918,0.39684481
test_09919,0.04468700
test_09920,0.35383823
test_09921,0.59481093
test_09922,0.02013511
test_09923,0.52545600
test_09924,0.95787480
test_09925,0.98892642
test_09926,0.93633113
test_09927,0.23366183
test_09928,0.03411615
test_09929,0.91400104
test_09930,0.99962197
test_09931,0.76726076
test_09932,0.93384872
test_09933,0.37344514
test_09934,0.18094431
test_09935,0.10764520
test_09936,0.85901102
test_09937,0.94188437
test_09938,0.81171826
test_09939,0.00875701
test_09940,0.56348841
test_09941,0.97592784
test_09942,0.40157842
test_09943,0.99993911
test_09944,0.69463799
test_09945,0.94744071
test_09946,0.00943391
test_09947,0.73237220
test_09948,0.95548506
test_09949,0.01946836
test_09950,0.47535010
test_09951,0.99153121
test_09952,0.24540923
test_09953,0.05534716
test_09954,0.10974342
test_09955,0.26481886
test_09956,0.98366704
test_09957,0.46436750
test_09958,0.52594389
test_09959,0.55684399
test_09960,0.79948969
test_09961,0.48988186
test_09962,0.99607062
test_09963,0.92357843
test_09964,0.49273093
test_09965,0.31559876
test_09966,0.61798986
test_09967,0.32530136
test_09968,0.04976640
test_09969,0.84096802
test_09970,0.19544531
test_09971,0.08324919
test_09972,0.98160243
test_09973,0.54100258
test_09974,0.99222568
test_09975,0.14914844
test_09976,0.98603797
test_09977,0.00520649
test_09978,0.51037026
test_09979,0.76787847
test_09980,0.42166633
test_09981,0.90899056
test_09982,0.99908325
test_09983,0.99018588
test_09984,0.01418125
test_09985,0.00268064
test_09986,0.98576931
test_09987,0.40827576
test_09988,0.99073506
test_09989,0.74633442
test_09990,0.11608950
test_09991,0.99294406
test_09992,0.03541115
test_09993,0.03423379
test_09994,0.99970480
test_09995,0.99902871
test_09996,0.93003125
test_09997,0.67465577
test_09998,0.03297942
test_09999,0.98848906
test_10000,0.52348019
test_10001,0.87105606
test_10002,0.99325564
test_10003,0.59883031
test_10004,0.86763797
test_10005,0.00920609
test_10006,0.76888048
test_10007,0.91036255
test_10008,0.54084436
test_10009,0.00062578
test_10010,0.99507166
test_10011,0.52023626
test_10012,0.04604524
test_10013,0.15354786
test_10014,0.02327430
test_10015,0.26041809
test_10016,0.51597996
test_10017,0.46057367
test_10018,0.95235173
test_10019,0.07428260
test_10020,0.18882623
test_10021,0.47151427
test_10022,0.40920961
test_10023,0.15136921
test_10024,0.65972810
test_10025,0.02096623
test_10026,0.72795314
test_10027,0.35586031
test_10028,0.01601406
test_10029,0.95544869
test_10030,0.59431123
test_10031,0.45303723
test_10032,0.08131260
test_10033,0.45361106
test_10034,0.25409310
test_10035,0.78775517
test_10036,0.46844557
test_10037,0.99720486
test_10038,0.69028384
test_10039,0.43311135
test_10040,0.55737601
test_10041,0.80679213
test_10042,0.07598721
test_10043,0.52812843
test_10044,0.97108210
test_10045,0.20806531
test_10046,0.99287814
test_10047,0.57481894
test_10048,0.29861807
test_10049,0.92641007
test_10050,0.55052617
test_10051,0.92286113
test_10052,0.54334499
test_10053,0.01065792
test_10054,0.97404862
test_10055,0.25233432
test_10056,0.56954197
test_10057,0.99518813
test_10058,0.58594894
test_10059,0.95382107
test_10060,0.59787344
test_10061,0.01087045
test_10062,0.02974053
test_10063,0.98806321
test_10064,0.00468733
test_10065,0.01326392
test_10066,0.97033048
test_10067,0.93673664
test_10068,0.98726338
test_10069,0.14368322
test_10070,0.40869281
test_10071,0.93801442
test_10072,0.51608961
test_10073,0.41689830
test_10074,0.00047957
test_10075,0.93764400
test_10076,0.04786206
test_10077,0.94639207
test_10078,0.18517294
test_10079,0.92249159
test_10080,0.00454300
test_10081,0.00861001
test_10082,0.99987966
test_10083,0.95658798
test_10084,0.77645669
test_10085,0.50258260
test_10086,0.95039230
test_10087,0.82061982
test_10088,0.63284070
test_10089,0.17712921
test_10090,0.98239631
test_10091,0.99821152
test_10092,0.93599846
test_10093,0.79954726
test_10094,0.35008360
test_10095,0.68235091
test_10096,0.00158191
test_10097,0.89541293
test_10098,0.02091795
test_10099,0.14883572
test_10100,0.99895646
test_10101,0.94359493
test_10102,0.20951500
test_10103,0.20400491
test_10104,0.88520335
test_10105,0.95281726
test_10106,0.02534137
test_10107,0.44202082
test_10108,0.52738271
test_10109,0.01809431
test_10110,0.01681218
test_10111,0.40824974
test_10112,0.09585221
test_10113,0.92361250
test_10114,0.50214912
test_10115,0.00549039
test_10116,0.00376126
test_10117,0.31283605
test_10118,0.78621114
test_10119,0.99864031
test_10120,0.30372306
test_10121,0.97624255
test_10122,0.41422756
test_10123,0.31807340
test_10124,0.95973310
test_10125,0.01052522
test_10126,0.00769754
test_10127,0.01470846
test_10128,0.04893906
test_10129,0.98574514
test_10130,0.45880714
test_10131,0.04521662
test_10132,0.05131672
test_10133,0.04122467
test_10134,0.00826534
test_10135,0.02127911
test_10136,0.32539834
test_10137,0.43245717
test_10138,0.86992599
test_10139,0.37545412
test_10140,0.36747159
test_10141,0.06632871
test_10142,0.23159003
test_10143,0.06982167
test_10144,0.69409766
test_10145,0.03794597
test_10146,0.02212330
test_10147,0.82988427
test_10148,0.91006882
test_10149,0.39103258
test_10150,0.91371588
test_10151,0.14617760
test_10152,0.16264733
test_10153,0.99901591
test_10154,0.97911614
test_10155,0.07692923
test_10156,0.97767318
test_10157,0.57983380
test_10158,0.02815177
test_10159,0.19560273
test_10160,0.48042624
test_10161,0.53399623
test_10162,0.99195744
test_10163,0.98738570
test_10164,0.44182588
test_10165,0.04281512
test_10166,0.99835811
test_10167,0.99030108
test_10168,0.95380585
test_10169,0.63587221
test_10170,0.21937286
test_10171,0.03839458
test_10172,0.00667174
test_10173,0.99691126
test_10174,0.68239922
test_10175,0.50008596
test_10176,0.00630291
test_10177,0.03377363
test_10178,0.47017286
test_10179,0.03723985
test_10180,0.74491535
test_10181,0.05682695
test_10182,0.58966125
test_10183,0.12897882
test_10184,0.11287562
test_10185,0.91739957
test_10186,0.01767922
test_10187,0.81700555
test_10188,0.98560955
test_10189,0.93961638
test_10190,0.72911617
test_10191,0.22450911
test_10192,0.03730680
test_10193,0.54613276
test_10194,0.40069877
test_10195,0.76397912
test_10196,0.00014294
test_10197,0.91550579
test_10198,0.36913149
test_10199,0.14005972
test_10200,0.40611838
test_10201,0.00621558
test_10202,0.58181519
test_10203,0.69018453
test_10204,0.18302217
test_10205,0.75012980
test_10206,0.43732079
test_10207,0.00697074
test_10208,0.88061228
test_10209,0.99938668
test_10210,0.64672767
test_10211,0.43175609
test_10212,0.99091960
test_10213,0.09823932
test_10214,0.89030982
test_10215,0.24815754
test_10216,0.98140172
test_10217,0.69095290
test_10218,0.97815693
test_10219,0.81756223
test_10220,0.62141922
test_10221,0.08745403
test_10222,0.97713870
test_10223,0.67495427
test_10224,0.39379803
test_10225,0.38485936
test_10226,0.02376529
test_10227,0.26197746
test_10228,0.38111504
test_10229,0.12955497
test_10230,0.02016092
test_10231,0.57988599
test_10232,0.90864131
test_10233,0.99140215
test_10234,0.02094877
test_10235,0.47198713
test_10236,0.66264550
test_10237,0.52337286
test_10238,0.08431469
test_10239,0.49954881
test_10240,0.98997656
test_10241,0.17676737
test_10242,0.95435596
test_10243,0.75415796
test_10244,0.33119157
test_10245,0.50409120
test_10246,0.52168126
test_10247,0.59946812
test_10248,0.95093207
test_10249,0.03631415
test_10250,0.49893088
test_10251,0.99980405
test_10252,0.05175703
test_10253,0.58116006
test_10254,0.05024349
test_10255,0.01312766
test_10256,0.79413955
test_10257,0.40277882
test_10258,0.05757600
test_10259,0.03005272
test_10260,0.97848851
test_10261,0.98951406
test_10262,0.89280817
test_10263,0.99711126
test_10264,0.88621150
test_10265,0.00580828
test_10266,0.03768975
test_10267,0.88597242
test_10268,0.75844892
test_10269,0.40305541
test_10270,0.07538771
test_10271,0.16329426
test_10272,0.46932242
test_10273,0.67536793
test_10274,0.97301062
test_10275,0.99114352
test_10276,0.64779142
test_10277,0.61227979
test_10278,0.59382511
test_10279,0.49593112
test_10280,0.69707921
test_10281,0.01034908
test_10282,0.35976295
test_10283,0.00117707
test_10284,0.98684896
test_10285,0.97940061
test_10286,0.03600782
test_10287,0.42864709
test_10288,0.99499680
test_10289,0.60424241
test_10290,0.71899375
test_10291,0.92491439
test_10292,0.30267080
test_10293,0.99894101
test_10294,0.57111885
test_10295,0.65214073
test_10296,0.77328482
test_10297,0.06856158
test_10298,0.04920563
test_10299,0.08688400
test_10300,0.15781328
test_10301,0.01020016
test_10302,0.99079018
test_10303,0.99757340
test_10304,0.96115722
test_10305,0.84452833
test_10306,0.00205093
test_10307,0.14682591
test_10308,0.02357058
test_10309,0.53049797
test_10310,0.11986868
test_10311,0.38945238
test_10312,0.27220370
test_10313,0.01734008
test_10314,0.96481087
test_10315,0.15829586
test_10316,0.86157762
test_10317,0.45141638
test_10318,0.92598666
test_10319,0.65554747
test_10320,0.94274668
test_10321,0.98408144
test_10322,0.40775835
test_10323,0.14561606
test_10324,0.00149465
test_10325,0.99687517
test_10326,0.99583458
test_10327,0.85955910
test_10328,0.04172795
test_10329,0.99420185
test_10330,0.13396418
test_10331,0.89673768
test_10332,0.91489109
test_10333,0.58946640
test_10334,0.02504632
test_10335,0.00519312
test_10336,0.79500328
test_10337,0.08323474
test_10338,0.98708641
test_10339,0.99978231
test_10340,0.91922868
test_10341,0.03125536
test_10342,0.99111493
test_10343,0.50892504
test_10344,0.94330862
test_10345,0.36283952
test_10346,0.86009241
test_10347,0.81393777
test_10348,0.75903709
test_10349,0.28689207
test_10350,0.50201766
test_10351,0.00418850
test_10352,0.02998762
test_10353,0.02111874
test_10354,0.97337101
test_10355,0.53854035
test_10356,0.00208005
test_10357,0.05892249
test_10358,0.98892990
test_10359,0.16779479
test_10360,0.00960119
test_10361,0.80411837
test_10362,0.82755045
test_10363,0.69885025
test_10364,0.49804853
test_10365,0.44610649
test_10366,0.40607743
test_10367,0.34883664
test_10368,0.39704486
test_10369,0.53799778
test_10370,0.61936208
test_10371,0.73735686
test_10372,0.00556840
test_10373,0.55155590
test_10374,0.06706780
test_10375,0.36791083
test_10376,0.77874124
test_10377,0.00992514
test_10378,0.03282886
test_10379,0.24356911
test_10380,0.93926059
test_10381,0.50155637
test_10382,0.99407495
test_10383,0.65025744
test_10384,0.02078920
test_10385,0.07238835
test_10386,0.59353748
test_10387,0.77832211
test_10388,0.34720419
test_10389,0.01798391
test_10390,0.02529444
test_10391,0.08683231
test_10392,0.01630563
test_10393,0.00532594
test_10394,0.35243653
test_10395,0.99675460
test_10396,0.06704521
test_10397,0.29828698
test_10398,0.76626273
test_10399,0.00697475
test_10400,0.83469315
test_10401,0.01178834
test_10402,0.02819152
test_10403,0.45432211
test_10404,0.06360024
test_10405,0.60775690
test_10406,0.97878676
test_10407,0.93848000
test_10408,0.95891957
test_10409,0.36105170
test_10410,0.06064305
test_10411,0.91100069
test_10412,0.41586042
test_10413,0.02351776
test_10414,0.08403897
test_10415,0.87685194
test_10416,0.08177771
test_10417,0.55637082
test_10418,0.61616561
test_10419,0.72646432
test_10420,0.55135083
test_10421,0.80795145
test_10422,0.45667632
test_10423,0.80193654
test_10424,0.99466405
test_10425,0.07144906
test_10426,0.94408018
test_10427,0.98980810
test_10428,0.49918814
test_10429,0.32936450
test_10430,0.11485542
test_10431,0.45152017
test_10432,0.09997904
test_10433,0.86152295
test_10434,0.66480847
test_10435,0.13053676
test_10436,0.57533412
test_10437,0.28951618
test_10438,0.97358281
test_10439,0.46171643
test_10440,0.02756017
test_10441,0.49800318
test_10442,0.58516259
test_10443,0.94054621
test_10444,0.93677354
test_10445,0.06710544
test_10446,0.97882857
test_10447,0.98706695
test_10448,0.00998215
test_10449,0.82589984
test_10450,0.98503135
test_10451,0.57942298
test_10452,0.59820992
test_10453,0.93900707
test_10454,0.29683760
test_10455,0.39579132
test_10456,0.36017293
test_10457,0.97076768
test_10458,0.47500690
test_10459,0.47630582
test_10460,0.51688092
test_10461,0.57183714
test_10462,0.42785133
test_10463,0.20679377
test_10464,0.63051721
test_10465,0.14730741
test_10466,0.99384029
test_10467,0.98969785
test_10468,0.55321687
test_10469,0.49485259
test_10470,0.79535726
test_10471,0.47549170
test_10472,0.79173010
test_10473,0.94389118
test_10474,0.97631876
test_10475,0.86514467
test_10476,0.00014120
test_10477,0.86019139
test_10478,0.17961980
test_10479,0.98687923
test_10480,0.66385154
test_10481,0.30338030
test_10482,0.29958559
test_10483,0.62767142
test_10484,0.49348879
test_10485,0.01624431
test_10486,0.15768772
test_10487,0.93508089
test_10488,0.30542591
test_10489,0.22938362
test_10490,0.99432791
test_10491,0.02776583
test_10492,0.06632034
test_10493,0.89711385
test_10494,0.41761689
test_10495,0.99849142
test_10496,0.53267835
test_10497,0.00114800
test_10498,0.00342715
test_10499,0.64356871
test_10500,0.97233019
test_10501,0.84382750
test_10502,0.02469865
test_10503,0.50088847
test_10504,0.35748203
test_10505,0.94043054
test_10506,0.99116490
test_10507,0.02770779
test_10508,0.45221214
test_10509,0.88934971
test_10510,0.80055476
test_10511,0.00719631
test_10512,0.09389635
test_10513,0.97130133
test_10514,0.93910792
test_10515,0.14782827
test_10516,0.97606454
test_10517,0.99142653
test_10518,0.55504441
test_10519,0.31731015
test_10520,0.99642382
test_10521,0.99344062
test_10522,0.91668237
test_10523,0.99921240
test_10524,0.97445692
test_10525,0.83094793
test_10526,0.99005833
test_10527,0.98792809
test_10528,0.94440003
test_10529,0.88429093
test_10530,0.30472355
test_10531,0.89344153
test_10532,0.00423285
test_10533,0.98648935
test_10534,0.45109609
test_10535,0.07041975
test_10536,0.52273763
test_10537,0.62144115
test_10538,0.19679173
test_10539,0.89688949
test_10540,0.46207096
test_10541,0.08147406
test_10542,0.97426579
test_10543,0.98624127
test_10544,0.13783103
test_10545,0.46547560
test_10546,0.47111742
test_10547,0.92654749
test_10548,0.01167407
test_10549,0.26632028
test_10550,0.97431694
test_10551,0.05962450
test_10552,0.93431401
test_10553,0.29227283
test_10554,0.99514574
test_10555,0.92701052
test_10556,0.29043713
test_10557,0.37008100
test_10558,0.43575819
test_10559,0.73942000
test_10560,0.99000952
test_10561,0.66297335
test_10562,0.62826192
test_10563,0.74001526
test_10564,0.86874921
test_10565,0.53778789
test_10566,0.96874464
test_10567,0.14751039
test_10568,0.99600910
test_10569,0.24123504
test_10570,0.46092081
test_10571,0.97916599
test_10572,0.99835640
test_10573,0.99695338
test_10574,0.52181357
test_10575,0.99951383
test_10576,0.92446450
test_10577,0.66982015
test_10578,0.01644822
test_10579,0.44344963
test_10580,0.47411728
test_10581,0.01070009
test_10582,0.79666776
test_10583,0.20663306
test_10584,0.97117360
test_10585,0.03642302
test_10586,0.01552032
test_10587,0.05379701
test_10588,0.18297946
test_10589,0.13417742
test_10590,0.48786299
test_10591,0.02931234
test_10592,0.31728855
test_10593,0.95785699
test_10594,0.90911464
test_10595,0.32629270
test_10596,0.99935947
test_10597,0.11347000
test_10598,0.82632264
test_10599,0.64278134
test_10600,0.02402129
test_10601,0.34159659
test_10602,0.52071937
test_10603,0.90276589
test_10604,0.89554371
test_10605,0.97469391
test_10606,0.98198491
test_10607,0.02948474
test_10608,0.06005023
test_10609,0.87249669
test_10610,0.47280867
test_10611,0.66749667
test_10612,0.08129193
test_10613,0.00284765
test_10614,0.35525074
test_10615,0.98975709
test_10616,0.99355986
test_10617,0.96808143
test_10618,0.99101016
test_10619,0.96489204
test_10620,0.99090957
test_10621,0.99097463
test_10622,0.72791956
test_10623,0.01366606
test_10624,0.32128762
test_10625,0.01196302
test_10626,0.00317795
test_10627,0.49459066
test_10628,0.79519363
test_10629,0.98374691
test_10630,0.60700431
test_10631,0.57255123
test_10632,0.57071557
test_10633,0.95387924
test_10634,0.79179163
test_10635,0.05405314
test_10636,0.91000288
test_10637,0.82095957
test_10638,0.00688673
test_10639,0.99120903
test_10640,0.01304572
test_10641,0.95370595
test_10642,0.54202414
test_10643,0.69001653
test_10644,0.50784655
test_10645,0.32667504
test_10646,0.31511072
test_10647,0.38086923
test_10648,0.80269246
test_10649,0.59379100
test_10650,0.88883042
test_10651,0.96006280
test_10652,0.35499772
test_10653,0.73415033
test_10654,0.10605960
test_10655,0.45001701
test_10656,0.68993869
test_10657,0.10924815
test_10658,0.97062391
test_10659,0.45186514
test_10660,0.93280644
test_10661,0.53876542
test_10662,0.06140251
test_10663,0.13169122
test_10664,0.99607670
test_10665,0.89133062
test_10666,0.55973768
test_10667,0.88033389
test_10668,0.97775236
test_10669,0.50553014
test_10670,0.00953258
test_10671,0.47874166
test_10672,0.22234888
test_10673,0.27561494
test_10674,0.05078224
test_10675,0.11681024
test_10676,0.95267943
test_10677,0.99055256
test_10678,0.90578847
test_10679,0.69766144
test_10680,0.29161364
test_10681,0.85806196
test_10682,0.99552487
test_10683,0.48457940
test_10684,0.13069976
test_10685,0.48522155
test_10686,0.90974039
test_10687,0.04912298
test_10688,0.39629112
test_10689,0.05682555
test_10690,0.99150744
test_10691,0.15402570
test_10692,0.97565236
test_10693,0.05273328
test_10694,0.97911288
test_10695,0.68785965
test_10696,0.56191253
test_10697,0.21293031
test_10698,0.90603988
test_10699,0.99168239
test_10700,0.00695980
test_10701,0.79888458
test_10702,0.10449900
test_10703,0.00362639
test_10704,0.95782479
test_10705,0.99778552
test_10706,0.10495848
test_10707,0.58852920
test_10708,0.95743693
test_10709,0.80147921
test_10710,0.82457789
test_10711,0.98224548
test_10712,0.95969997
test_10713,0.36351595
test_10714,0.53314168
test_10715,0.08353521
test_10716,0.73186900
test_10717,0.99750929
test_10718,0.48798453
test_10719,0.97506143
test_10720,0.92333573
test_10721,0.00493376
test_10722,0.61894708
test_10723,0.22525273
test_10724,0.01947282
test_10725,0.45701113
test_10726,0.66867034
test_10727,0.02690499
test_10728,0.01618988
test_10729,0.00356715
test_10730,0.46037205
test_10731,0.42537695
test_10732,0.50914346
test_10733,0.05976177
test_10734,0.15489116
test_10735,0.99652624
test_10736,0.11599513
test_10737,0.00671548
test_10738,0.81885716
test_10739,0.98005402
test_10740,0.99512964
test_10741,0.85943702
test_10742,0.48429107
test_10743,0.69511338
test_10744,0.15407078
test_10745,0.01663216
test_10746,0.02512993
test_10747,0.99789273
test_10748,0.91153876
test_10749,0.78020024
test_10750,0.98952593
test_10751,0.14327271
test_10752,0.82710064
test_10753,0.99932005
test_10754,0.99749057
test_10755,0.06306149
test_10756,0.93689927
test_10757,0.35893718
test_10758,0.33330943
test_10759,0.59477057
test_10760,0.05362752
test_10761,0.06236973
test_10762,0.59742066
test_10763,0.89897947
test_10764,0.99918815
test_10765,0.57919701
test_10766,0.60663221
test_10767,0.47017772
test_10768,0.96626106
test_10769,0.07227235
test_10770,0.00352801
test_10771,0.93601557
test_10772,0.10153783
test_10773,0.80530944
test_10774,0.94639028
test_10775,0.49091859
test_10776,0.62382459
test_10777,0.31362123
test_10778,0.68801836
test_10779,0.63966955
test_10780,0.98685489
test_10781,0.99934333
test_10782,0.08006816
test_10783,0.07813108
test_10784,0.18797104
test_10785,0.98280005
test_10786,0.84165050
test_10787,0.54169397
test_10788,0.11963676
test_10789,0.01019294
test_10790,0.44824499
test_10791,0.01526638
test_10792,0.65867555
test_10793,0.84447134
test_10794,0.52434794
test_10795,0.00302329
test_10796,0.97558655
test_10797,0.46823437
test_10798,0.99657809
test_10799,0.00551661
test_10800,0.95369647
test_10801,0.00350901
test_10802,0.21818384
test_10803,0.99773565
test_10804,0.81381207
test_10805,0.18746217
test_10806,0.79755797
test_10807,0.99645809
test_10808,0.97712626
test_10809,0.98923222
test_10810,0.69688864
test_10811,0.89307921
test_10812,0.04582121
test_10813,0.01772604
test_10814,0.03269473
test_10815,0.86762978
test_10816,0.13716990
test_10817,0.85370664
test_10818,0.98871629
test_10819,0.91974483
test_10820,0.01940188
test_10821,0.01375720
test_10822,0.52621831
test_10823,0.49959855
test_10824,0.33056674
test_10825,0.98255115
test_10826,0.99929895
test_10827,0.93311321
test_10828,0.91743871
test_10829,0.00078360
test_10830,0.61013825
test_10831,0.21819718
test_10832,0.36803888
test_10833,0.96138699
test_10834,0.69535648
test_10835,0.07644270
test_10836,0.00458895
test_10837,0.38363971
test_10838,0.03922809
test_10839,0.40815087
test_10840,0.97902062
test_10841,0.79394186
test_10842,0.92177606
test_10843,0.00246357
test_10844,0.00625262
test_10845,0.00720270
test_10846,0.99699422
test_10847,0.39724852
test_10848,0.49059786
test_10849,0.01102465
test_10850,0.01925363
test_10851,0.00352250
test_10852,0.40715302
test_10853,0.02848862
test_10854,0.74379147
test_10855,0.30180204
test_10856,0.46092738
test_10857,0.99318702
test_10858,0.06223205
test_10859,0.59884067
test_10860,0.05660693
test_10861,0.00612086
test_10862,0.87688259
test_10863,0.98885588
test_10864,0.26724155
test_10865,0.73408226
test_10866,0.97926639
test_10867,0.95268150
test_10868,0.02114079
test_10869,0.05578422
test_10870,0.12133187
test_10871,0.12840974
test_10872,0.82123982
test_10873,0.86386531
test_10874,0.49296152
test_10875,0.48553053
test_10876,0.01411130
test_10877,0.99426125
test_10878,0.97139259
test_10879,0.00785675
test_10880,0.46796972
test_10881,0.00051624
test_10882,0.49325273
test_10883,0.84248673
test_10884,0.73283454
test_10885,0.04487207
test_10886,0.05877553
test_10887,0.98959103
test_10888,0.66814154
test_10889,0.44085250
test_10890,0.36294279
test_10891,0.10740307
test_10892,0.71609551
test_10893,0.03397268
test_10894,0.03982264
test_10895,0.65788782
test_10896,0.02009042
test_10897,0.01149785
test_10898,0.60677554
test_10899,0.50580846
test_10900,0.53960089
test_10901,0.97651483
test_10902,0.93473485
test_10903,0.94979892
test_10904,0.99581003
test_10905,0.96170064
test_10906,0.84653707
test_10907,0.01088551
test_10908,0.73871745
test_10909,0.69883345
test_10910,0.00972794
test_10911,0.00843517
test_10912,0.96914117
test_10913,0.36062032
test_10914,0.55487275
test_10915,0.46590363
test_10916,0.06785775
test_10917,0.53313410
test_10918,0.01342767
test_10919,0.00536405
test_10920,0.91009407
test_10921,0.45031963
test_10922,0.85177563
test_10923,0.99862371
test_10924,0.98217158
test_10925,0.91422800
test_10926,0.07728301
test_10927,0.97947219
test_10928,0.35001403
test_10929,0.09093228
test_10930,0.55887580
test_10931,0.43668738
test_10932,0.85214167
test_10933,0.97869566
test_10934,0.01039784
test_10935,0.08614142
test_10936,0.85933720
test_10937,0.81403032
test_10938,0.15382261
test_10939,0.54752360
test_10940,0.00169706
test_10941,0.04624186
test_10942,0.30615308
test_10943,0.00705880
test_10944,0.98623676
test_10945,0.22976240
test_10946,0.00836880
test_10947,0.56860049
test_10948,0.07048124
test_10949,0.04879439
test_10950,0.03904754
test_10951,0.85077124
test_10952,0.00779016
test_10953,0.57928902
test_10954,0.99433887
test_10955,0.99884687
test_10956,0.01996708
test_10957,0.00148030
test_10958,0.46330444
test_10959,0.00837339
test_10960,0.68450739
test_10961,0.56620683
test_10962,0.45935544
test_10963,0.00153925
test_10964,0.30445437
test_10965,0.01432984
test_10966,0.15042713
test_10967,0.40016010
test_10968,0.00424088
test_10969,0.71594153
test_10970,0.12058278
test_10971,0.89776369
test_10972,0.43699422
test_10973,0.03366734
test_10974,0.46257332
test_10975,0.89166309
test_10976,0.98993589
test_10977,0.56731372
test_10978,0.61034418
test_10979,0.21682656
test_10980,0.52222802
test_10981,0.69780418
test_10982,0.99241965
test_10983,0.31335631
test_10984,0.85084318
test_10985,0.63124007
test_10986,0.04718961
test_10987,0.99666174
test_10988,0.01153065
test_10989,0.00598980
test_10990,0.07866492
test_10991,0.07659495
test_10992,0.98887792
test_10993,0.64979105
test_10994,0.00352502
test_10995,0.14762280
test_10996,0.89653768
test_10997,0.99776125
test_10998,0.01655049
test_10999,0.24062850
test_11000,0.21624046
test_11001,0.95841018
test_11002,0.44298403
test_11003,0.30203087
test_11004,0.01366347
test_11005,0.85953939
test_11006,0.01541273
test_11007,0.13851111
test_11008,0.17972619
test_11009,0.12496038
test_11010,0.74945532
test_11011,0.83293651
test_11012,0.02727174
test_11013,0.87794862
test_11014,0.53565685
test_11015,0.49245163
test_11016,0.39780028
test_11017,0.37907348
test_11018,0.99943159
test_11019,0.39767940
test_11020,0.51633154
test_11021,0.70977823
test_11022,0.15322679
test_11023,0.30921826
test_11024,0.96664063
test_11025,0.77133611
test_11026,0.96173280
test_11027,0.99165933
test_11028,0.57555600
test_11029,0.92006256
test_11030,0.88548381
test_11031,0.01290501
test_11032,0.03258090
test_11033,0.42731044
test_11034,0.43903399
test_11035,0.95248016
test_11036,0.99022991
test_11037,0.40583723
test_11038,0.57695793
test_11039,0.50459253
test_11040,0.99368176
test_11041,0.47878796
test_11042,0.42983414
test_11043,0.52180408
test_11044,0.99353726
test_11045,0.97437080
test_11046,0.98298552
test_11047,0.98425940
test_11048,0.98834621
test_11049,0.70591733
test_11050,0.00002288
test_11051,0.65406550
test_11052,0.65536274
test_11053,0.91223840
test_11054,0.92658858
test_11055,0.34799362
test_11056,0.66953714
test_11057,0.03599883
test_11058,0.57199085
test_11059,0.10740052
test_11060,0.50847865
test_11061,0.01303451
test_11062,0.99239549
test_11063,0.00344402
test_11064,0.99322013
test_11065,0.75397325
test_11066,0.91660722
test_11067,0.00187636
test_11068,0.05386682
test_11069,0.59203359
test_11070,0.96743917
test_11071,0.99873501
test_11072,0.22898901
test_11073,0.02907138
test_11074,0.15855968
test_11075,0.92214918
test_11076,0.96024817
test_11077,0.02675045
test_11078,0.00168119
test_11079,0.87747987
test_11080,0.11862995
test_11081,0.01178406
test_11082,0.00366577
test_11083,0.01449437
test_11084,0.99451144
test_11085,0.18339358
test_11086,0.41227931
test_11087,0.74520351
test_11088,0.11409937
test_11089,0.44231905
test_11090,0.94118128
test_11091,0.96675839
test_11092,0.43415950
test_11093,0.91429493
test_11094,0.95067641
test_11095,0.99920201
test_11096,0.11570281
test_11097,0.82284701
test_11098,0.24192552
test_11099,0.96348437
test_11100,0.74132865
test_11101,0.01635220
test_11102,0.49810959
test_11103,0.90607502
test_11104,0.50156297
test_11105,0.22058780
test_11106,0.68971645
test_11107,0.97611254
test_11108,0.92977400
test_11109,0.96388736
test_11110,0.89057660
test_11111,0.50550844
test_11112,0.93782256
test_11113,0.47096730
test_11114,0.95963681
test_11115,0.90440332
test_11116,0.70297228
test_11117,0.50093253
test_11118,0.99356727
test_11119,0.93110506
test_11120,0.01573303
test_11121,0.63189893
test_11122,0.79672486
test_11123,0.59648605
test_11124,0.72970000
test_11125,0.99784702
test_11126,0.99852319
test_11127,0.99211041
test_11128,0.28554232
test_11129,0.44635548
test_11130,0.60944539
test_11131,0.02055815
test_11132,0.78921328
test_11133,0.10988394
test_11134,0.49269079
test_11135,0.96899234
test_11136,0.98158224
test_11137,0.18782414
test_11138,0.73902564
test_11139,0.08994779
test_11140,0.48225481
test_11141,0.65638293
test_11142,0.06899852
test_11143,0.50634316
test_11144,0.97046937
test_11145,0.09904420
test_11146,0.00261466
test_11147,0.98150919
test_11148,0.07755311
test_11149,0.22522552
test_11150,0.98874898
test_11151,0.41967278
test_11152,0.75798544
test_11153,0.97773931
test_11154,0.87851287
test_11155,0.21333922
test_11156,0.40259838
test_11157,0.98914443
test_11158,0.35108354
test_11159,0.02802392
test_11160,0.47814367
test_11161,0.72599522
test_11162,0.12211044
test_11163,0.04683858
test_11164,0.12159516
test_11165,0.87936801
test_11166,0.53073003
test_11167,0.00322657
test_11168,0.33631302
test_11169,0.99678679
test_11170,0.99321971
test_11171,0.34627662
test_11172,0.66497762
test_11173,0.97997129
test_11174,0.25447407
test_11175,0.34940231
test_11176,0.49588289
test_11177,0.26134298
test_11178,0.04659991
test_11179,0.10740226
test_11180,0.30558063
test_11181,0.93824034
test_11182,0.26551337
test_11183,0.44368310
test_11184,0.63387908
test_11185,0.90413193
test_11186,0.34138075
test_11187,0.03015635
test_11188,0.90223821
test_11189,0.09949976
test_11190,0.45890994
test_11191,0.79215753
test_11192,0.08100837
test_11193,0.02901252
test_11194,0.46666779
test_11195,0.99227199
test_11196,0.32669700
test_11197,0.65289414
test_11198,0.94509593
test_11199,0.39521793
test_11200,0.35478590
test_11201,0.31859700
test_11202,0.98530614
test_11203,0.56385787
test_11204,0.72953224
test_11205,0.16900475
test_11206,0.61833384
test_11207,0.02822725
test_11208,0.89216506
test_11209,0.32088950
test_11210,0.94242140
test_11211,0.04452307
test_11212,0.97099373
test_11213,0.00407894
test_11214,0.42169607
test_11215,0.09445397
test_11216,0.04101327
test_11217,0.55161016
test_11218,0.60310338
test_11219,0.88475755
test_11220,0.86152358
test_11221,0.08519070
test_11222,0.03229752
test_11223,0.31885305
test_11224,0.99242349
test_11225,0.06923402
test_11226,0.44106331
test_11227,0.97876003
test_11228,0.35481434
test_11229,0.54480315
test_11230,0.43320212
test_11231,0.52983218
test_11232,0.00016608
test_11233,0.93856743
test_11234,0.99322448
test_11235,0.91073932
test_11236,0.29423711
test_11237,0.26198861
test_11238,0.99104561
test_11239,0.93243797
test_11240,0.76651749
test_11241,0.98480255
test_11242,0.99949638
test_11243,0.93712327
test_11244,0.35661379
test_11245,0.01342694
test_11246,0.78020347
test_11247,0.44415690
test_11248,0.92185980
test_11249,0.04287504
test_11250,0.92438571
test_11251,0.93635602
test_11252,0.04199680
test_11253,0.05528082
test_11254,0.53674152
test_11255,0.05832269
test_11256,0.50102996
test_11257,0.90939789
test_11258,0.64517624
test_11259,0.04342977
test_11260,0.02473868
test_11261,0.19050625
test_11262,0.99777565
test_11263,0.52833957
test_11264,0.69744762
test_11265,0.14046568
test_11266,0.40775041
test_11267,0.09334732
test_11268,0.59004577
test_11269,0.51154977
test_11270,0.57205458
test_11271,0.77907161
test_11272,0.03048098
test_11273,0.99645938
test_11274,0.96852261
test_11275,0.15629770
test_11276,0.08205069
test_11277,0.97161897
test_11278,0.00129663
test_11279,0.38457815
test_11280,0.94645681
test_11281,0.98312862
test_11282,0.11423332
test_11283,0.03361319
test_11284,0.04451987
test_11285,0.00427083
test_11286,0.00463281
test_11287,0.78194963
test_11288,0.98610496
test_11289,0.02756490
test_11290,0.98397398
test_11291,0.97940769
test_11292,0.95421368
test_11293,0.46672517
test_11294,0.77415411
test_11295,0.98552353
test_11296,0.00211855
test_11297,0.97019099
test_11298,0.01455281
test_11299,0.96276216
test_11300,0.79594443
test_11301,0.90891615
test_11302,0.18978094
test_11303,0.95450605
test_11304,0.99391430
test_11305,0.26521735
test_11306,0.99335394
test_11307,0.97691073
test_11308,0.98701851
test_11309,0.00651076
test_11310,0.23598699
test_11311,0.02498307
test_11312,0.94139024
test_11313,0.00401305
test_11314,0.40094790
test_11315,0.22268437
test_11316,0.48045344
test_11317,0.52007198
test_11318,0.58334390
test_11319,0.42351485
test_11320,0.49636431
test_11321,0.39917242
test_11322,0.04052012
test_11323,0.14367927
test_11324,0.46690613
test_11325,0.97635620
test_11326,0.30331402
test_11327,0.92741065
test_11328,0.95638783
test_11329,0.02084925
test_11330,0.07477237
test_11331,0.07263527
test_11332,0.99176772
test_11333,0.53486963
test_11334,0.04282754
test_11335,0.52937852
test_11336,0.79186532
test_11337,0.95133590
test_11338,0.51283048
test_11339,0.20555100
test_11340,0.19303647
test_11341,0.95540815
test_11342,0.08874929
test_11343,0.91369019
test_11344,0.21004558
test_11345,0.38993308
test_11346,0.11367125
test_11347,0.49394943
test_11348,0.01402428
test_11349,0.02769257
test_11350,0.83015088
test_11351,0.01019394
test_11352,0.04186290
test_11353,0.99156045
test_11354,0.41316755
test_11355,0.13405429
test_11356,0.00120592
test_11357,0.34535064
test_11358,0.42513358
test_11359,0.40336982
test_11360,0.21301645
test_11361,0.00557072
test_11362,0.05801143
test_11363,0.02082805
test_11364,0.02095274
test_11365,0.09999686
test_11366,0.96561966
test_11367,0.44412413
test_11368,0.48130784
test_11369,0.29156579
test_11370,0.96279091
test_11371,0.22510355
test_11372,0.07954396
test_11373,0.00358652
test_11374,0.94857568
test_11375,0.30078547
test_11376,0.25618931
test_11377,0.63146281
test_11378,0.27100492
test_11379,0.11429807
test_11380,0.09409687
test_11381,0.08458022
test_11382,0.63979680
test_11383,0.02063217
test_11384,0.28908849
test_11385,0.81155235
test_11386,0.98528749
test_11387,0.89016220
test_11388,0.08591681
test_11389,0.30959087
test_11390,0.58914678
test_11391,0.94974036
test_11392,0.99446827
test_11393,0.81558109
test_11394,0.72911111
test_11395,0.33515378
test_11396,0.45573493
test_11397,0.00256223
test_11398,0.94956050
test_11399,0.56196000
test_11400,0.41932039
test_11401,0.92528461
test_11402,0.61197608
test_11403,0.01819166
test_11404,0.98092947
test_11405,0.34607234
test_11406,0.00269008
test_11407,0.00522240
test_11408,0.14629621
test_11409,0.20217477
test_11410,0.00606166
test_11411,0.32714613
test_11412,0.76312508
test_11413,0.12693946
test_11414,0.28555298
test_11415,0.95420383
test_11416,0.03147801
test_11417,0.62725043
test_11418,0.54707277
test_11419,0.99505353
test_11420,0.00625743
test_11421,0.23338393
test_11422,0.15150144
test_11423,0.35944167
test_11424,0.85905214
test_11425,0.34674930
test_11426,0.29435430
test_11427,0.99221445
test_11428,0.02319401
test_11429,0.99943459
test_11430,0.14334690
test_11431,0.55619584
test_11432,0.99783888
test_11433,0.01137469
test_11434,0.92314534
test_11435,0.97078604
test_11436,0.81119652
test_11437,0.53670242
test_11438,0.24325764
test_11439,0.00951562
test_11440,0.22126140
test_11441,0.00558223
test_11442,0.47373741
test_11443,0.63096976
test_11444,0.00744996
test_11445,0.36930473
test_11446,0.04954601
test_11447,0.48035619
test_11448,0.00826378
test_11449,0.99926178
test_11450,0.96947348
test_11451,0.54455791
test_11452,0.51737684
test_11453,0.00280738
test_11454,0.03515331
test_11455,0.46268336
test_11456,0.00440440
test_11457,0.60694436
test_11458,0.00270749
test_11459,0.31870892
test_11460,0.12508857
test_11461,0.58263975
test_11462,0.91357186
test_11463,0.00445632
test_11464,0.99395885
test_11465,0.63270620
test_11466,0.71672074
test_11467,0.01912028
test_11468,0.57288622
test_11469,0.03319194
test_11470,0.02370580
test_11471,0.58319663
test_11472,0.07508053
test_11473,0.54065168
test_11474,0.97013468
test_11475,0.07040919
test_11476,0.43285679
test_11477,0.88807629
test_11478,0.03411673
test_11479,0.38389616
test_11480,0.91365125
test_11481,0.01103300
test_11482,0.31396908
test_11483,0.78505385
test_11484,0.09651675
test_11485,0.98923658
test_11486,0.58486212
test_11487,0.47069274
test_11488,0.10330301
test_11489,0.92753355
test_11490,0.98698663
test_11491,0.00365106
test_11492,0.84324820
test_11493,0.96885832
test_11494,0.49165104
test_11495,0.11776675
test_11496,0.84256475
test_11497,0.86795074
test_11498,0.56008072
test_11499,0.98882040
test_11500,0.03919417
test_11501,0.50809465
test_11502,0.00754797
test_11503,0.24383689
test_11504,0.99400409
test_11505,0.99666101
test_11506,0.01024427
test_11507,0.38726727
test_11508,0.00213460
test_11509,0.02235792
test_11510,0.03343602
test_11511,0.20272346
test_11512,0.12242258
test_11513,0.47244798
test_11514,0.02572083
test_11515,0.13103813
test_11516,0.43675557
test_11517,0.46033267
test_11518,0.52132747
test_11519,0.92243377
test_11520,0.82923714
test_11521,0.39781094
test_11522,0.00168264
test_11523,0.48966184
test_11524,0.00905606
test_11525,0.57716277
test_11526,0.50072159
test_11527,0.36256243
test_11528,0.24176945
test_11529,0.00316000
test_11530,0.69696163
test_11531,0.84295904
test_11532,0.99383813
test_11533,0.36072606
test_11534,0.99248434
test_11535,0.61499776
test_11536,0.99981207
test_11537,0.64636798
test_11538,0.28792043
test_11539,0.98753131
test_11540,0.81857279
test_11541,0.65704007
test_11542,0.22134774
test_11543,0.87390240
test_11544,0.03897408
test_11545,0.54065774
test_11546,0.06158913
test_11547,0.76987385
test_11548,0.48606677
test_11549,0.01978676
test_11550,0.91597516
test_11551,0.18537557
test_11552,0.83791874
test_11553,0.95327782
test_11554,0.48807937
test_11555,0.99594652
test_11556,0.13196668
test_11557,0.53404292
test_11558,0.99146712
test_11559,0.08759676
test_11560,0.13059906
test_11561,0.26810461
test_11562,0.92803432
test_11563,0.95649726
test_11564,0.35321207
test_11565,0.49204898
test_11566,0.00177637
test_11567,0.55324071
test_11568,0.08968588
test_11569,0.45781859
test_11570,0.05745578
test_11571,0.47593582
test_11572,0.03018581
test_11573,0.48661191
test_11574,0.95274611
test_11575,0.52056508
test_11576,0.98180729
test_11577,0.85196635
test_11578,0.49917333
test_11579,0.95395163
test_11580,0.99906120
test_11581,0.51826619
test_11582,0.00507107
test_11583,0.44189449
test_11584,0.99421929
test_11585,0.02006196
test_11586,0.99728833
test_11587,0.61922814
test_11588,0.49393488
test_11589,0.54751920
test_11590,0.99546126
test_11591,0.71759902
test_11592,0.93927120
test_11593,0.07790791
test_11594,0.98189518
test_11595,0.11392287
test_11596,0.97681104
test_11597,0.92384788
test_11598,0.02033789
test_11599,0.20451227
test_11600,0.42944843
test_11601,0.85263893
test_11602,0.48531000
test_11603,0.71268364
test_11604,0.97677752
test_11605,0.99685387
test_11606,0.61171791
test_11607,0.99773731
test_11608,0.40740580
test_11609,0.99992531
test_11610,0.04102842
test_11611,0.99831998
test_11612,0.99275973
test_11613,0.97618669
test_11614,0.34922950
test_11615,0.87698985
test_11616,0.99518819
test_11617,0.92752804
test_11618,0.95528859
test_11619,0.68640581
test_11620,0.43462139
test_11621,0.04696179
test_11622,0.99662011
test_11623,0.37727726
test_11624,0.57627921
test_11625,0.73364995
test_11626,0.99799588
test_11627,0.90564547
test_11628,0.06562662
test_11629,0.98708018
test_11630,0.00587347
test_11631,0.07710802
test_11632,0.03415859
test_11633,0.79890508
test_11634,0.99351377
test_11635,0.96930620
test_11636,0.58391017
test_11637,0.96744905
test_11638,0.79304640
test_11639,0.23665646
test_11640,0.62402579
test_11641,0.98840101
test_11642,0.62466564
test_11643,0.57685437
test_11644,0.85802639
test_11645,0.50311947
test_11646,0.00151342
test_11647,0.39887860
test_11648,0.73997223
test_11649,0.49286067
test_11650,0.72920145
test_11651,0.42130129
test_11652,0.10912232
test_11653,0.01419549
test_11654,0.25019942
test_11655,0.32366903
test_11656,0.97517239
test_11657,0.05062010
test_11658,0.08525184
test_11659,0.01377422
test_11660,0.56413016
test_11661,0.00588624
test_11662,0.99731730
test_11663,0.27574147
test_11664,0.40143649
test_11665,0.15305969
test_11666,0.00691205
test_11667,0.20201141
test_11668,0.99632304
test_11669,0.81693067
test_11670,0.29036227
test_11671,0.49821649
test_11672,0.99271765
test_11673,0.49586424
test_11674,0.00467484
test_11675,0.09858561
test_11676,0.96039969
test_11677,0.64814483
test_11678,0.00309336
test_11679,0.98827160
test_11680,0.15186815
test_11681,0.03123460
test_11682,0.41164644
test_11683,0.52508469
test_11684,0.50967845
test_11685,0.23258331
test_11686,0.87457480
test_11687,0.46730903
test_11688,0.31402147
test_11689,0.11057476
test_11690,0.99747285
test_11691,0.96110479
test_11692,0.33813301
test_11693,0.50004999
test_11694,0.25806426
test_11695,0.56974273
test_11696,0.22077384
test_11697,0.08496616
test_11698,0.07880212
test_11699,0.49419088
test_11700,0.44380825
test_11701,0.73866276
test_11702,0.22053080
test_11703,0.00461590
test_11704,0.94734833
test_11705,0.99307776
test_11706,0.98685159
test_11707,0.03560782
test_11708,0.94606502
test_11709,0.93630905
test_11710,0.58000232
test_11711,0.73959210
test_11712,0.37711456
test_11713,0.87686829
test_11714,0.95796984
test_11715,0.54234520
test_11716,0.26022773
test_11717,0.00899292
test_11718,0.05278834
test_11719,0.24879495
test_11720,0.75605273
test_11721,0.55852782
test_11722,0.96961314
test_11723,0.61568103
test_11724,0.00122608
test_11725,0.47510934
test_11726,0.95741413
test_11727,0.93708744
test_11728,0.95709835
test_11729,0.56441366
test_11730,0.08968943
test_11731,0.01620729
test_11732,0.73877097
test_11733,0.99413481
test_11734,0.08650987
test_11735,0.64159911
test_11736,0.06623023
test_11737,0.12545364
test_11738,0.88926441
test_11739,0.80729227
test_11740,0.06796255
test_11741,0.48297568
test_11742,0.46958138
test_11743,0.84201192
test_11744,0.56857913
test_11745,0.07093386
test_11746,0.80385874
test_11747,0.09845041
test_11748,0.06933106
test_11749,0.99612479
test_11750,0.42826942
test_11751,0.74681348
test_11752,0.98677068
test_11753,0.19464047
test_11754,0.97409090
test_11755,0.41745896
test_11756,0.74598186
test_11757,0.32550599
test_11758,0.02777227
test_11759,0.99592998
test_11760,0.53262250
test_11761,0.96056357
test_11762,0.98378461
test_11763,0.51635901
test_11764,0.97587893
test_11765,0.04216177
test_11766,0.62742179
test_11767,0.02952322
test_11768,0.64818700
test_11769,0.52302707
test_11770,0.35703431
test_11771,0.56829054
test_11772,0.89510293
test_11773,0.16306301
test_11774,0.01298572
test_11775,0.82642267
test_11776,0.36154605
test_11777,0.99418810
test_11778,0.95339071
test_11779,0.98033300
test_11780,0.92356945
test_11781,0.40504523
test_11782,0.21231850
test_11783,0.12393388
test_11784,0.97778946
test_11785,0.15458549
test_11786,0.75602979
test_11787,0.03915863
test_11788,0.24734244
test_11789,0.35132907
test_11790,0.14406253
test_11791,0.78036857
test_11792,0.80026921
test_11793,0.59160163
test_11794,0.84778530
test_11795,0.98834166
test_11796,0.00384771
test_11797,0.74063107
test_11798,0.00248712
test_11799,0.89732487
test_11800,0.41373461
test_11801,0.31718232
test_11802,0.00404375
test_11803,0.24628003
test_11804,0.12197474
test_11805,0.26552987
test_11806,0.36640001
test_11807,0.88219756
test_11808,0.94019390
test_11809,0.48184482
test_11810,0.96518020
test_11811,0.13576054
test_11812,0.32451498
test_11813,0.04409622
test_11814,0.28992161
test_11815,0.41783908
test_11816,0.76471142
test_11817,0.10974847
test_11818,0.43140653
test_11819,0.78026392
test_11820,0.61018524
test_11821,0.78111634
test_11822,0.87812047
test_11823,0.84252746
test_11824,0.77831535
test_11825,0.94400035
test_11826,0.00552740
test_11827,0.89126424
test_11828,0.07866694
test_11829,0.50120847
test_11830,0.88432821
test_11831,0.00594027
test_11832,0.50063885
test_11833,0.13727471
test_11834,0.56579695
test_11835,0.22606107
test_11836,0.59857087
test_11837,0.32046746
test_11838,0.07518106
test_11839,0.31217762
test_11840,0.06136703
test_11841,0.04870881
test_11842,0.19120171
test_11843,0.00283718
test_11844,0.33145890
test_11845,0.59564856
test_11846,0.45711015
test_11847,0.64133594
test_11848,0.51881079
test_11849,0.05862437
test_11850,0.99513129
test_11851,0.02691080
test_11852,0.04602550
test_11853,0.73612811
test_11854,0.07162634
test_11855,0.93959701
test_11856,0.92277930
test_11857,0.01064051
test_11858,0.99835944
test_11859,0.23463048
test_11860,0.46402704
test_11861,0.36772443
test_11862,0.04967918
test_11863,0.35889361
test_11864,0.98808375
test_11865,0.93109738
test_11866,0.76997975
test_11867,0.57385061
test_11868,0.33660919
test_11869,0.85838696
test_11870,0.83962367
test_11871,0.92079293
test_11872,0.92055386
test_11873,0.85608690
test_11874,0.99711836
test_11875,0.73296983
test_11876,0.98420303
test_11877,0.26369293
test_11878,0.80414307
test_11879,0.53866656
test_11880,0.24522376
test_11881,0.82835540
test_11882,0.72424069
test_11883,0.04954186
test_11884,0.86314773
test_11885,0.38342149
test_11886,0.36660417
test_11887,0.99338745
test_11888,0.01922349
test_11889,0.12252484
test_11890,0.35649924
test_11891,0.66667315
test_11892,0.00571740
test_11893,0.93102991
test_11894,0.55711630
test_11895,0.30329756
test_11896,0.99309118
test_11897,0.01164308
test_11898,0.02771603
test_11899,0.98847984
test_11900,0.82498172
test_11901,0.77063505
test_11902,0.90321133
test_11903,0.90235776
test_11904,0.74242343
test_11905,0.96062191
test_11906,0.02745394
test_11907,0.99583061
test_11908,0.05241651
test_11909,0.00200342
test_11910,0.94619181
test_11911,0.99789727
test_11912,0.10980841
test_11913,0.01072464
test_11914,0.03246308
test_11915,0.01117578
test_11916,0.00451109
test_11917,0.37775363
test_11918,0.53217255
test_11919,0.35716024
test_11920,0.53977063
test_11921,0.47440281
test_11922,0.12193907
test_11923,0.89577942
test_11924,0.57215952
test_11925,0.95077748
test_11926,0.95951682
test_11927,0.99475507
test_11928,0.52406832
test_11929,0.04185634
test_11930,0.99859538
test_11931,0.97717931
test_11932,0.05154968
test_11933,0.56782425
test_11934,0.38555372
test_11935,0.34432087
test_11936,0.85913211
test_11937,0.01072871
test_11938,0.99959356
test_11939,0.15401526
test_11940,0.63181976
test_11941,0.00587037
test_11942,0.64312135
test_11943,0.23188898
test_11944,0.12406671
test_11945,0.54599762
test_11946,0.54231037
test_11947,0.21447024
test_11948,0.43863969
test_11949,0.34480248
test_11950,0.01212441
test_11951,0.37027347
test_11952,0.00492470
test_11953,0.52085735
test_11954,0.44915543
test_11955,0.97364893
test_11956,0.04180104
test_11957,0.62678200
test_11958,0.59309828
test_11959,0.55443095
test_11960,0.04993391
test_11961,0.44799987
test_11962,0.00474187
test_11963,0.95420031
test_11964,0.43280300
test_11965,0.86495192
test_11966,0.80162642
test_11967,0.04157123
test_11968,0.99119250
test_11969,0.01151812
test_11970,0.41830266
test_11971,0.02688378
test_11972,0.58393626
test_11973,0.33364867
test_11974,0.86841661
test_11975,0.99185621
test_11976,0.02307881
test_11977,0.99436488
test_11978,0.90431606
test_11979,0.52610594
test_11980,0.53190012
test_11981,0.16800450
test_11982,0.75210765
test_11983,0.63033108
test_11984,0.96513763
test_11985,0.32159647
test_11986,0.50607851
test_11987,0.45941423
test_11988,0.53968402
test_11989,0.47237164
test_11990,0.99307360
test_11991,0.75797234
test_11992,0.33463017
test_11993,0.97043955
test_11994,0.48366246
test_11995,0.68295204
test_11996,0.04406717
test_11997,0.96327481
test_11998,0.32416101
test_11999,0.45910533
test_12000,0.97377604
test_12001,0.00186725
test_12002,0.01180105
test_12003,0.84295877
test_12004,0.13704630
test_12005,0.26302003
test_12006,0.35521953
test_12007,0.56400745
test_12008,0.07548264
test_12009,0.14279622
test_12010,0.18895040
test_12011,0.83336570
test_12012,0.86573239
test_12013,0.03734482
test_12014,0.56537760
test_12015,0.97377079
test_12016,0.64980875
test_12017,0.99439417
test_12018,0.77046349
test_12019,0.81538021
test_12020,0.53552786
test_12021,0.69689230
test_12022,0.97952828
test_12023,0.35108426
test_12024,0.00618197
test_12025,0.51202928
test_12026,0.47734969
test_12027,0.89240187
test_12028,0.45250289
test_12029,0.45759362
test_12030,0.20491898
test_12031,0.94063986
test_12032,0.20526266
test_12033,0.99951864
test_12034,0.99649740
test_12035,0.57242459
test_12036,0.45046637
test_12037,0.81144715
test_12038,0.01139014
test_12039,0.03019032
test_12040,0.96278013
test_12041,0.61431315
test_12042,0.03174463
test_12043,0.89776579
test_12044,0.02000199
test_12045,0.13919672
test_12046,0.99567245
test_12047,0.09239830
test_12048,0.99854400
test_12049,0.00123812
test_12050,0.27612481
test_12051,0.01159800
test_12052,0.13468272
test_12053,0.08122576
test_12054,0.83094051
test_12055,0.99892036
test_12056,0.49987098
test_12057,0.52942443
test_12058,0.50221756
test_12059,0.76777707
test_12060,0.92343270
test_12061,0.33196996
test_12062,0.01739329
test_12063,0.92810335
test_12064,0.98138472
test_12065,0.04993972
test_12066,0.47356974
test_12067,0.83904151
test_12068,0.34869280
test_12069,0.27610142
test_12070,0.33043341
test_12071,0.69000016
test_12072,0.99080701
test_12073,0.05815091
test_12074,0.17824313
test_12075,0.98634091
test_12076,0.65189159
test_12077,0.43876543
test_12078,0.98872519
test_12079,0.32097205
test_12080,0.03401986
test_12081,0.75166453
test_12082,0.27434060
test_12083,0.01409394
test_12084,0.81190671
test_12085,0.99489939
test_12086,0.75366992
test_12087,0.81177675
test_12088,0.20118417
test_12089,0.36927330
test_12090,0.48618804
test_12091,0.99283701
test_12092,0.83785448
test_12093,0.99460225
test_12094,0.88361795
test_12095,0.63161435
test_12096,0.63155848
test_12097,0.28509545
test_12098,0.95066535
test_12099,0.07038276
test_12100,0.03566465
test_12101,0.78029744
test_12102,0.04793536
test_12103,0.07159821
test_12104,0.21862269
test_12105,0.35501874
test_12106,0.52446312
test_12107,0.79371814
test_12108,0.51752115
test_12109,0.42572847
test_12110,0.38677541
test_12111,0.92019900
test_12112,0.58550105
test_12113,0.55684539
test_12114,0.99103076
test_12115,0.05416679
test_12116,0.02791648
test_12117,0.43786450
test_12118,0.93509687
test_12119,0.99981545
test_12120,0.97670384
test_12121,0.01920782
test_12122,0.04315808
test_12123,0.07494922
test_12124,0.81372146
test_12125,0.02610194
test_12126,0.90380878
test_12127,0.97098950
test_12128,0.84189608
test_12129,0.49117943
test_12130,0.87205876
test_12131,0.94664213
test_12132,0.30286811
test_12133,0.92780663
test_12134,0.98739692
test_12135,0.07547173
test_12136,0.81956079
test_12137,0.51992688
test_12138,0.07374006
test_12139,0.67269166
test_12140,0.99340347
test_12141,0.10321574
test_12142,0.52738246
test_12143,0.74209911
test_12144,0.94517314
test_12145,0.28081958
test_12146,0.99032112
test_12147,0.17647141
test_12148,0.41048222
test_12149,0.99813274
test_12150,0.00726009
test_12151,0.88832220
test_12152,0.53437662
test_12153,0.22744566
test_12154,0.99237527
test_12155,0.93447602
test_12156,0.04862905
test_12157,0.80123756
test_12158,0.01167100
test_12159,0.70616985
test_12160,0.96915491
test_12161,0.94390245
test_12162,0.91767673
test_12163,0.49313669
test_12164,0.87369830
test_12165,0.03038011
test_12166,0.96268178
test_12167,0.55299023
test_12168,0.01814565
test_12169,0.92816439
test_12170,0.35268027
test_12171,0.06370138
test_12172,0.94885201
test_12173,0.74185648
test_12174,0.50991962
test_12175,0.84408922
test_12176,0.21141088
test_12177,0.09811348
test_12178,0.59533004
test_12179,0.40581172
test_12180,0.74620641
test_12181,0.91697456
test_12182,0.96740919
test_12183,0.64548862
test_12184,0.02000533
test_12185,0.63531871
test_12186,0.67630107
test_12187,0.11706676
test_12188,0.38772269
test_12189,0.49164658
test_12190,0.97775047
test_12191,0.95173854
test_12192,0.22937669
test_12193,0.39610993
test_12194,0.04182720
test_12195,0.02419467
test_12196,0.00744611
test_12197,0.13790418
test_12198,0.06914074
test_12199,0.46525099
test_12200,0.50722782
test_12201,0.01420757
test_12202,0.90674982
test_12203,0.99572459
test_12204,0.24006344
test_12205,0.42712888
test_12206,0.44784767
test_12207,0.10125145
test_12208,0.94147280
test_12209,0.99097953
test_12210,0.48452637
test_12211,0.06048905
test_12212,0.86322273
test_12213,0.32629112
test_12214,0.99841748
test_12215,0.70407342
test_12216,0.29553217
test_12217,0.33145001
test_12218,0.52213050
test_12219,0.34251618
test_12220,0.02046553
test_12221,0.02313081
test_12222,0.07613544
test_12223,0.29777245
test_12224,0.87957944
test_12225,0.02196303
test_12226,0.19988259
test_12227,0.00278910
test_12228,0.98506971
test_12229,0.45349285
test_12230,0.13355551
test_12231,0.47314858
test_12232,0.00963103
test_12233,0.09688050
test_12234,0.75804749
test_12235,0.40875902
test_12236,0.03950123
test_12237,0.51007277
test_12238,0.64229118
test_12239,0.87905410
test_12240,0.46731266
test_12241,0.08401293
test_12242,0.04194750
test_12243,0.82620093
test_12244,0.16218269
test_12245,0.45587804
test_12246,0.62006966
test_12247,0.00106336
test_12248,0.08300495
test_12249,0.00536838
test_12250,0.46399633
test_12251,0.00420326
test_12252,0.08813014
test_12253,0.57368217
test_12254,0.67751538
test_12255,0.08347770
test_12256,0.04427143
test_12257,0.16389478
test_12258,0.23041679
test_12259,0.96960633
test_12260,0.97918357
test_12261,0.76876488
test_12262,0.48014045
test_12263,0.38577058
test_12264,0.45011290
test_12265,0.04038220
test_12266,0.52541978
test_12267,0.43226949
test_12268,0.04585357
test_12269,0.99711389
test_12270,0.07436543
test_12271,0.07781794
test_12272,0.74873388
test_12273,0.18929913
test_12274,0.93081071
test_12275,0.12396778
test_12276,0.51016582
test_12277,0.49451710
test_12278,0.02488763
test_12279,0.51438544
test_12280,0.76695783
test_12281,0.07279352
test_12282,0.31617198
test_12283,0.90061392
test_12284,0.40246767
test_12285,0.43127512
test_12286,0.47427971
test_12287,0.53248184
test_12288,0.89418143
test_12289,0.16131216
test_12290,0.04331129
test_12291,0.49097208
test_12292,0.20627364
test_12293,0.51052357
test_12294,0.24431357
test_12295,0.84896314
test_12296,0.90848816
test_12297,0.00611497
test_12298,0.43901596
test_12299,0.51732372
test_12300,0.30299320
test_12301,0.85695973
test_12302,0.26373785
test_12303,0.00343196
test_12304,0.97049153
test_12305,0.00124522
test_12306,0.64550434
test_12307,0.69002462
test_12308,0.09017985
test_12309,0.98569402
test_12310,0.19342912
test_12311,0.96718652
test_12312,0.88299287
test_12313,0.05613683
test_12314,0.98269726
test_12315,0.00123375
test_12316,0.10185672
test_12317,0.00242584
test_12318,0.00403714
test_12319,0.49772501
test_12320,0.72458000
test_12321,0.97246542
test_12322,0.42604690
test_12323,0.42271605
test_12324,0.01402227
test_12325,0.64820308
test_12326,0.94796244
test_12327,0.92785729
test_12328,0.02243995
test_12329,0.49126072
test_12330,0.91193684
test_12331,0.01497221
test_12332,0.66179511
test_12333,0.07641847
test_12334,0.00137784
test_12335,0.55411441
test_12336,0.23220073
test_12337,0.41801898
test_12338,0.18818726
test_12339,0.98652872
test_12340,0.75087709
test_12341,0.26570389
test_12342,0.01411609
test_12343,0.05157584
test_12344,0.61979699
test_12345,0.98967046
test_12346,0.98723254
test_12347,0.71657491
test_12348,0.47321542
test_12349,0.70883656
test_12350,0.02106033
test_12351,0.00834402
test_12352,0.98249656
test_12353,0.78122276
test_12354,0.77566390
test_12355,0.05331580
test_12356,0.56618522
test_12357,0.97433318
test_12358,0.09867355
test_12359,0.89718162
test_12360,0.43771795
test_12361,0.89356783
test_12362,0.18962359
test_12363,0.11718406
test_12364,0.10193857
test_12365,0.78189154
test_12366,0.43146803
test_12367,0.23585072
test_12368,0.88998931
test_12369,0.53318504
test_12370,0.02764155
test_12371,0.98734123
test_12372,0.97151573
test_12373,0.92444932
test_12374,0.39494915
test_12375,0.85990861
test_12376,0.38956881
test_12377,0.10363649
test_12378,0.02708564
test_12379,0.03997933
test_12380,0.26794767
test_12381,0.64025817
test_12382,0.01178699
test_12383,0.07711537
test_12384,0.83035991
test_12385,0.00437708
test_12386,0.73774223
test_12387,0.99829665
test_12388,0.14967405
test_12389,0.33649215
test_12390,0.04737356
test_12391,0.81306046
test_12392,0.00475644
test_12393,0.07274561
test_12394,0.28733492
test_12395,0.92306728
test_12396,0.42546229
test_12397,0.00455825
test_12398,0.04494115
test_12399,0.00561045
test_12400,0.99774973
test_12401,0.10824895
test_12402,0.42207878
test_12403,0.94941514
test_12404,0.00111316
test_12405,0.13158860
test_12406,0.86945322
test_12407,0.99136792
test_12408,0.98656000
test_12409,0.61651028
test_12410,0.02389331
test_12411,0.57020629
test_12412,0.70799156
test_12413,0.12328095
test_12414,0.00059692
test_12415,0.50200666
test_12416,0.49996493
test_12417,0.62202213
test_12418,0.88622617
test_12419,0.56341648
test_12420,0.99864712
test_12421,0.04195882
test_12422,0.99899518
test_12423,0.14478152
test_12424,0.47401130
test_12425,0.47040248
test_12426,0.92079572
test_12427,0.57685171
test_12428,0.42367906
test_12429,0.52118963
test_12430,0.98210932
test_12431,0.86100956
test_12432,0.94780791
test_12433,0.48333460
test_12434,0.88793952
test_12435,0.43354386
test_12436,0.07570376
test_12437,0.25091215
test_12438,0.00152141
test_12439,0.01184562
test_12440,0.59836599
test_12441,0.88435959
test_12442,0.85647694
test_12443,0.00985335
test_12444,0.49205990
test_12445,0.61314331
test_12446,0.16022781
test_12447,0.11562013
test_12448,0.00567552
test_12449,0.50610112
test_12450,0.94447609
test_12451,0.95318864
test_12452,0.50394243
test_12453,0.83537369
test_12454,0.46487530
test_12455,0.16959668
test_12456,0.00318148
test_12457,0.03395936
test_12458,0.80634247
test_12459,0.96884919
test_12460,0.01242754
test_12461,0.98289136
test_12462,0.05702085
test_12463,0.49943063
test_12464,0.24791156
test_12465,0.99410836
test_12466,0.00867256
test_12467,0.88707286
test_12468,0.03881098
test_12469,0.01059344
test_12470,0.94795313
test_12471,0.55532919
test_12472,0.42188265
test_12473,0.62082891
test_12474,0.33778448
test_12475,0.12401235
test_12476,0.70630586
test_12477,0.20836790
test_12478,0.99850835
test_12479,0.26498390
test_12480,0.03381106
test_12481,0.04483483
test_12482,0.73352814
test_12483,0.09960675
test_12484,0.85469489
test_12485,0.00213497
test_12486,0.03201433
test_12487,0.26435175
test_12488,0.26171040
test_12489,0.98687575
test_12490,0.07946200
test_12491,0.19139852
test_12492,0.62659696
test_12493,0.82141545
test_12494,0.74550970
test_12495,0.16261573
test_12496,0.77049847
test_12497,0.06933973
test_12498,0.50347560
test_12499,0.84342981
test_12500,0.99736145
test_12501,0.78579121
test_12502,0.02518178
test_12503,0.58386401
test_12504,0.94415209
test_12505,0.36960362
test_12506,0.99562080
test_12507,0.67348340
test_12508,0.99090262
test_12509,0.43084243
test_12510,0.50828371
test_12511,0.10647379
test_12512,0.46863016
test_12513,0.03591669
test_12514,0.52899234
test_12515,0.24576853
test_12516,0.95396881
test_12517,0.39329246
test_12518,0.06192108
test_12519,0.05445753
test_12520,0.02622149
test_12521,0.00956159
test_12522,0.22257743
test_12523,0.02143555
test_12524,0.86513081
test_12525,0.10695163
test_12526,0.98377607
test_12527,0.00808952
test_12528,0.01966741
test_12529,0.08223192
test_12530,0.67266278
test_12531,0.20186186
test_12532,0.00667776
test_12533,0.93497112
test_12534,0.61698597
test_12535,0.92674578
test_12536,0.37073194
test_12537,0.49964118
test_12538,0.99324283
test_12539,0.07140706
test_12540,0.07867277
test_12541,0.12806002
test_12542,0.00925521
test_12543,0.07394121
test_12544,0.01982887
test_12545,0.99476468
test_12546,0.11426473
test_12547,0.30321001
test_12548,0.49407143
test_12549,0.96352495
test_12550,0.95964934
test_12551,0.41465344
test_12552,0.98923256
test_12553,0.69855492
test_12554,0.00511076
test_12555,0.87998217
test_12556,0.01973368
test_12557,0.44854923
test_12558,0.05226162
test_12559,0.98239152
test_12560,0.92065401
test_12561,0.99221761
test_12562,0.37885941
test_12563,0.97893555
test_12564,0.06694504
test_12565,0.02997809
test_12566,0.81565037
test_12567,0.01895772
test_12568,0.14436761
test_12569,0.93833363
test_12570,0.83104687
test_12571,0.00950287
test_12572,0.52839306
test_12573,0.01007969
test_12574,0.15886674
test_12575,0.02100442
test_12576,0.52191378
test_12577,0.41285545
test_12578,0.04936368
test_12579,0.87715852
test_12580,0.02205425
test_12581,0.50352604
test_12582,0.07995839
test_12583,0.60818305
test_12584,0.51791954
test_12585,0.97036898
test_12586,0.17727386
test_12587,0.65504579
test_12588,0.01043079
test_12589,0.18950140
test_12590,0.82560233
test_12591,0.91964906
test_12592,0.07674159
test_12593,0.05173895
test_12594,0.70027833
test_12595,0.84569031
test_12596,0.21293985
test_12597,0.80038641
test_12598,0.08542198
test_12599,0.13556904
test_12600,0.84296378
test_12601,0.95021323
test_12602,0.41415240
test_12603,0.78327787
test_12604,0.37770233
test_12605,0.05480626
test_12606,0.85264927
test_12607,0.07436157
test_12608,0.93540370
test_12609,0.61581179
test_12610,0.12952899
test_12611,0.01386658
test_12612,0.16225693
test_12613,0.57981125
test_12614,0.90055176
test_12615,0.16209440
test_12616,0.21081152
test_12617,0.00888135
test_12618,0.14654712
test_12619,0.60025379
test_12620,0.64562838
test_12621,0.01839230
test_12622,0.22430481
test_12623,0.93720095
test_12624,0.99636588
test_12625,0.10566514
test_12626,0.08587148
test_12627,0.19407221
test_12628,0.00434179
test_12629,0.84302929
test_12630,0.07868056
test_12631,0.99802991
test_12632,0.62610827
test_12633,0.05090868
test_12634,0.24059647
test_12635,0.11326058
test_12636,0.82779267
test_12637,0.51898114
test_12638,0.00012447
test_12639,0.70905253
test_12640,0.37700448
test_12641,0.09594136
test_12642,0.20107811
test_12643,0.98841761
test_12644,0.01420192
test_12645,0.83716800
test_12646,0.55237106
test_12647,0.14599474
test_12648,0.06731063
test_12649,0.13005206
test_12650,0.64699697
test_12651,0.88710559
test_12652,0.00184923
test_12653,0.80069928
test_12654,0.00289564
test_12655,0.99910888
test_12656,0.90472081
test_12657,0.54894235
test_12658,0.89355479
test_12659,0.00389623
test_12660,0.12683023
test_12661,0.99330533
test_12662,0.73737868
test_12663,0.00711728
test_12664,0.04937729
test_12665,0.68304286
test_12666,0.36894405
test_12667,0.19129010
test_12668,0.30847986
test_12669,0.19013438
test_12670,0.94385525
test_12671,0.97851331
test_12672,0.00131651
test_12673,0.00048199
test_12674,0.26552701
test_12675,0.51117881
test_12676,0.75129766
test_12677,0.82340905
test_12678,0.20579880
test_12679,0.93736535
test_12680,0.96462217
test_12681,0.45612046
test_12682,0.97454950
test_12683,0.17396659
test_12684,0.64275712
test_12685,0.27871479
test_12686,0.98715563
test_12687,0.96230626
test_12688,0.51692703
test_12689,0.54481969
test_12690,0.49080425
test_12691,0.89831903
test_12692,0.72337156
test_12693,0.96019499
test_12694,0.16155432
test_12695,0.30963272
test_12696,0.49711388
test_12697,0.27195270
test_12698,0.67350751
test_12699,0.45198708
test_12700,0.17335236
test_12701,0.66263794
test_12702,0.03185479
test_12703,0.38788689
test_12704,0.89760134
test_12705,0.99740880
test_12706,0.05895580
test_12707,0.95724488
test_12708,0.88035838
test_12709,0.90081979
test_12710,0.09574322
test_12711,0.52057269
test_12712,0.84054697
test_12713,0.04905430
test_12714,0.04516802
test_12715,0.43927418
test_12716,0.00047451
test_12717,0.00534690
test_12718,0.42793515
test_12719,0.98123042
test_12720,0.99028301
test_12721,0.97577356
test_12722,0.94377009
test_12723,0.38361840
test_12724,0.11797918
test_12725,0.88448373
test_12726,0.89362105
test_12727,0.52354782
test_12728,0.58846250
test_12729,0.53067618
test_12730,0.00715352
test_12731,0.69864605
test_12732,0.07570564
test_12733,0.71748116
test_12734,0.89345337
test_12735,0.59748201
test_12736,0.91845148
test_12737,0.97474216
test_12738,0.16956646
test_12739,0.99120227
test_12740,0.05649973
test_12741,0.00427254
test_12742,0.09705131
test_12743,0.06019421
test_12744,0.46763082
test_12745,0.32117834
test_12746,0.96151578
test_12747,0.91023962
test_12748,0.50377647
test_12749,0.01534155
test_12750,0.00457161
test_12751,0.12122742
test_12752,0.91983774
test_12753,0.09514137
test_12754,0.10450154
test_12755,0.78232754
test_12756,0.87590651
test_12757,0.79688551
test_12758,0.39945183
test_12759,0.00305130
test_12760,0.54986534
test_12761,0.52109233
test_12762,0.12400628
test_12763,0.92371636
test_12764,0.00272506
test_12765,0.67830216
test_12766,0.05119945
test_12767,0.18607005
test_12768,0.99406363
test_12769,0.97065784
test_12770,0.00411114
test_12771,0.12115873
test_12772,0.43954228
test_12773,0.97917386
test_12774,0.01550397
test_12775,0.75226549
test_12776,0.02381286
test_12777,0.00834307
test_12778,0.93569668
test_12779,0.14327912
test_12780,0.97195688
test_12781,0.99597286
test_12782,0.00351595
test_12783,0.99985300
test_12784,0.06712124
test_12785,0.87212868
test_12786,0.52640880
test_12787,0.97213372
test_12788,0.35302483
test_12789,0.73469748
test_12790,0.00429371
test_12791,0.38671744
test_12792,0.10073056
test_12793,0.52107348
test_12794,0.02819984
test_12795,0.88987069
test_12796,0.99068217
test_12797,0.93401284
test_12798,0.74686192
test_12799,0.00028837
test_12800,0.27421686
test_12801,0.23796734
test_12802,0.20182096
test_12803,0.99577379
test_12804,0.99222212
test_12805,0.27193225
test_12806,0.33619470
test_12807,0.84658050
test_12808,0.03544438
test_12809,0.99988253
test_12810,0.02131229
test_12811,0.93073016
test_12812,0.66699871
test_12813,0.65690619
test_12814,0.02616742
test_12815,0.35594260
test_12816,0.34467923
test_12817,0.13467397
test_12818,0.00108368
test_12819,0.00139321
test_12820,0.59118066
test_12821,0.25857791
test_12822,0.76605540
test_12823,0.98902388
test_12824,0.01290932
test_12825,0.46748280
test_12826,0.45446614
test_12827,0.47653641
test_12828,0.91250682
test_12829,0.76068667
test_12830,0.31933918
test_12831,0.46412451
test_12832,0.99800689
test_12833,0.00040131
test_12834,0.94989167
test_12835,0.99189182
test_12836,0.50701196
test_12837,0.64711246
test_12838,0.89869961
test_12839,0.25374975
test_12840,0.25645820
test_12841,0.00085271
test_12842,0.37111788
test_12843,0.99812776
test_12844,0.82024589
test_12845,0.18272157
test_12846,0.47183546
test_12847,0.55561206
test_12848,0.95440978
test_12849,0.23596686
test_12850,0.94091931
test_12851,0.33309783
test_12852,0.39312207
test_12853,0.96769520
test_12854,0.27120730
test_12855,0.02594020
test_12856,0.97949491
test_12857,0.73081667
test_12858,0.13334367
test_12859,0.88323438
test_12860,0.96493554
test_12861,0.41728851
test_12862,0.03408912
test_12863,0.36912627
test_12864,0.07859531
test_12865,0.67515733
test_12866,0.35264212
test_12867,0.96887350
test_12868,0.56326057
test_12869,0.15814022
test_12870,0.99482360
test_12871,0.49912118
test_12872,0.55531956
test_12873,0.86803415
test_12874,0.99353550
test_12875,0.25152255
test_12876,0.00284108
test_12877,0.37965731
test_12878,0.97021761
test_12879,0.81896835
test_12880,0.42338347
test_12881,0.00010581
test_12882,0.60774277
test_12883,0.26588921
test_12884,0.25685585
test_12885,0.10492160
test_12886,0.48473035
test_12887,0.47354750
test_12888,0.49846334
test_12889,0.37497207
test_12890,0.98106590
test_12891,0.08010882
test_12892,0.02465339
test_12893,0.69531653
test_12894,0.00923075
test_12895,0.92102220
test_12896,0.52605568
test_12897,0.99360201
test_12898,0.17704843
test_12899,0.26180760
test_12900,0.91869411
test_12901,0.91317048
test_12902,0.84439221
test_12903,0.52387694
test_12904,0.67439580
test_12905,0.99115616
test_12906,0.01125400
test_12907,0.25921196
test_12908,0.87388267
test_12909,0.72855307
test_12910,0.01105573
test_12911,0.99834773
test_12912,0.99758938
test_12913,0.02330836
test_12914,0.04631376
test_12915,0.37705875
test_12916,0.99819307
test_12917,0.97436811
test_12918,0.32363133
test_12919,0.61701755
test_12920,0.82224931
test_12921,0.18865763
test_12922,0.12560792
test_12923,0.95634707
test_12924,0.85202340
test_12925,0.67901475
test_12926,0.97049781
test_12927,0.01949992
test_12928,0.10576635
test_12929,0.99355368
test_12930,0.70254261
test_12931,0.08475782
test_12932,0.05782231
test_12933,0.87804610
test_12934,0.58640169
test_12935,0.43022316
test_12936,0.50393843
test_12937,0.50639516
test_12938,0.14376579
test_12939,0.97198944
test_12940,0.90966833
test_12941,0.52532656
test_12942,0.30693218
test_12943,0.04109364
test_12944,0.99503370
test_12945,0.11778270
test_12946,0.99873776
test_12947,0.92161567
test_12948,0.34659267
test_12949,0.07719249
test_12950,0.53320603
test_12951,0.30790363
test_12952,0.88607863
test_12953,0.80691190
test_12954,0.00705636
test_12955,0.47763394
test_12956,0.67791207
test_12957,0.76546815
test_12958,0.02701668
test_12959,0.48167592
test_12960,0.57448857
test_12961,0.43895089
test_12962,0.37034675
test_12963,0.82369017
test_12964,0.01502570
test_12965,0.38438778
test_12966,0.80678918
test_12967,0.01449747
test_12968,0.13808162
test_12969,0.61071839
test_12970,0.49889737
test_12971,0.00909670
test_12972,0.40157545
test_12973,0.01373570
test_12974,0.48155776
test_12975,0.49848031
test_12976,0.08556498
test_12977,0.06985976
test_12978,0.77885296
test_12979,0.40769342
test_12980,0.00185090
test_12981,0.73591019
test_12982,0.93453974
test_12983,0.38033936
test_12984,0.60413952
test_12985,0.58585981
test_12986,0.98955599
test_12987,0.74367062
test_12988,0.00713957
test_12989,0.95877205
test_12990,0.87042948
test_12991,0.02117322
test_12992,0.46264756
test_12993,0.98968925
test_12994,0.45149492
test_12995,0.80258708
test_12996,0.77400992
test_12997,0.00679800
test_12998,0.99652674
test_12999,0.81292092
test_13000,0.09594519
test_13001,0.99962725
test_13002,0.05815938
test_13003,0.87314479
test_13004,0.00564623
test_13005,0.58903531
test_13006,0.22066607
test_13007,0.04449819
test_13008,0.46727027
test_13009,0.98613675
test_13010,0.47504703
test_13011,0.25454220
test_13012,0.50265213
test_13013,0.99929048
test_13014,0.05087141
test_13015,0.98722397
test_13016,0.01221385
test_13017,0.91048390
test_13018,0.11966783
test_13019,0.85953378
test_13020,0.00823238
test_13021,0.42330965
test_13022,0.11676557
test_13023,0.71576387
test_13024,0.99477032
test_13025,0.95608587
test_13026,0.79560631
test_13027,0.71016422
test_13028,0.62429104
test_13029,0.83863839
test_13030,0.13157173
test_13031,0.49383685
test_13032,0.53963832
test_13033,0.07219606
test_13034,0.96677199
test_13035,0.42060060
test_13036,0.49803423
test_13037,0.97270699
test_13038,0.63472015
test_13039,0.99652736
test_13040,0.52231749
test_13041,0.79280605
test_13042,0.96528600
test_13043,0.58272889
test_13044,0.55899541
test_13045,0.09804463
test_13046,0.77583817
test_13047,0.26559136
test_13048,0.03000655
test_13049,0.99510058
test_13050,0.00119116
test_13051,0.20211567
test_13052,0.93628947
test_13053,0.97402498
test_13054,0.00633592
test_13055,0.15234831
test_13056,0.91183144
test_13057,0.07050434
test_13058,0.08274460
test_13059,0.31808305
test_13060,0.60176550
test_13061,0.59112137
test_13062,0.99930959
test_13063,0.24267759
test_13064,0.33744813
test_13065,0.99505559
test_13066,0.56605377
test_13067,0.02267276
test_13068,0.88907903
test_13069,0.80759741
test_13070,0.79489628
test_13071,0.38766249
test_13072,0.00498757
test_13073,0.50563304
test_13074,0.79036967
test_13075,0.90298734
test_13076,0.07923398
test_13077,0.50296228
test_13078,0.58238433
test_13079,0.96483060
test_13080,0.14234815
test_13081,0.43119456
test_13082,0.96402926
test_13083,0.52294210
test_13084,0.74231556
test_13085,0.98948796
test_13086,0.89821253
test_13087,0.00766760
test_13088,0.96352348
test_13089,0.29038276
test_13090,0.35745423
test_13091,0.25095874
test_13092,0.97501949
test_13093,0.00164710
test_13094,0.95607653
test_13095,0.50895807
test_13096,0.01938043
test_13097,0.00633792
test_13098,0.24516936
test_13099,0.33901963
test_13100,0.01278254
test_13101,0.19257939
test_13102,0.33838277
test_13103,0.17088550
test_13104,0.00259021
test_13105,0.81873675
test_13106,0.68042774
test_13107,0.75328784
test_13108,0.94522405
test_13109,0.00274822
test_13110,0.97454118
test_13111,0.76205952
test_13112,0.95660702
test_13113,0.73959109
test_13114,0.54562768
test_13115,0.62097340
test_13116,0.53817593
test_13117,0.03625519
test_13118,0.45386456
test_13119,0.19358695
test_13120,0.05824523
test_13121,0.52743591
test_13122,0.02381850
test_13123,0.02586290
test_13124,0.60174764
test_13125,0.99732520
test_13126,0.34731790
test_13127,0.99723401
test_13128,0.93806316
test_13129,0.49518475
test_13130,0.93371121
test_13131,0.18356518
test_13132,0.99092508
test_13133,0.10734873
test_13134,0.01942795
test_13135,0.01354324
test_13136,0.01255801
test_13137,0.99112267
test_13138,0.86433410
test_13139,0.00345011
test_13140,0.07358726
test_13141,0.98718448
test_13142,0.23848299
test_13143,0.97954862
test_13144,0.16343069
test_13145,0.10313639
test_13146,0.84897564
test_13147,0.99234389
test_13148,0.00392562
test_13149,0.04368826
test_13150,0.33908711
test_13151,0.90012456
test_13152,0.22659277
test_13153,0.91046495
test_13154,0.12236481
test_13155,0.99833845
test_13156,0.35349026
test_13157,0.37562269
test_13158,0.35111886
test_13159,0.99312040
test_13160,0.70672102
test_13161,0.06008768
test_13162,0.49521412
test_13163,0.98625150
test_13164,0.34911949
test_13165,0.11899739
test_13166,0.01592842
test_13167,0.48423574
test_13168,0.48640171
test_13169,0.10232699
test_13170,0.00117227
test_13171,0.11979427
test_13172,0.50735351
test_13173,0.11280891
test_13174,0.74906089
test_13175,0.22263455
test_13176,0.41374955
test_13177,0.06105218
test_13178,0.00155681
test_13179,0.02915304
test_13180,0.99042805
test_13181,0.10884026
test_13182,0.54337967
test_13183,0.99959439
test_13184,0.41821359
test_13185,0.94157599
test_13186,0.66743541
test_13187,0.99559608
test_13188,0.08163229
test_13189,0.24970243
test_13190,0.33065590
test_13191,0.31540083
test_13192,0.99953231
test_13193,0.14072485
test_13194,0.98638160
test_13195,0.01798019
test_13196,0.99526141
test_13197,0.26608281
test_13198,0.39276505
test_13199,0.64819229
test_13200,0.39532715
test_13201,0.33731984
test_13202,0.50869788
test_13203,0.89460450
test_13204,0.11323060
test_13205,0.25921098
test_13206,0.00310770
test_13207,0.98818175
test_13208,0.00755172
test_13209,0.30098654
test_13210,0.97393113
test_13211,0.67564619
test_13212,0.97835832
test_13213,0.48367120
test_13214,0.05086100
test_13215,0.47481209
test_13216,0.67167450
test_13217,0.90365800
test_13218,0.99761380
test_13219,0.16379844
test_13220,0.96627410
test_13221,0.20226576
test_13222,0.69689113
test_13223,0.07636569
test_13224,0.99368342
test_13225,0.38178218
test_13226,0.92360637
test_13227,0.98972457
test_13228,0.13659839
test_13229,0.09511518
test_13230,0.46977941
test_13231,0.97473808
test_13232,0.94447412
test_13233,0.00641212
test_13234,0.99691903
test_13235,0.39331728
test_13236,0.42468174
test_13237,0.02408907
test_13238,0.98298644
test_13239,0.92873169
test_13240,0.00916234
test_13241,0.09499300
test_13242,0.12450549
test_13243,0.99926942
test_13244,0.58895761
test_13245,0.48534629
test_13246,0.92719702
test_13247,0.92038101
test_13248,0.55312660
test_13249,0.07837486
test_13250,0.84983370
test_13251,0.43949566
test_13252,0.38446513
test_13253,0.14068570
test_13254,0.01902228
test_13255,0.82258220
test_13256,0.01689037
test_13257,0.01746565
test_13258,0.66258942
test_13259,0.96256335
test_13260,0.03660648
test_13261,0.01117272
test_13262,0.16775539
test_13263,0.23781792
test_13264,0.72143250
test_13265,0.98328696
test_13266,0.98886001
test_13267,0.46799506
test_13268,0.52530945
test_13269,0.25413434
test_13270,0.01086199
test_13271,0.05334938
test_13272,0.00814601
test_13273,0.99835895
test_13274,0.16621894
test_13275,0.01799170
test_13276,0.33869142
test_13277,0.21094092
test_13278,0.40343017
test_13279,0.08552223
test_13280,0.43911795
test_13281,0.94117813
test_13282,0.02720236
test_13283,0.48408619
test_13284,0.57400248
test_13285,0.01050923
test_13286,0.55888974
test_13287,0.03394900
test_13288,0.55086184
test_13289,0.00146749
test_13290,0.61994522
test_13291,0.58743233
test_13292,0.99618036
test_13293,0.76059677
test_13294,0.35594113
test_13295,0.99442796
test_13296,0.98906480
test_13297,0.12234297
test_13298,0.64379773
test_13299,0.96509703
test_13300,0.30679732
test_13301,0.99885527
test_13302,0.90949934
test_13303,0.18717801
test_13304,0.94237272
test_13305,0.61088721
test_13306,0.06426341
test_13307,0.03335189
test_13308,0.97920927
test_13309,0.99235368
test_13310,0.84580146
test_13311,0.75516215
test_13312,0.09010759
test_13313,0.46599186
test_13314,0.83293417
test_13315,0.90473028
test_13316,0.40874037
test_13317,0.95278137
test_13318,0.07956558
test_13319,0.96091063
test_13320,0.42844238
test_13321,0.06079519
test_13322,0.02793759
test_13323,0.99940749
test_13324,0.18358975
test_13325,0.00279966
test_13326,0.35493289
test_13327,0.91570137
test_13328,0.27381410
test_13329,0.04872104
test_13330,0.02248004
test_13331,0.40510012
test_13332,0.11006339
test_13333,0.89702751
test_13334,0.13650634
test_13335,0.17782651
test_13336,0.09823633
test_13337,0.72031835
test_13338,0.55035027
test_13339,0.62921740
test_13340,0.26264367
test_13341,0.99190000
test_13342,0.48500485
test_13343,0.90250637
test_13344,0.87575397
test_13345,0.95374669
test_13346,0.61473785
test_13347,0.38184581
test_13348,0.08247886
test_13349,0.05232302
test_13350,0.19774033
test_13351,0.63424491
test_13352,0.00614989
test_13353,0.27175836
test_13354,0.91052707
test_13355,0.47641584
test_13356,0.97725193
test_13357,0.05983199
test_13358,0.96383293
test_13359,0.97172834
test_13360,0.99933697
test_13361,0.38954611
test_13362,0.90979264
test_13363,0.26538298
test_13364,0.91283530
test_13365,0.99904007
test_13366,0.75205123
test_13367,0.98910892
test_13368,0.76541221
test_13369,0.07572870
test_13370,0.56550931
test_13371,0.69510217
test_13372,0.99932757
test_13373,0.51873523
test_13374,0.69759996
test_13375,0.65895032
test_13376,0.96037449
test_13377,0.46522168
test_13378,0.09682496
test_13379,0.00522381
test_13380,0.52151021
test_13381,0.21989313
test_13382,0.52634675
test_13383,0.99219375
test_13384,0.91347278
test_13385,0.50264312
test_13386,0.01429275
test_13387,0.18893255
test_13388,0.11825742
test_13389,0.02240759
test_13390,0.01010033
test_13391,0.99357333
test_13392,0.15836346
test_13393,0.69863676
test_13394,0.93564725
test_13395,0.99883342
test_13396,0.48400036
test_13397,0.51833442
test_13398,0.07154883
test_13399,0.99097443
test_13400,0.96715020
test_13401,0.20833443
test_13402,0.66259718
test_13403,0.87632825
test_13404,0.96802778
test_13405,0.99798917
test_13406,0.95683769
test_13407,0.00514550
test_13408,0.06304503
test_13409,0.95739708
test_13410,0.92701600
test_13411,0.81415986
test_13412,0.99789786
test_13413,0.25124075
test_13414,0.35548498
test_13415,0.73673291
test_13416,0.76911237
test_13417,0.02750679
test_13418,0.04531040
test_13419,0.91664551
test_13420,0.96326480
test_13421,0.00082639
test_13422,0.00537087
test_13423,0.47348869
test_13424,0.98201136
test_13425,0.08582143
test_13426,0.00284997
test_13427,0.99104131
test_13428,0.99154871
test_13429,0.57793957
test_13430,0.39491087
test_13431,0.99674546
test_13432,0.00489423
test_13433,0.02753139
test_13434,0.93462569
test_13435,0.23858078
test_13436,0.00286971
test_13437,0.13536368
test_13438,0.95772868
test_13439,0.97100665
test_13440,0.97115404
test_13441,0.59779461
test_13442,0.96834897
test_13443,0.51108385
test_13444,0.99294821
test_13445,0.99808463
test_13446,0.30552264
test_13447,0.35967310
test_13448,0.12069915
test_13449,0.45669795
test_13450,0.63847281
test_13451,0.33906702
test_13452,0.83183968
test_13453,0.95085939
test_13454,0.16773263
test_13455,0.13593937
test_13456,0.99276617
test_13457,0.80587837
test_13458,0.71727140
test_13459,0.91933762
test_13460,0.29681731
test_13461,0.25070456
test_13462,0.89467010
test_13463,0.38162478
test_13464,0.31350956
test_13465,0.20102556
test_13466,0.96051762
test_13467,0.00278764
test_13468,0.43451088
test_13469,0.94482963
test_13470,0.34720295
test_13471,0.99929965
test_13472,0.86500670
test_13473,0.78325429
test_13474,0.53996308
test_13475,0.99894765
test_13476,0.06321099
test_13477,0.97096626
test_13478,0.98427802
test_13479,0.99921535
test_13480,0.99606702
test_13481,0.92546811
test_13482,0.09715724
test_13483,0.53504439
test_13484,0.06758396
test_13485,0.94123601
test_13486,0.49135163
test_13487,0.15341936
test_13488,0.22895516
test_13489,0.99007013
test_13490,0.16967901
test_13491,0.11067633
test_13492,0.66873771
test_13493,0.96919815
test_13494,0.02189585
test_13495,0.03081921
test_13496,0.60308502
test_13497,0.36788308
test_13498,0.68539817
test_13499,0.05357828
test_13500,0.99299324
test_13501,0.10438333
test_13502,0.18544925
test_13503,0.04214745
test_13504,0.02050024
test_13505,0.22954278
test_13506,0.04089524
test_13507,0.16412775
test_13508,0.98658998
test_13509,0.00563772
test_13510,0.05245586
test_13511,0.50222348
test_13512,0.77855177
test_13513,0.01040608
test_13514,0.21537234
test_13515,0.43644476
test_13516,0.00900664
test_13517,0.09288113
test_13518,0.00747008
test_13519,0.05371381
test_13520,0.40710592
test_13521,0.90590473
test_13522,0.04821945
test_13523,0.99311424
test_13524,0.99704186
test_13525,0.77512954
test_13526,0.02716526
test_13527,0.97169743
test_13528,0.98809814
test_13529,0.82192719
test_13530,0.70785207
test_13531,0.41030282
test_13532,0.27449619
test_13533,0.98653864
test_13534,0.01589706
test_13535,0.99717838
test_13536,0.05977569
test_13537,0.00118762
test_13538,0.05692759
test_13539,0.02309933
test_13540,0.50887049
test_13541,0.98192716
test_13542,0.05643309
test_13543,0.00982314
test_13544,0.83711727
test_13545,0.50408510
test_13546,0.92127355
test_13547,0.00128772
test_13548,0.72692146
test_13549,0.50530713
test_13550,0.42607953
test_13551,0.70120862
test_13552,0.04013456
test_13553,0.94143686
test_13554,0.99664727
test_13555,0.18635680
test_13556,0.32479207
test_13557,0.98253439
test_13558,0.02899710
test_13559,0.00477194
test_13560,0.10179172
test_13561,0.42180812
test_13562,0.47481783
test_13563,0.52533726
test_13564,0.69461603
test_13565,0.72205917
test_13566,0.93342304
test_13567,0.97098721
test_13568,0.52606377
test_13569,0.98975917
test_13570,0.68735533
test_13571,0.45800903
test_13572,0.87556110
test_13573,0.99233941
test_13574,0.32067325
test_13575,0.92940492
test_13576,0.08482749
test_13577,0.38899475
test_13578,0.95276438
test_13579,0.07371265
test_13580,0.06337329
test_13581,0.55398158
test_13582,0.71433728
test_13583,0.01376084
test_13584,0.96891607
test_13585,0.73558558
test_13586,0.99327423
test_13587,0.19520977
test_13588,0.70314496
test_13589,0.80984466
test_13590,0.41958104
test_13591,0.00285645
test_13592,0.59390104
test_13593,0.82037338
test_13594,0.11823482
test_13595,0.01309482
test_13596,0.17202262
test_13597,0.43226203
test_13598,0.46887697
test_13599,0.78630770
test_13600,0.42914255
test_13601,0.99436673
test_13602,0.75454472
test_13603,0.84873232
test_13604,0.80505967
test_13605,0.38536214
test_13606,0.78912858
test_13607,0.03560428
test_13608,0.01630241
test_13609,0.97689898
test_13610,0.86242345
test_13611,0.82768155
test_13612,0.87263310
test_13613,0.78622457
test_13614,0.99830006
test_13615,0.60355968
test_13616,0.08493512
test_13617,0.73013057
test_13618,0.11620256
test_13619,0.93123784
test_13620,0.02472997
test_13621,0.72530260
test_13622,0.71800667
test_13623,0.00249498
test_13624,0.04886158
test_13625,0.53438658
test_13626,0.45976472
test_13627,0.00064469
test_13628,0.41284398
test_13629,0.01266244
test_13630,0.07176384
test_13631,0.25026296
test_13632,0.74791209
test_13633,0.42717376
test_13634,0.99434795
test_13635,0.99560779
test_13636,0.92838952
test_13637,0.88901148
test_13638,0.67445376
test_13639,0.49319859
test_13640,0.46052707
test_13641,0.91000674
test_13642,0.05248331
test_13643,0.00035692
test_13644,0.00597774
test_13645,0.99936666
test_13646,0.96447077
test_13647,0.63165562
test_13648,0.15577418
test_13649,0.19603595
test_13650,0.00533550
test_13651,0.47618665
test_13652,0.00166403
test_13653,0.24211155
test_13654,0.32113113
test_13655,0.22060318
test_13656,0.75123560
test_13657,0.01207200
test_13658,0.83562173
test_13659,0.57268262
test_13660,0.01358815
test_13661,0.25644620
test_13662,0.64781104
test_13663,0.29906310
test_13664,0.99943392
test_13665,0.09659430
test_13666,0.54766826
test_13667,0.07133050
test_13668,0.04259223
test_13669,0.70883305
test_13670,0.23112238
test_13671,0.02038695
test_13672,0.45115581
test_13673,0.38265555
test_13674,0.50520680
test_13675,0.38415634
test_13676,0.83251721
test_13677,0.11814361
test_13678,0.37568635
test_13679,0.24806588
test_13680,0.10477175
test_13681,0.99723103
test_13682,0.60721521
test_13683,0.63514434
test_13684,0.40608996
test_13685,0.87892906
test_13686,0.38963117
test_13687,0.96458084
test_13688,0.99011286
test_13689,0.76183651
test_13690,0.51390820
test_13691,0.94757434
test_13692,0.30505303
test_13693,0.30144684
test_13694,0.13241313
test_13695,0.99674494
test_13696,0.98376404
test_13697,0.23916023
test_13698,0.99981400
test_13699,0.58473019
test_13700,0.99574549
test_13701,0.00888136
test_13702,0.99893674
test_13703,0.27420909
test_13704,0.00377939
test_13705,0.99021981
test_13706,0.41845865
test_13707,0.03151012
test_13708,0.13028626
test_13709,0.49424841
test_13710,0.03403882
test_13711,0.06383794
test_13712,0.39604257
test_13713,0.93142841
test_13714,0.03398652
test_13715,0.42415770
test_13716,0.01384215
test_13717,0.95383024
test_13718,0.74234024
test_13719,0.50048185
test_13720,0.47369659
test_13721,0.91853080
test_13722,0.90293185
test_13723,0.06760405
test_13724,0.12832748
test_13725,0.83874239
test_13726,0.21146796
test_13727,0.85634336
test_13728,0.04275613
test_13729,0.99284486
test_13730,0.35608294
test_13731,0.00767070
test_13732,0.99671100
test_13733,0.72665993
test_13734,0.61306434
test_13735,0.58819347
test_13736,0.52912061
test_13737,0.00954969
test_13738,0.62553033
test_13739,0.59202474
test_13740,0.00303508
test_13741,0.44096485
test_13742,0.17531344
test_13743,0.00093718
test_13744,0.43890450
test_13745,0.47446372
test_13746,0.84303428
test_13747,0.26301286
test_13748,0.00901893
test_13749,0.93849322
test_13750,0.00706365
test_13751,0.65778201
test_13752,0.30038662
test_13753,0.34075458
test_13754,0.88673112
test_13755,0.00204534
test_13756,0.99593018
test_13757,0.27536252
test_13758,0.39519637
test_13759,0.70905795
test_13760,0.00707937
test_13761,0.17641849
test_13762,0.00603224
test_13763,0.99101861
test_13764,0.61652827
test_13765,0.99658307
test_13766,0.19956675
test_13767,0.08167796
test_13768,0.60994124
test_13769,0.55569721
test_13770,0.02849185
test_13771,0.45433717
test_13772,0.22969864
test_13773,0.63747075
test_13774,0.01789724
test_13775,0.02597302
test_13776,0.72386912
test_13777,0.90584872
test_13778,0.43507154
test_13779,0.58535215
test_13780,0.99707098
test_13781,0.20967963
test_13782,0.92379515
test_13783,0.03328649
test_13784,0.01463608
test_13785,0.98780811
test_13786,0.22554321
test_13787,0.67979331
test_13788,0.44368152
test_13789,0.59851497
test_13790,0.42832423
test_13791,0.00612101
test_13792,0.90546343
test_13793,0.43797831
test_13794,0.27110533
test_13795,0.19821057
test_13796,0.95253378
test_13797,0.61630914
test_13798,0.05019239
test_13799,0.05307471
test_13800,0.93370662
test_13801,0.63528234
test_13802,0.05851444
test_13803,0.00148825
test_13804,0.65268044
test_13805,0.31912172
test_13806,0.62156646
test_13807,0.28577996
test_13808,0.93662721
test_13809,0.22303547
test_13810,0.82610851
test_13811,0.05339826
test_13812,0.92440476
test_13813,0.95232388
test_13814,0.04584435
test_13815,0.38432433
test_13816,0.93449180
test_13817,0.99725855
test_13818,0.69756994
test_13819,0.68299165
test_13820,0.91883260
test_13821,0.26753097
test_13822,0.01320982
test_13823,0.93558999
test_13824,0.46911144
test_13825,0.06328509
test_13826,0.93301324
test_13827,0.86653435
test_13828,0.75180785
test_13829,0.99362535
test_13830,0.00526519
test_13831,0.06924867
test_13832,0.96068666
test_13833,0.83876116
test_13834,0.18282133
test_13835,0.74517257
test_13836,0.66391313
test_13837,0.09310868
test_13838,0.20140122
test_13839,0.99569406
test_13840,0.55263277
test_13841,0.02414065
test_13842,0.98639363
test_13843,0.41914683
test_13844,0.02857338
test_13845,0.87690183
test_13846,0.59575734
test_13847,0.00988447
test_13848,0.58517197
test_13849,0.43138767
test_13850,0.51452139
test_13851,0.09237329
test_13852,0.65388456
test_13853,0.99808558
test_13854,0.67419782
test_13855,0.02243833
test_13856,0.32727150
test_13857,0.96355167
test_13858,0.66512056
test_13859,0.98404842
test_13860,0.50462363
test_13861,0.99457045
test_13862,0.99136112
test_13863,0.99699117
test_13864,0.23158915
test_13865,0.92541649
test_13866,0.00004618
test_13867,0.01132541
test_13868,0.04088982
test_13869,0.94002246
test_13870,0.48216159
test_13871,0.08798003
test_13872,0.00932524
test_13873,0.76287841
test_13874,0.75268554
test_13875,0.01936707
test_13876,0.97268114
test_13877,0.07658598
test_13878,0.92970535
test_13879,0.39246426
test_13880,0.94444289
test_13881,0.99761320
test_13882,0.16740304
test_13883,0.93677605
test_13884,0.02292986
test_13885,0.02628147
test_13886,0.36367101
test_13887,0.56945586
test_13888,0.36387302
test_13889,0.58430366
test_13890,0.03439018
test_13891,0.96714713
test_13892,0.99442623
test_13893,0.42322218
test_13894,0.05260595
test_13895,0.00228213
test_13896,0.96183578
test_13897,0.19446305
test_13898,0.70144227
test_13899,0.96373198
test_13900,0.96545124
test_13901,0.34631301
test_13902,0.07629994
test_13903,0.88991843
test_13904,0.84756244
test_13905,0.00274172
test_13906,0.98503294
test_13907,0.87505217
test_13908,0.00393504
test_13909,0.23910212
test_13910,0.94378560
test_13911,0.52354983
test_13912,0.57234673
test_13913,0.03016493
test_13914,0.06871481
test_13915,0.07193119
test_13916,0.52213904
test_13917,0.04719487
test_13918,0.00560841
test_13919,0.99192447
test_13920,0.43742969
test_13921,0.82087186
test_13922,0.89404610
test_13923,0.97733203
test_13924,0.80971589
test_13925,0.93426720
test_13926,0.58476136
test_13927,0.01159512
test_13928,0.85337823
test_13929,0.83516825
test_13930,0.68781277
test_13931,0.81857742
test_13932,0.77216474
test_13933,0.12731277
test_13934,0.20789709
test_13935,0.05261525
test_13936,0.93161780
test_13937,0.95962523
test_13938,0.62416990
test_13939,0.99141502
test_13940,0.80100284
test_13941,0.38949942
test_13942,0.02528977
test_13943,0.95577904
test_13944,0.63459198
test_13945,0.05943947
test_13946,0.35534057
test_13947,0.79363537
test_13948,0.00025096
test_13949,0.09424856
test_13950,0.38533041
test_13951,0.03766881
test_13952,0.54899339
test_13953,0.97984094
test_13954,0.56409699
test_13955,0.98944842
test_13956,0.52826154
test_13957,0.32381860
test_13958,0.99905144
test_13959,0.26777205
test_13960,0.86701846
test_13961,0.99867195
test_13962,0.75597316
test_13963,0.93028905
test_13964,0.58959011
test_13965,0.56989265
test_13966,0.37876526
test_13967,0.68905408
test_13968,0.53089517
test_13969,0.00600160
test_13970,0.03073264
test_13971,0.49849191
test_13972,0.03882545
test_13973,0.98237796
test_13974,0.67457278
test_13975,0.96655117
test_13976,0.59041604
test_13977,0.80147784
test_13978,0.52551701
test_13979,0.08343141
test_13980,0.43602069
test_13981,0.35122374
test_13982,0.11422706
test_13983,0.97195308
test_13984,0.88750387
test_13985,0.97917590
test_13986,0.49552918
test_13987,0.24244338
test_13988,0.90714137
test_13989,0.94697971
test_13990,0.87315613
test_13991,0.03434943
test_13992,0.75029011
test_13993,0.43339619
test_13994,0.44612296
test_13995,0.89286874
test_13996,0.94374072
test_13997,0.01624170
test_13998,0.32282676
test_13999,0.99600265
test_14000,0.00147473
test_14001,0.15298975
test_14002,0.38169796
test_14003,0.37668676
test_14004,0.64401144
test_14005,0.07523789
test_14006,0.86600540
test_14007,0.91806401
test_14008,0.96961994
test_14009,0.59071677
test_14010,0.00292177
test_14011,0.91590616
test_14012,0.72491334
test_14013,0.87916220
test_14014,0.37768025
test_14015,0.88976589
test_14016,0.86987524
test_14017,0.17135378
test_14018,0.01980719
test_14019,0.50740749
test_14020,0.55581475
test_14021,0.01799934
test_14022,0.99134296
test_14023,0.28301247
test_14024,0.11952531
test_14025,0.78023043
test_14026,0.19571947
test_14027,0.01725544
test_14028,0.57603183
test_14029,0.02488431
test_14030,0.99195052
test_14031,0.80127924
test_14032,0.00652901
test_14033,0.01356179
test_14034,0.03186509
test_14035,0.15885172
test_14036,0.00211374
test_14037,0.01656095
test_14038,0.03296337
test_14039,0.56440611
test_14040,0.17942028
test_14041,0.01863088
test_14042,0.93551259
test_14043,0.89757281
test_14044,0.54657346
test_14045,0.48404009
test_14046,0.35228543
test_14047,0.53336796
test_14048,0.03262584
test_14049,0.38622542
test_14050,0.39974069
test_14051,0.11902183
test_14052,0.79421746
test_14053,0.44086699
test_14054,0.98416568
test_14055,0.00843570
test_14056,0.07833655
test_14057,0.99683874
test_14058,0.84425944
test_14059,0.69737132
test_14060,0.72396709
test_14061,0.80197106
test_14062,0.34906279
test_14063,0.00157232
test_14064,0.53847624
test_14065,0.98849792
test_14066,0.06125448
test_14067,0.12244851
test_14068,0.89693196
test_14069,0.01167029
test_14070,0.28208614
test_14071,0.00312307
test_14072,0.63758957
test_14073,0.17448156
test_14074,0.97862485
test_14075,0.33195445
test_14076,0.03407802
test_14077,0.99022813
test_14078,0.64731880
test_14079,0.90577887
test_14080,0.96461084
test_14081,0.88945963
test_14082,0.18547657
test_14083,0.18097287
test_14084,0.91353875
test_14085,0.64720823
test_14086,0.40535681
test_14087,0.98872137
test_14088,0.96621487
test_14089,0.44364873
test_14090,0.01069874
test_14091,0.03149103
test_14092,0.06223771
test_14093,0.02821977
test_14094,0.79305784
test_14095,0.95712605
test_14096,0.73927132
test_14097,0.96562632
test_14098,0.63140307
test_14099,0.37322640
test_14100,0.47931811
test_14101,0.54301735
test_14102,0.31765859
test_14103,0.44382446
test_14104,0.93146413
test_14105,0.10163240
test_14106,0.98741673
test_14107,0.73433232
test_14108,0.06204482
test_14109,0.34712653
test_14110,0.04986660
test_14111,0.88439798
test_14112,0.72997791
test_14113,0.02871205
test_14114,0.06108167
test_14115,0.00114441
test_14116,0.96207376
test_14117,0.59333144
test_14118,0.00791987
test_14119,0.99699703
test_14120,0.01780077
test_14121,0.00287256
test_14122,0.90030666
test_14123,0.95861152
test_14124,0.04135946
test_14125,0.94162113
test_14126,0.72069067
test_14127,0.61227814
test_14128,0.03664556
test_14129,0.60678008
test_14130,0.00092706
test_14131,0.15154488
test_14132,0.58316635
test_14133,0.02353765
test_14134,0.00423325
test_14135,0.52421395
test_14136,0.44570925
test_14137,0.03558457
test_14138,0.41810737
test_14139,0.43659730
test_14140,0.60334420
test_14141,0.73963500
test_14142,0.24180014
test_14143,0.03178227
test_14144,0.00195137
test_14145,0.06536292
test_14146,0.93953636
test_14147,0.99787129
test_14148,0.01398296
test_14149,0.95585873
test_14150,0.21236680
test_14151,0.76288051
test_14152,0.50538504
test_14153,0.18552771
test_14154,0.50586429
test_14155,0.50504050
test_14156,0.01579701
test_14157,0.18639091
test_14158,0.79255816
test_14159,0.00540733
test_14160,0.29073732
test_14161,0.03986384
test_14162,0.57946473
test_14163,0.57644253
test_14164,0.32961959
test_14165,0.59598181
test_14166,0.27124632
test_14167,0.84824799
test_14168,0.00651066
test_14169,0.00284824
test_14170,0.99930875
test_14171,0.98656039
test_14172,0.05383567
test_14173,0.01033137
test_14174,0.24992342
test_14175,0.69237129
test_14176,0.25827222
test_14177,0.20898711
test_14178,0.01579695
test_14179,0.93480983
test_14180,0.10215695
test_14181,0.29931451
test_14182,0.04970188
test_14183,0.65384676
test_14184,0.30205664
test_14185,0.78578279
test_14186,0.06373672
test_14187,0.08611106
test_14188,0.08777311
test_14189,0.01499332
test_14190,0.87129021
test_14191,0.94636775
test_14192,0.99766192
test_14193,0.29349072
test_14194,0.18000327
test_14195,0.98952710
test_14196,0.99160507
test_14197,0.93395690
test_14198,0.63242840
test_14199,0.02084091
test_14200,0.06959378
test_14201,0.12315608
test_14202,0.04295832
test_14203,0.81135822
test_14204,0.44368067
test_14205,0.98584846
test_14206,0.98323512
test_14207,0.38622091
test_14208,0.96634171
test_14209,0.05217194
test_14210,0.97578230
test_14211,0.01528251
test_14212,0.52476820
test_14213,0.35162767
test_14214,0.94930251
test_14215,0.99077581
test_14216,0.24148492
test_14217,0.00417010
test_14218,0.41216362
test_14219,0.99813408
test_14220,0.00056190
test_14221,0.64839419
test_14222,0.07256352
test_14223,0.18705296
test_14224,0.02750296
test_14225,0.95011214
test_14226,0.48401272
test_14227,0.99368133
test_14228,0.09374437
test_14229,0.99591175
test_14230,0.97137256
test_14231,0.27511485
test_14232,0.18486524
test_14233,0.93734956
test_14234,0.41279070
test_14235,0.12630135
test_14236,0.24368656
test_14237,0.99765776
test_14238,0.06392307
test_14239,0.66204375
test_14240,0.03285554
test_14241,0.54803265
test_14242,0.02611373
test_14243,0.98436437
test_14244,0.96882271
test_14245,0.63399275
test_14246,0.98760114
test_14247,0.57983518
test_14248,0.83948068
test_14249,0.03195884
test_14250,0.99783682
test_14251,0.84862959
test_14252,0.63828413
test_14253,0.98762270
test_14254,0.94765092
test_14255,0.00204448
test_14256,0.01745595
test_14257,0.79312100
test_14258,0.00587553
test_14259,0.55887716
test_14260,0.01464464
test_14261,0.02976229
test_14262,0.73725540
test_14263,0.44339386
test_14264,0.86316834
test_14265,0.06053708
test_14266,0.06660502
test_14267,0.98923075
test_14268,0.19384986
test_14269,0.02412393
test_14270,0.37549563
test_14271,0.02850221
test_14272,0.96832658
test_14273,0.01206739
test_14274,0.81824944
test_14275,0.15563450
test_14276,0.02801241
test_14277,0.00355689
test_14278,0.51520840
test_14279,0.89929982
test_14280,0.59205832
test_14281,0.89751879
test_14282,0.12375570
test_14283,0.00597552
test_14284,0.92768054
test_14285,0.64502791
test_14286,0.96032299
test_14287,0.49199903
test_14288,0.73795648
test_14289,0.97034052
test_14290,0.49070069
test_14291,0.92325518
test_14292,0.02195728
test_14293,0.88169458
test_14294,0.35225725
test_14295,0.99627832
test_14296,0.98937083
test_14297,0.67132749
test_14298,0.99706227
test_14299,0.58849194
test_14300,0.40565129
test_14301,0.05765146
test_14302,0.01228572
test_14303,0.98921015
test_14304,0.47309361
test_14305,0.18931133
test_14306,0.99411824
test_14307,0.93280743
test_14308,0.93415086
test_14309,0.00252439
test_14310,0.00104473
test_14311,0.96318457
test_14312,0.53027244
test_14313,0.71413491
test_14314,0.49746730
test_14315,0.00585848
test_14316,0.12978942
test_14317,0.79056252
test_14318,0.40102576
test_14319,0.99133150
test_14320,0.03447079
test_14321,0.90795695
test_14322,0.58137598
test_14323,0.00658955
test_14324,0.85743679
test_14325,0.13206291
test_14326,0.05885795
test_14327,0.02187093
test_14328,0.99461463
test_14329,0.01721371
test_14330,0.42078223
test_14331,0.46282501
test_14332,0.96929024
test_14333,0.06777613
test_14334,0.68388964
test_14335,0.91857879
test_14336,0.99299427
test_14337,0.00576492
test_14338,0.26150356
test_14339,0.94912483
test_14340,0.51967562
test_14341,0.98991342
test_14342,0.03275570
test_14343,0.82223606
test_14344,0.21764832
test_14345,0.24994594
test_14346,0.64079696
test_14347,0.99839414
test_14348,0.00981733
test_14349,0.91748587
test_14350,0.00650250
test_14351,0.18933758
test_14352,0.05042987
test_14353,0.79632276
test_14354,0.00083871
test_14355,0.51307412
test_14356,0.52866533
test_14357,0.00440348
test_14358,0.97809870
test_14359,0.97719224
test_14360,0.97597622
test_14361,0.13916660
test_14362,0.98618014
test_14363,0.44681659
test_14364,0.86338807
test_14365,0.47633630
test_14366,0.73716496
test_14367,0.98187711
test_14368,0.97499734
test_14369,0.92029103
test_14370,0.95301773
test_14371,0.83421777
test_14372,0.39594313
test_14373,0.17750960
test_14374,0.48354435
test_14375,0.04134381
test_14376,0.03110256
test_14377,0.04075021
test_14378,0.77222206
test_14379,0.03714614
test_14380,0.64767076
test_14381,0.01677234
test_14382,0.14869533
test_14383,0.72662313
test_14384,0.03349432
test_14385,0.71182960
test_14386,0.20880568
test_14387,0.83292423
test_14388,0.22407796
test_14389,0.01620729
test_14390,0.71092506
test_14391,0.61979048
test_14392,0.85729232
test_14393,0.49814073
test_14394,0.97835202
test_14395,0.62410518
test_14396,0.99286931
test_14397,0.99418357
test_14398,0.91632120
test_14399,0.85671736
test_14400,0.96891614
test_14401,0.48907823
test_14402,0.41545303
test_14403,0.87795270
test_14404,0.49928933
test_14405,0.98927972
test_14406,0.93541299
test_14407,0.43171712
test_14408,0.46385523
test_14409,0.97349028
test_14410,0.14003426
test_14411,0.00131729
test_14412,0.84115361
test_14413,0.81507798
test_14414,0.03856046
test_14415,0.54512324
test_14416,0.84209006
test_14417,0.04374471
test_14418,0.18711624
test_14419,0.00288948
test_14420,0.05038091
test_14421,0.93565951
test_14422,0.16814863
test_14423,0.49836868
test_14424,0.03640139
test_14425,0.40292266
test_14426,0.24400610
test_14427,0.92957563
test_14428,0.39212332
test_14429,0.96416403
test_14430,0.06099954
test_14431,0.68733759
test_14432,0.01536476
test_14433,0.98646649
test_14434,0.99077351
test_14435,0.04541030
test_14436,0.48252814
test_14437,0.78097127
test_14438,0.98191171
test_14439,0.32010489
test_14440,0.43900385
test_14441,0.99003856
test_14442,0.32603676
test_14443,0.70230496
test_14444,0.63762930
test_14445,0.28548005
test_14446,0.39897761
test_14447,0.98705155
test_14448,0.09490933
test_14449,0.48490200
test_14450,0.63580128
test_14451,0.56623315
test_14452,0.41869639
test_14453,0.65699352
test_14454,0.11469215
test_14455,0.69816501
test_14456,0.85413900
test_14457,0.49080104
test_14458,0.50620492
test_14459,0.01603504
test_14460,0.48028959
test_14461,0.11173325
test_14462,0.93933106
test_14463,0.50460223
test_14464,0.94649884
test_14465,0.98784760
test_14466,0.25802691
test_14467,0.93968690
test_14468,0.48982176
test_14469,0.30496914
test_14470,0.76289694
test_14471,0.30953876
test_14472,0.00434188
test_14473,0.32800265
test_14474,0.82648068
test_14475,0.94371082
test_14476,0.90498007
test_14477,0.89339752
test_14478,0.95913100
test_14479,0.44340899
test_14480,0.59134334
test_14481,0.48906007
test_14482,0.17989639
test_14483,0.12082411
test_14484,0.99781153
test_14485,0.21029725
test_14486,0.01775602
test_14487,0.97678841
test_14488,0.56241940
test_14489,0.00002789
test_14490,0.55104565
test_14491,0.78750396
test_14492,0.41210019
test_14493,0.00385099
test_14494,0.13156723
test_14495,0.01023708
test_14496,0.01090981
test_14497,0.98128615
test_14498,0.81865238
test_14499,0.03602381
test_14500,0.36448549
test_14501,0.07969996
test_14502,0.82068213
test_14503,0.55843416
test_14504,0.50669197
test_14505,0.04700609
test_14506,0.00742856
test_14507,0.98405974
test_14508,0.34582331
test_14509,0.44735928
test_14510,0.59478107
test_14511,0.99554914
test_14512,0.97942479
test_14513,0.46446337
test_14514,0.23765920
test_14515,0.32844325
test_14516,0.94895168
test_14517,0.08897447
test_14518,0.96437639
test_14519,0.99805475
test_14520,0.38794882
test_14521,0.95547388
test_14522,0.37691391
test_14523,0.68788052
test_14524,0.54866796
test_14525,0.97679278
test_14526,0.13229605
test_14527,0.75869834
test_14528,0.99400014
test_14529,0.04983230
test_14530,0.87978355
test_14531,0.55467687
test_14532,0.10267000
test_14533,0.11740869
test_14534,0.89896978
test_14535,0.11231638
test_14536,0.99965747
test_14537,0.07140028
test_14538,0.29399022
test_14539,0.06239748
test_14540,0.60659814
test_14541,0.00101528
test_14542,0.93654160
test_14543,0.01195289
test_14544,0.34072211
test_14545,0.62768952
test_14546,0.85297211
test_14547,0.55738805
test_14548,0.46595829
test_14549,0.33035981
test_14550,0.95057210
test_14551,0.92052747
test_14552,0.44573084
test_14553,0.99205048
test_14554,0.26157545
test_14555,0.06708433
test_14556,0.96133336
test_14557,0.70778122
test_14558,0.06007078
test_14559,0.03213399
test_14560,0.11320693
test_14561,0.98165235
test_14562,0.99675365
test_14563,0.76977171
test_14564,0.03822493
test_14565,0.65560293
test_14566,0.21737109
test_14567,0.89629127
test_14568,0.99310235
test_14569,0.31331753
test_14570,0.95129218
test_14571,0.32681843
test_14572,0.11017243
test_14573,0.95926585
test_14574,0.97128901
test_14575,0.00257674
test_14576,0.51218694
test_14577,0.99910438
test_14578,0.00108668
test_14579,0.01720026
test_14580,0.52311981
test_14581,0.98134010
test_14582,0.93817881
test_14583,0.92464463
test_14584,0.87400641
test_14585,0.82463767
test_14586,0.44636673
test_14587,0.50195970
test_14588,0.90951696
test_14589,0.26322550
test_14590,0.96684901
test_14591,0.99383291
test_14592,0.91429805
test_14593,0.61938083
test_14594,0.99302026
test_14595,0.95028789
test_14596,0.00115883
test_14597,0.16013953
test_14598,0.00487612
test_14599,0.99231721
test_14600,0.98908845
test_14601,0.99823805
test_14602,0.55349057
test_14603,0.48819930
test_14604,0.86214162
test_14605,0.44460338
test_14606,0.51035375
test_14607,0.01303672
test_14608,0.99327558
test_14609,0.52284129
test_14610,0.33951828
test_14611,0.18480138
test_14612,0.01487930
test_14613,0.97089699
test_14614,0.97921564
test_14615,0.67561715
test_14616,0.04697242
test_14617,0.72510073
test_14618,0.81577972
test_14619,0.60348476
test_14620,0.85641338
test_14621,0.99073554
test_14622,0.90618339
test_14623,0.99887602
test_14624,0.71163085
test_14625,0.82879432
test_14626,0.99623917
test_14627,0.93307206
test_14628,0.02917930
test_14629,0.84418808
test_14630,0.00085095
test_14631,0.58802706
test_14632,0.01378485
test_14633,0.93542541
test_14634,0.16092126
test_14635,0.56197819
test_14636,0.10548197
test_14637,0.24472859
test_14638,0.58180612
test_14639,0.00058418
test_14640,0.40226953
test_14641,0.03611702
test_14642,0.03638245
test_14643,0.80530180
test_14644,0.04136068
test_14645,0.48733732
test_14646,0.60320409
test_14647,0.02023731
test_14648,0.01544733
test_14649,0.73409080
test_14650,0.91547893
test_14651,0.54739607
test_14652,0.42451817
test_14653,0.64197401
test_14654,0.01612329
test_14655,0.21614128
test_14656,0.03935830
test_14657,0.99534488
test_14658,0.27249775
test_14659,0.42071081
test_14660,0.30457821
test_14661,0.06915442
test_14662,0.99437627
test_14663,0.78039105
test_14664,0.95634694
test_14665,0.07254907
test_14666,0.92747799
test_14667,0.20641000
test_14668,0.76317085
test_14669,0.54803678
test_14670,0.94467186
test_14671,0.28383660
test_14672,0.96117067
test_14673,0.51541993
test_14674,0.70558863
test_14675,0.97069906
test_14676,0.99819122
test_14677,0.44246765
test_14678,0.90113734
test_14679,0.82521300
test_14680,0.35050122
test_14681,0.41952764
test_14682,0.99659928
test_14683,0.02912001
test_14684,0.97583840
test_14685,0.65597333
test_14686,0.30752782
test_14687,0.47907088
test_14688,0.65939559
test_14689,0.32468537
test_14690,0.52167905
test_14691,0.96458255
test_14692,0.00743781
test_14693,0.54216315
test_14694,0.50027533
test_14695,0.59399224
test_14696,0.86889486
test_14697,0.04175705
test_14698,0.61007099
test_14699,0.99875770
test_14700,0.63160484
test_14701,0.32215538
test_14702,0.99824083
test_14703,0.40987709
test_14704,0.98364126
test_14705,0.48593616
test_14706,0.52554515
test_14707,0.18421228
test_14708,0.07984067
test_14709,0.98532621
test_14710,0.97755442
test_14711,0.10427528
test_14712,0.01274700
test_14713,0.77781732
test_14714,0.74207275
test_14715,0.50178518
test_14716,0.66072410
test_14717,0.54720503
test_14718,0.00906113
test_14719,0.48788428
test_14720,0.99508255
test_14721,0.98051388
test_14722,0.81387605
test_14723,0.99275024
test_14724,0.88948479
test_14725,0.65765865
test_14726,0.95449440
test_14727,0.53700193
test_14728,0.08793605
test_14729,0.47245047
test_14730,0.99304084
test_14731,0.90578007
test_14732,0.76812101
test_14733,0.99806224
test_14734,0.01141014
test_14735,0.82201490
test_14736,0.47154140
test_14737,0.87080583
test_14738,0.00697000
test_14739,0.69771153
test_14740,0.99321594
test_14741,0.00052268
test_14742,0.01343001
test_14743,0.99240613
test_14744,0.97841343
test_14745,0.78323309
test_14746,0.83673616
test_14747,0.99375122
test_14748,0.29559731
test_14749,0.52670282
test_14750,0.25602140
test_14751,0.02612906
test_14752,0.15734202
test_14753,0.20424945
test_14754,0.99633356
test_14755,0.40421974
test_14756,0.80901924
test_14757,0.69301390
test_14758,0.97776901
test_14759,0.02688082
test_14760,0.50304748
test_14761,0.53207006
test_14762,0.01270832
test_14763,0.49824866
test_14764,0.99960436
test_14765,0.00181671
test_14766,0.96858677
test_14767,0.95745815
test_14768,0.89607049
test_14769,0.89973595
test_14770,0.57200533
test_14771,0.82351925
test_14772,0.01234021
test_14773,0.02425272
test_14774,0.96435948
test_14775,0.27721918
test_14776,0.47804998
test_14777,0.96282505
test_14778,0.59293741
test_14779,0.06873833
test_14780,0.98254449
test_14781,0.41185450
test_14782,0.93379171
test_14783,0.01283735
test_14784,0.43788247
test_14785,0.81131923
test_14786,0.10601365
test_14787,0.44799031
test_14788,0.85755238
test_14789,0.04641064
test_14790,0.33861583
test_14791,0.96169498
test_14792,0.52487246
test_14793,0.98712135
test_14794,0.03951476
test_14795,0.74463897
test_14796,0.50880338
test_14797,0.66254596
test_14798,0.97375274
test_14799,0.31590190
test_14800,0.01235738
test_14801,0.32653796
test_14802,0.00255373
test_14803,0.48591076
test_14804,0.00612648
test_14805,0.02028109
test_14806,0.00771396
test_14807,0.48473544
test_14808,0.21370630
test_14809,0.96172174
test_14810,0.22999927
test_14811,0.95326054
test_14812,0.93873274
test_14813,0.60887596
test_14814,0.96149907
test_14815,0.62368508
test_14816,0.00710068
test_14817,0.37475348
test_14818,0.64663132
test_14819,0.99410474
test_14820,0.31437163
test_14821,0.19492393
test_14822,0.69765224
test_14823,0.21063328
test_14824,0.67473631
test_14825,0.18795228
test_14826,0.54556864
test_14827,0.96536663
test_14828,0.35324687
test_14829,0.91717932
test_14830,0.31191441
test_14831,0.94999477
test_14832,0.45997492
test_14833,0.00469379
test_14834,0.95666341
test_14835,0.00729143
test_14836,0.67147668
test_14837,0.19306592
test_14838,0.16306663
test_14839,0.20896241
test_14840,0.26039669
test_14841,0.82150435
test_14842,0.90363619
test_14843,0.12390901
test_14844,0.49903319
test_14845,0.80407588
test_14846,0.99343787
test_14847,0.89307047
test_14848,0.96563765
test_14849,0.99542636
test_14850,0.30358489
test_14851,0.74304586
test_14852,0.06830855
test_14853,0.00652641
test_14854,0.05130406
test_14855,0.83249290
test_14856,0.15640265
test_14857,0.99338016
test_14858,0.96124231
test_14859,0.87311910
test_14860,0.99438612
test_14861,0.97898117
test_14862,0.97228076
test_14863,0.06522253
test_14864,0.09964878
test_14865,0.99403016
test_14866,0.06152753
test_14867,0.34845289
test_14868,0.50186672
test_14869,0.99429498
test_14870,0.02803519
test_14871,0.67560429
test_14872,0.83060480
test_14873,0.06519567
test_14874,0.36278764
test_14875,0.57060465
test_14876,0.17434612
test_14877,0.00458113
test_14878,0.96529133
test_14879,0.99537026
test_14880,0.62936564
test_14881,0.12382860
test_14882,0.00783157
test_14883,0.95844677
test_14884,0.45686821
test_14885,0.77315246
test_14886,0.85362046
test_14887,0.16678537
test_14888,0.86052955
test_14889,0.07621201
test_14890,0.47543513
test_14891,0.90255638
test_14892,0.02628035
test_14893,0.38351164
test_14894,0.34960006
test_14895,0.97293830
test_14896,0.01426341
test_14897,0.29057978
test_14898,0.75574683
test_14899,0.04675590
test_14900,0.06465233
test_14901,0.19987062
test_14902,0.01365204
test_14903,0.90033648
test_14904,0.68740837
test_14905,0.98996100
test_14906,0.89449452
test_14907,0.07110478
test_14908,0.06991601
test_14909,0.20905108
test_14910,0.30050696
test_14911,0.99722017
test_14912,0.76991691
test_14913,0.90810758
test_14914,0.93990010
test_14915,0.11092671
test_14916,0.64860394
test_14917,0.56691863
test_14918,0.41519223
test_14919,0.01911958
test_14920,0.14614829
test_14921,0.16547059
test_14922,0.01787524
test_14923,0.00278451
test_14924,0.96401170
test_14925,0.98964763
test_14926,0.02301167
test_14927,0.13766449
test_14928,0.93613898
test_14929,0.21576979
test_14930,0.32245279
test_14931,0.93283835
test_14932,0.46999363
test_14933,0.14851876
test_14934,0.43526891
test_14935,0.21186738
test_14936,0.58787714
test_14937,0.55496679
test_14938,0.04308428
test_14939,0.00530422
test_14940,0.48858963
test_14941,0.84809264
test_14942,0.78735813
test_14943,0.33396905
test_14944,0.92587572
test_14945,0.03952616
test_14946,0.05415594
test_14947,0.58992778
test_14948,0.66197884
test_14949,0.79784736
test_14950,0.71610450
test_14951,0.04931165
test_14952,0.23270022
test_14953,0.68080608
test_14954,0.00139472
test_14955,0.21176428
test_14956,0.20438574
test_14957,0.53096321
test_14958,0.00346066
test_14959,0.27055532
test_14960,0.91855840
test_14961,0.98882663
test_14962,0.91363891
test_14963,0.52085691
test_14964,0.00985334
test_14965,0.94627849
test_14966,0.95741350
test_14967,0.08976551
test_14968,0.00382782
test_14969,0.00389508
test_14970,0.00565347
test_14971,0.01438315
test_14972,0.73717414
test_14973,0.40534688
test_14974,0.98720483
test_14975,0.99099413
test_14976,0.09059372
test_14977,0.02779297
test_14978,0.46920022
test_14979,0.01248745
test_14980,0.99880526
test_14981,0.31276281
test_14982,0.64506568
test_14983,0.93894886
test_14984,0.02373508
test_14985,0.49739058
test_14986,0.61615664
test_14987,0.05545072
test_14988,0.02095238
test_14989,0.95256922
test_14990,0.35085582
test_14991,0.99447486
test_14992,0.54352413
test_14993,0.87753887
test_14994,0.51786751
test_14995,0.33893969
test_14996,0.81990592
test_14997,0.08311995
test_14998,0.99502146
test_14999,0.47812672
test_15000,0.59785509
test_15001,0.92699742
test_15002,0.17639262
test_15003,0.06268855
test_15004,0.35365599
test_15005,0.43647648
test_15006,0.01202986
test_15007,0.49116251
test_15008,0.69339384
test_15009,0.04625745
test_15010,0.02051195
test_15011,0.00446304
test_15012,0.19627104
test_15013,0.92058443
test_15014,0.51413210
test_15015,0.58713362
test_15016,0.39033921
test_15017,0.27196197
test_15018,0.58183489
test_15019,0.44888023
test_15020,0.96557975
test_15021,0.01935561
test_15022,0.00998495
test_15023,0.94158414
test_15024,0.58197306
test_15025,0.30797507
test_15026,0.39677454
test_15027,0.01535495
test_15028,0.03314481
test_15029,0.69277286
test_15030,0.38701484
test_15031,0.40846529
test_15032,0.10564474
test_15033,0.01904413
test_15034,0.80532521
test_15035,0.86744713
test_15036,0.17741199
test_15037,0.26295348
test_15038,0.99933829
test_15039,0.08791416
test_15040,0.95092545
test_15041,0.20116957
test_15042,0.97745949
test_15043,0.01873722
test_15044,0.50622840
test_15045,0.00198095
test_15046,0.08663424
test_15047,0.88773922
test_15048,0.98361295
test_15049,0.99288130
test_15050,0.99237938
test_15051,0.96944710
test_15052,0.63181880
test_15053,0.31118241
test_15054,0.06390176
test_15055,0.00554139
test_15056,0.98518924
test_15057,0.81853572
test_15058,0.75516000
test_15059,0.99640302
test_15060,0.47536554
test_15061,0.65626053
test_15062,0.91999182
test_15063,0.99722014
test_15064,0.40986359
test_15065,0.57929535
test_15066,0.22022486
test_15067,0.73299801
test_15068,0.42683209
test_15069,0.20212348
test_15070,0.86991664
test_15071,0.37280797
test_15072,0.51922520
test_15073,0.02923549
test_15074,0.28249389
test_15075,0.00945676
test_15076,0.92901471
test_15077,0.66465854
test_15078,0.05907101
test_15079,0.28796183
test_15080,0.35998880
test_15081,0.76467263
test_15082,0.57759449
test_15083,0.75564623
test_15084,0.63674354
test_15085,0.99898279
test_15086,0.06367193
test_15087,0.91864222
test_15088,0.54701361
test_15089,0.14096135
test_15090,0.12326265
test_15091,0.86708813
test_15092,0.86075053
test_15093,0.45677085
test_15094,0.97592684
test_15095,0.02344127
test_15096,0.28305685
test_15097,0.99238544
test_15098,0.16002211
test_15099,0.96872133
test_15100,0.44893536
test_15101,0.04083513
test_15102,0.97939234
test_15103,0.09704902
test_15104,0.95075547
test_15105,0.91021150
test_15106,0.57193885
test_15107,0.29974526
test_15108,0.07310816
test_15109,0.59367405
test_15110,0.72133836
test_15111,0.67202918
test_15112,0.63025262
test_15113,0.51758607
test_15114,0.95158559
test_15115,0.99854544
test_15116,0.99405537
test_15117,0.57640573
test_15118,0.45958296
test_15119,0.11044578
test_15120,0.10752914
test_15121,0.10509728
test_15122,0.50672567
test_15123,0.41985758
test_15124,0.01254680
test_15125,0.89183435
test_15126,0.12262993
test_15127,0.86059766
test_15128,0.13128173
test_15129,0.11418917
test_15130,0.00777205
test_15131,0.50900619
test_15132,0.38755671
test_15133,0.93576340
test_15134,0.70982957
test_15135,0.96095826
test_15136,0.97584119
test_15137,0.53049652
test_15138,0.99763270
test_15139,0.01930124
test_15140,0.01464081
test_15141,0.87870759
test_15142,0.99451761
test_15143,0.20557960
test_15144,0.01750322
test_15145,0.99429302
test_15146,0.90282156
test_15147,0.24503889
test_15148,0.48411824
test_15149,0.49116039
test_15150,0.45018599
test_15151,0.98788588
test_15152,0.02158046
test_15153,0.17377044
test_15154,0.90890248
test_15155,0.10939210
test_15156,0.24102610
test_15157,0.99424875
test_15158,0.00228876
test_15159,0.01119013
test_15160,0.51358512
test_15161,0.83517387
test_15162,0.73069888
test_15163,0.10792007
test_15164,0.70383820
test_15165,0.13394835
test_15166,0.03989426
test_15167,0.60467337
test_15168,0.43766130
test_15169,0.03551201
test_15170,0.05697163
test_15171,0.55978544
test_15172,0.05454363
test_15173,0.05038324
test_15174,0.10460887
test_15175,0.90214065
test_15176,0.92340285
test_15177,0.01740287
test_15178,0.40340642
test_15179,0.01312254
test_15180,0.97054933
test_15181,0.01739730
test_15182,0.90355126
test_15183,0.02198495
test_15184,0.89569758
test_15185,0.61094551
test_15186,0.55343688
test_15187,0.66296200
test_15188,0.87013312
test_15189,0.98023016
test_15190,0.00144658
test_15191,0.03039388
test_15192,0.40480766
test_15193,0.06400618
test_15194,0.39134223
test_15195,0.00152054
test_15196,0.45669226
test_15197,0.98370128
test_15198,0.00239606
test_15199,0.43495031
test_15200,0.06619440
test_15201,0.89235994
test_15202,0.99849133
test_15203,0.00611192
test_15204,0.84523314
test_15205,0.87749169
test_15206,0.98308475
test_15207,0.60074908
test_15208,0.38146087
test_15209,0.02987704
test_15210,0.01510952
test_15211,0.49403965
test_15212,0.07219560
test_15213,0.98975713
test_15214,0.99799861
test_15215,0.55150629
test_15216,0.83909175
test_15217,0.48526046
test_15218,0.98734628
test_15219,0.64768056
test_15220,0.25643588
test_15221,0.01408515
test_15222,0.99634307
test_15223,0.48750384
test_15224,0.00977257
test_15225,0.41640010
test_15226,0.76363221
test_15227,0.01628464
test_15228,0.61479745
test_15229,0.07969660
test_15230,0.98217012
test_15231,0.99336925
test_15232,0.83253268
test_15233,0.48497327
test_15234,0.51167613
test_15235,0.05071043
test_15236,0.88004820
test_15237,0.44334872
test_15238,0.99263910
test_15239,0.44649493
test_15240,0.99544092
test_15241,0.92431277
test_15242,0.02877979
test_15243,0.02163365
test_15244,0.03713626
test_15245,0.98109743
test_15246,0.45572655
test_15247,0.88497456
test_15248,0.55369308
test_15249,0.14325681
test_15250,0.97761184
test_15251,0.99312135
test_15252,0.85459758
test_15253,0.72749107
test_15254,0.18432903
test_15255,0.00376851
test_15256,0.01420253
test_15257,0.56466643
test_15258,0.00793271
test_15259,0.47400754
test_15260,0.57374555
test_15261,0.94288071
test_15262,0.70831716
test_15263,0.75626943
test_15264,0.02856726
test_15265,0.03123813
test_15266,0.62313438
test_15267,0.17787660
test_15268,0.01213939
test_15269,0.83828438
test_15270,0.99597251
test_15271,0.27975856
test_15272,0.81001702
test_15273,0.52594849
test_15274,0.15146151
test_15275,0.04027890
test_15276,0.21813300
test_15277,0.32002581
test_15278,0.99766761
test_15279,0.86792207
test_15280,0.56185113
test_15281,0.00193064
test_15282,0.63078469
test_15283,0.54772476
test_15284,0.57776935
test_15285,0.42631845
test_15286,0.24904158
test_15287,0.54072641
test_15288,0.01761141
test_15289,0.04130171
test_15290,0.91716701
test_15291,0.02975293
test_15292,0.13734383
test_15293,0.37724063
test_15294,0.99147924
test_15295,0.49843177
test_15296,0.99338872
test_15297,0.91965735
test_15298,0.01445691
test_15299,0.11554341
test_15300,0.05161850
test_15301,0.19175268
test_15302,0.04160533
test_15303,0.58816959
test_15304,0.53048584
test_15305,0.99862500
test_15306,0.96140233
test_15307,0.56156815
test_15308,0.13151006
test_15309,0.98888722
test_15310,0.19465915
test_15311,0.06266636
test_15312,0.00946923
test_15313,0.07558624
test_15314,0.26398917
test_15315,0.55039318
test_15316,0.93482499
test_15317,0.43577126
test_15318,0.00332070
test_15319,0.21962107
test_15320,0.11549807
test_15321,0.68976719
test_15322,0.23898549
test_15323,0.94513793
test_15324,0.94959311
test_15325,0.99753936
test_15326,0.95175864
test_15327,0.71365986
test_15328,0.06768518
test_15329,0.95078627
test_15330,0.03937447
test_15331,0.90843852
test_15332,0.95344047
test_15333,0.00178407
test_15334,0.53492888
test_15335,0.02792811
test_15336,0.88784208
test_15337,0.98173063
test_15338,0.03999776
test_15339,0.49667294
test_15340,0.85757539
test_15341,0.53724202
test_15342,0.24454499
test_15343,0.07929387
test_15344,0.99788415
test_15345,0.99019822
test_15346,0.03317104
test_15347,0.59506775
test_15348,0.00586762
test_15349,0.93925277
test_15350,0.34647053
test_15351,0.01773946
test_15352,0.14449453
test_15353,0.70803017
test_15354,0.89536531
test_15355,0.63207110
test_15356,0.03873064
test_15357,0.46517039
test_15358,0.44215210
test_15359,0.96410343
test_15360,0.94384304
test_15361,0.57036432
test_15362,0.06484952
test_15363,0.54375787
test_15364,0.89259118
test_15365,0.15309848
test_15366,0.49804992
test_15367,0.97604498
test_15368,0.55121168
test_15369,0.68855385
test_15370,0.48237208
test_15371,0.24606013
test_15372,0.00692901
test_15373,0.25814530
test_15374,0.94654782
test_15375,0.18560252
test_15376,0.89107973
test_15377,0.99767250
test_15378,0.64975769
test_15379,0.83818860
test_15380,0.98333435
test_15381,0.99085439
test_15382,0.43280958
test_15383,0.00834014
test_15384,0.29974653
test_15385,0.39208440
test_15386,0.95856426
test_15387,0.57030350
test_15388,0.91924104
test_15389,0.71747753
test_15390,0.10922158
test_15391,0.96734075
test_15392,0.09385439
test_15393,0.57372130
test_15394,0.20350030
test_15395,0.99202344
test_15396,0.00455272
test_15397,0.55187112
test_15398,0.97140324
test_15399,0.23518572
test_15400,0.98130940
test_15401,0.95751368
test_15402,0.87058877
test_15403,0.58673930
test_15404,0.40946887
test_15405,0.95056789
test_15406,0.49664003
test_15407,0.79458088
test_15408,0.33173799
test_15409,0.97838295
test_15410,0.46440066
test_15411,0.96454634
test_15412,0.90798053
test_15413,0.98763849
test_15414,0.79803586
test_15415,0.48732892
test_15416,0.14992362
test_15417,0.96296663
test_15418,0.99331930
test_15419,0.99139702
test_15420,0.84553785
test_15421,0.67190294
test_15422,0.37659498
test_15423,0.45485894
test_15424,0.99732016
test_15425,0.66012246
test_15426,0.97963306
test_15427,0.93246246
test_15428,0.92253574
test_15429,0.19861186
test_15430,0.59432526
test_15431,0.99223214
test_15432,0.04125394
test_15433,0.04196146
test_15434,0.98670905
test_15435,0.94029273
test_15436,0.36937993
test_15437,0.56023591
test_15438,0.14420313
test_15439,0.95046683
test_15440,0.22997089
test_15441,0.92913071
test_15442,0.39718247
test_15443,0.40328641
test_15444,0.31492954
test_15445,0.92606553
test_15446,0.91437274
test_15447,0.29863488
test_15448,0.67110743
test_15449,0.22404863
test_15450,0.93054043
test_15451,0.01024318
test_15452,0.67692135
test_15453,0.54450164
test_15454,0.22754966
test_15455,0.99813470
test_15456,0.97132880
test_15457,0.03395156
test_15458,0.40819842
test_15459,0.44174755
test_15460,0.55773986
test_15461,0.83342947
test_15462,0.86347521
test_15463,0.14963892
test_15464,0.41036700
test_15465,0.97868875
test_15466,0.52193177
test_15467,0.51463176
test_15468,0.81634674
test_15469,0.29783832
test_15470,0.59115252
test_15471,0.46878098
test_15472,0.00350312
test_15473,0.09663891
test_15474,0.37797460
test_15475,0.48385885
test_15476,0.06437852
test_15477,0.63943381
test_15478,0.99520744
test_15479,0.72195249
test_15480,0.49964551
test_15481,0.72176298
test_15482,0.50130065
test_15483,0.97834405
test_15484,0.18824850
test_15485,0.69594077
test_15486,0.42600395
test_15487,0.02476472
test_15488,0.26700417
test_15489,0.34458265
test_15490,0.39834368
test_15491,0.22530267
test_15492,0.99846902
test_15493,0.29700901
test_15494,0.98784595
test_15495,0.01464426
test_15496,0.41136013
test_15497,0.85140751
test_15498,0.51414801
test_15499,0.62353829
test_15500,0.04615460
test_15501,0.97905756
test_15502,0.98531405
test_15503,0.62826648
test_15504,0.99985816
test_15505,0.99611149
test_15506,0.93825539
test_15507,0.02449171
test_15508,0.63365360
test_15509,0.24350366
test_15510,0.06659224
test_15511,0.98528120
test_15512,0.29982060
test_15513,0.51197263
test_15514,0.88833638
test_15515,0.70412496
test_15516,0.95246168
test_15517,0.46839742
test_15518,0.18663731
test_15519,0.98593793
test_15520,0.05895808
test_15521,0.96986442
test_15522,0.66345497
test_15523,0.00358013
test_15524,0.35077300
test_15525,0.13769277
test_15526,0.99584812
test_15527,0.99298619
test_15528,0.21978786
test_15529,0.01074112
test_15530,0.83165225
test_15531,0.09272389
test_15532,0.47956200
test_15533,0.07731320
test_15534,0.03537068
test_15535,0.00567369
test_15536,0.06506567
test_15537,0.98886753
test_15538,0.47495311
test_15539,0.12074567
test_15540,0.06084129
test_15541,0.99160596
test_15542,0.07280137
test_15543,0.14460025
test_15544,0.79494295
test_15545,0.54576064
test_15546,0.25373764
test_15547,0.04641251
test_15548,0.00780658
test_15549,0.43269771
test_15550,0.96218675
test_15551,0.00101193
test_15552,0.01931524
test_15553,0.97681580
test_15554,0.40540466
test_15555,0.54073931
test_15556,0.51405504
test_15557,0.00997862
test_15558,0.00235893
test_15559,0.55868170
test_15560,0.89753758
test_15561,0.29178201
test_15562,0.99234367
test_15563,0.96442679
test_15564,0.00288775
test_15565,0.20006447
test_15566,0.97216143
test_15567,0.38240965
test_15568,0.77896013
test_15569,0.06829459
test_15570,0.99432580
test_15571,0.47957587
test_15572,0.28202275
test_15573,0.91720536
test_15574,0.58315707
test_15575,0.13561465
test_15576,0.91722494
test_15577,0.53272433
test_15578,0.97941242
test_15579,0.93124894
test_15580,0.93989411
test_15581,0.00410070
test_15582,0.55555499
test_15583,0.18210628
test_15584,0.02226052
test_15585,0.98870683
test_15586,0.98368751
test_15587,0.09901972
test_15588,0.21144888
test_15589,0.99602182
test_15590,0.00621222
test_15591,0.44491108
test_15592,0.61646150
test_15593,0.96010711
test_15594,0.53680297
test_15595,0.22414686
test_15596,0.87076445
test_15597,0.67396540
test_15598,0.37169624
test_15599,0.29981241
test_15600,0.38301014
test_15601,0.97216508
test_15602,0.02038155
test_15603,0.10902633
test_15604,0.34231372
test_15605,0.05908413
test_15606,0.26754905
test_15607,0.65371417
test_15608,0.26670760
test_15609,0.98630285
test_15610,0.43004591
test_15611,0.51201801
test_15612,0.98288663
test_15613,0.53396394
test_15614,0.13260975
test_15615,0.43697721
test_15616,0.18790701
test_15617,0.58456626
test_15618,0.00830572
test_15619,0.98336701
test_15620,0.31822009
test_15621,0.99013863
test_15622,0.09903944
test_15623,0.00572631
test_15624,0.15936281
test_15625,0.17096285
test_15626,0.93871139
test_15627,0.99306715
test_15628,0.00875665
test_15629,0.00347244
test_15630,0.06805786
test_15631,0.98307341
test_15632,0.59006827
test_15633,0.79612423
test_15634,0.00406824
test_15635,0.02391126
test_15636,0.75864262
test_15637,0.88089406
test_15638,0.99782117
test_15639,0.08593750
test_15640,0.57246220
test_15641,0.97757245
test_15642,0.81121203
test_15643,0.96076307
test_15644,0.10083730
test_15645,0.93422238
test_15646,0.97527228
test_15647,0.00394737
test_15648,0.02223414
test_15649,0.38693748
test_15650,0.99631535
test_15651,0.19839341
test_15652,0.97062012
test_15653,0.00146053
test_15654,0.93663005
test_15655,0.33846501
test_15656,0.59470034
test_15657,0.11980845
test_15658,0.97927951
test_15659,0.21231314
test_15660,0.04359130
test_15661,0.03090068
test_15662,0.44996848
test_15663,0.55325994
test_15664,0.00741828
test_15665,0.95521820
test_15666,0.92924194
test_15667,0.00225022
test_15668,0.99880999
test_15669,0.96607733
test_15670,0.46660177
test_15671,0.80489155
test_15672,0.99912272
test_15673,0.04519236
test_15674,0.46491180
test_15675,0.82930434
test_15676,0.01487369
test_15677,0.35245929
test_15678,0.72107954
test_15679,0.96451883
test_15680,0.97706138
test_15681,0.52493489
test_15682,0.41324064
test_15683,0.29133297
test_15684,0.96338409
test_15685,0.00811592
test_15686,0.41207267
test_15687,0.76917409
test_15688,0.77069842
test_15689,0.01025222
test_15690,0.37350023
test_15691,0.00283436
test_15692,0.02549860
test_15693,0.95753045
test_15694,0.20379550
test_15695,0.37957703
test_15696,0.68813314
test_15697,0.95786639
test_15698,0.01155940
test_15699,0.97330352
test_15700,0.00435802
test_15701,0.87582997
test_15702,0.57503779
test_15703,0.52417154
test_15704,0.36991488
test_15705,0.44612676
test_15706,0.95368572
test_15707,0.99653949
test_15708,0.46810462
test_15709,0.98352271
test_15710,0.83238683
test_15711,0.92565079
test_15712,0.00255322
test_15713,0.53082036
test_15714,0.52289648
test_15715,0.91393108
test_15716,0.48239270
test_15717,0.46046000
test_15718,0.68654625
test_15719,0.00829854
test_15720,0.80915011
test_15721,0.98330369
test_15722,0.97315044
test_15723,0.97780207
test_15724,0.73226594
test_15725,0.59065558
test_15726,0.68294741
test_15727,0.10346768
test_15728,0.03283868
test_15729,0.26371608
test_15730,0.05877444
test_15731,0.17719666
test_15732,0.81637918
test_15733,0.70183032
test_15734,0.41637145
test_15735,0.52790534
test_15736,0.05056784
test_15737,0.99108645
test_15738,0.47369402
test_15739,0.79112600
test_15740,0.40459587
test_15741,0.94309988
test_15742,0.84473615
test_15743,0.99791157
test_15744,0.10831757
test_15745,0.74104136
test_15746,0.99795613
test_15747,0.70879841
test_15748,0.05359682
test_15749,0.94503653
test_15750,0.40697294
test_15751,0.99849031
test_15752,0.51610966
test_15753,0.54501406
test_15754,0.01208342
test_15755,0.56162862
test_15756,0.33508527
test_15757,0.63011015
test_15758,0.51784603
test_15759,0.45589562
test_15760,0.68509074
test_15761,0.94315081
test_15762,0.82382060
test_15763,0.29767603
test_15764,0.88822456
test_15765,0.80013057
test_15766,0.29186683
test_15767,0.76431825
test_15768,0.06985437
test_15769,0.12372000
test_15770,0.78445415
test_15771,0.01731612
test_15772,0.77362173
test_15773,0.11837310
test_15774,0.95932811
test_15775,0.81640153
test_15776,0.00843041
test_15777,0.39325309
test_15778,0.00857747
test_15779,0.19483684
test_15780,0.48718418
test_15781,0.16773869
test_15782,0.71059344
test_15783,0.73996061
test_15784,0.41681661
test_15785,0.49576225
test_15786,0.60540880
test_15787,0.15305914
test_15788,0.49056545
test_15789,0.06333810
test_15790,0.95138326
test_15791,0.55142408
test_15792,0.97240537
test_15793,0.51650068
test_15794,0.66561634
test_15795,0.21652969
test_15796,0.33668250
test_15797,0.02724248
test_15798,0.27284225
test_15799,0.31046938
test_15800,0.65191269
test_15801,0.96053677
test_15802,0.14550957
test_15803,0.38921207
test_15804,0.00157765
test_15805,0.53179703
test_15806,0.00831953
test_15807,0.95156668
test_15808,0.60715459
test_15809,0.49984561
test_15810,0.00165073
test_15811,0.53583947
test_15812,0.28696160
test_15813,0.88705147
test_15814,0.50132261
test_15815,0.04944254
test_15816,0.91461994
test_15817,0.36933622
test_15818,0.52210619
test_15819,0.98477447
test_15820,0.05306590
test_15821,0.98846552
test_15822,0.52090094
test_15823,0.01805378
test_15824,0.19533083
test_15825,0.42353813
test_15826,0.05830329
test_15827,0.89234379
test_15828,0.61711087
test_15829,0.69509219
test_15830,0.03215988
test_15831,0.00435959
test_15832,0.99478586
test_15833,0.60951548
test_15834,0.37692260
test_15835,0.24997943
test_15836,0.81544090
test_15837,0.96549485
test_15838,0.46675888
test_15839,0.83554072
test_15840,0.98730572
test_15841,0.00073031
test_15842,0.91860195
test_15843,0.46784553
test_15844,0.17670396
test_15845,0.98934115
test_15846,0.43938512
test_15847,0.32530892
test_15848,0.37614315
test_15849,0.61095536
test_15850,0.05812518
test_15851,0.54589130
test_15852,0.03405226
test_15853,0.73852364
test_15854,0.56053883
test_15855,0.60842231
test_15856,0.51216850
test_15857,0.01080920
test_15858,0.55458844
test_15859,0.80067321
test_15860,0.01448252
test_15861,0.81162415
test_15862,0.35535128
test_15863,0.96340131
test_15864,0.74672925
test_15865,0.98995535
test_15866,0.96912414
test_15867,0.99070460
test_15868,0.78690391
test_15869,0.03116488
test_15870,0.10481631
test_15871,0.82027519
test_15872,0.01334535
test_15873,0.41197266
test_15874,0.09261477
test_15875,0.04107607
test_15876,0.04010685
test_15877,0.03706105
test_15878,0.81948484
test_15879,0.52122237
test_15880,0.12340522
test_15881,0.00110640
test_15882,0.58650937
test_15883,0.04402793
test_15884,0.64768768
test_15885,0.58563422
test_15886,0.03368508
test_15887,0.76256830
test_15888,0.41322408
test_15889,0.53797521
test_15890,0.65886599
test_15891,0.89233153
test_15892,0.67085355
test_15893,0.27070757
test_15894,0.07505490
test_15895,0.96838440
test_15896,0.57672125
test_15897,0.71904905
test_15898,0.69710764
test_15899,0.01595700
test_15900,0.99594659
test_15901,0.66286115
test_15902,0.11017611
test_15903,0.47528301
test_15904,0.08001733
test_15905,0.95674241
test_15906,0.35851231
test_15907,0.89395463
test_15908,0.20926272
test_15909,0.68105695
test_15910,0.94766164
test_15911,0.30055273
test_15912,0.52832891
test_15913,0.95261450
test_15914,0.81618742
test_15915,0.08212282
test_15916,0.02356496
test_15917,0.18718060
test_15918,0.09518885
test_15919,0.96943854
test_15920,0.83366885
test_15921,0.80331474
test_15922,0.13400212
test_15923,0.65043241
test_15924,0.28522134
test_15925,0.54290275
test_15926,0.84436470
test_15927,0.99763612
test_15928,0.55292284
test_15929,0.99041217
test_15930,0.04458371
test_15931,0.39336445
test_15932,0.97300168
test_15933,0.69548063
test_15934,0.18081753
test_15935,0.98823704
test_15936,0.49687683
test_15937,0.57010262
test_15938,0.98931158
test_15939,0.88908015
test_15940,0.98880234
test_15941,0.76806869
test_15942,0.00719063
test_15943,0.83625289
test_15944,0.11914490
test_15945,0.92282582
test_15946,0.09139463
test_15947,0.00573749
test_15948,0.99499754
test_15949,0.99789635
test_15950,0.04682514
test_15951,0.00687442
test_15952,0.71210413
test_15953,0.38405606
test_15954,0.58248891
test_15955,0.26079941
test_15956,0.07681779
test_15957,0.15726119
test_15958,0.94186867
test_15959,0.81320746
test_15960,0.49572584
test_15961,0.76689203
test_15962,0.97478587
test_15963,0.51830261
test_15964,0.93670148
test_15965,0.37160171
test_15966,0.91079538
test_15967,0.00957162
test_15968,0.00814793
test_15969,0.21047501
test_15970,0.80726543
test_15971,0.22747850
test_15972,0.23112147
test_15973,0.09366976
test_15974,0.38238423
test_15975,0.27814317
test_15976,0.42589201
test_15977,0.55222771
test_15978,0.61444640
test_15979,0.60948357
test_15980,0.02220751
test_15981,0.95037202
test_15982,0.08644808
test_15983,0.99855663
test_15984,0.98925443
test_15985,0.10550284
test_15986,0.12868455
test_15987,0.01036371
test_15988,0.81483033
test_15989,0.12378711
test_15990,0.88492600
test_15991,0.83026274
test_15992,0.35323902
test_15993,0.64653082
test_15994,0.00061582
test_15995,0.65292792
test_15996,0.12474207
test_15997,0.02824266
test_15998,0.39560149
test_15999,0.50429662
test_16000,0.03352799
test_16001,0.52513977
test_16002,0.00517024
test_16003,0.95949163
test_16004,0.00223563
test_16005,0.00731816
test_16006,0.44847318
test_16007,0.57777565
test_16008,0.39106750
test_16009,0.00692050
test_16010,0.88453291
test_16011,0.03929643
test_16012,0.33965543
test_16013,0.75245872
test_16014,0.14521735
test_16015,0.02784527
test_16016,0.49521239
test_16017,0.06594313
test_16018,0.99804315
test_16019,0.03035126
test_16020,0.98251060
test_16021,0.99937915
test_16022,0.73062813
test_16023,0.00488092
test_16024,0.03369790
test_16025,0.41497361
test_16026,0.92524005
test_16027,0.78621039
test_16028,0.20507952
test_16029,0.00599198
test_16030,0.28909674
test_16031,0.36709049
test_16032,0.63524331
test_16033,0.05086730
test_16034,0.93749467
test_16035,0.18565226
test_16036,0.05550316
test_16037,0.01879748
test_16038,0.11976978
test_16039,0.28590897
test_16040,0.00618402
test_16041,0.99656850
test_16042,0.96457081
test_16043,0.98230688
test_16044,0.54333678
test_16045,0.96949028
test_16046,0.01091017
test_16047,0.48312868
test_16048,0.93859976
test_16049,0.38991035
test_16050,0.50747573
test_16051,0.80672837
test_16052,0.00282985
test_16053,0.93069696
test_16054,0.40865400
test_16055,0.00884752
test_16056,0.92010556
test_16057,0.50452040
test_16058,0.30569282
test_16059,0.96352175
test_16060,0.35965943
test_16061,0.67950744
test_16062,0.35528703
test_16063,0.70516376
test_16064,0.69882143
test_16065,0.99006724
test_16066,0.64662276
test_16067,0.92234558
test_16068,0.08401831
test_16069,0.26671874
test_16070,0.40973212
test_16071,0.57472746
test_16072,0.97134660
test_16073,0.00356836
test_16074,0.26486791
test_16075,0.94855227
test_16076,0.74505414
test_16077,0.98768945
test_16078,0.55384015
test_16079,0.63751551
test_16080,0.76264859
test_16081,0.56326516
test_16082,0.79233844
test_16083,0.40350207
test_16084,0.04337222
test_16085,0.09309934
test_16086,0.99579340
test_16087,0.96661948
test_16088,0.98306407
test_16089,0.17817728
test_16090,0.46119717
test_16091,0.98712557
test_16092,0.50288004
test_16093,0.21399961
test_16094,0.99929278
test_16095,0.73462080
test_16096,0.99744504
test_16097,0.10573052
test_16098,0.58742512
test_16099,0.99390035
test_16100,0.02053526
test_16101,0.03745355
test_16102,0.96530408
test_16103,0.37575999
test_16104,0.06197983
test_16105,0.51291949
test_16106,0.76732865
test_16107,0.97940279
test_16108,0.14461461
test_16109,0.98434061
test_16110,0.11624877
test_16111,0.80262272
test_16112,0.98433014
test_16113,0.84676391
test_16114,0.45285547
test_16115,0.27524898
test_16116,0.35000179
test_16117,0.99662492
test_16118,0.66259684
test_16119,0.92267030
test_16120,0.31738787
test_16121,0.79167553
test_16122,0.44545967
test_16123,0.97637069
test_16124,0.97106239
test_16125,0.95547286
test_16126,0.11005797
test_16127,0.99139642
test_16128,0.16076340
test_16129,0.06104205
test_16130,0.96960340
test_16131,0.48368021
test_16132,0.93628978
test_16133,0.12240823
test_16134,0.90743579
test_16135,0.93955561
test_16136,0.95008430
test_16137,0.99547743
test_16138,0.46757257
test_16139,0.98918509
test_16140,0.30052850
test_16141,0.11831937
test_16142,0.39428663
test_16143,0.95432807
test_16144,0.60067522
test_16145,0.43026031
test_16146,0.27540253
test_16147,0.01388026
test_16148,0.27902520
test_16149,0.45634774
test_16150,0.48823572
test_16151,0.53162307
test_16152,0.21340249
test_16153,0.91824307
test_16154,0.34235739
test_16155,0.98888666
test_16156,0.90084474
test_16157,0.45920732
test_16158,0.17205876
test_16159,0.48417338
test_16160,0.34570019
test_16161,0.75561045
test_16162,0.86119020
test_16163,0.00918964
test_16164,0.49405765
test_16165,0.23732842
test_16166,0.03103898
test_16167,0.21779317
test_16168,0.01485380
test_16169,0.85578018
test_16170,0.77023835
test_16171,0.33521033
test_16172,0.45760560
test_16173,0.77487909
test_16174,0.00474880
test_16175,0.58085408
test_16176,0.38659572
test_16177,0.01990287
test_16178,0.07659093
test_16179,0.19004677
test_16180,0.41819058
test_16181,0.94787998
test_16182,0.05795544
test_16183,0.14979841
test_16184,0.70472574
test_16185,0.89554784
test_16186,0.18077711
test_16187,0.17482366
test_16188,0.46305523
test_16189,0.99779506
test_16190,0.54567787
test_16191,0.45175049
test_16192,0.62481926
test_16193,0.94906457
test_16194,0.45555813
test_16195,0.95531681
test_16196,0.04205228
test_16197,0.99280789
test_16198,0.01370967
test_16199,0.79355618
test_16200,0.42613113
test_16201,0.05762815
test_16202,0.64735324
test_16203,0.87462062
test_16204,0.88997614
test_16205,0.51249774
test_16206,0.99851350
test_16207,0.54967231
test_16208,0.94815512
test_16209,0.59168510
test_16210,0.99767654
test_16211,0.99842819
test_16212,0.83304987
test_16213,0.68101833
test_16214,0.00217572
test_16215,0.92700255
test_16216,0.60630313
test_16217,0.06586266
test_16218,0.99706692
test_16219,0.85477564
test_16220,0.54558469
test_16221,0.79431176
test_16222,0.75294060
test_16223,0.54733103
test_16224,0.98033844
test_16225,0.78332264
test_16226,0.75900661
test_16227,0.08926297
test_16228,0.12533500
test_16229,0.65744773
test_16230,0.92570371
test_16231,0.90375627
test_16232,0.29268815
test_16233,0.00658805
test_16234,0.50775000
test_16235,0.86569502
test_16236,0.00608813
test_16237,0.94572953
test_16238,0.31977635
test_16239,0.07474340
test_16240,0.78463032
test_16241,0.28560816
test_16242,0.46985931
test_16243,0.53434390
test_16244,0.14465221
test_16245,0.99661599
test_16246,0.54691576
test_16247,0.00723006
test_16248,0.99203751
test_16249,0.00226487
test_16250,0.95538152
test_16251,0.34528177
test_16252,0.03832461
test_16253,0.60410614
test_16254,0.63054019
test_16255,0.18246757
test_16256,0.10861139
test_16257,0.30866932
test_16258,0.02294576
test_16259,0.99045197
test_16260,0.21280549
test_16261,0.57739939
test_16262,0.99976807
test_16263,0.90337489
test_16264,0.06836181
test_16265,0.77922851
test_16266,0.94327748
test_16267,0.18339335
test_16268,0.99838279
test_16269,0.24949080
test_16270,0.99095693
test_16271,0.99816457
test_16272,0.98437465
test_16273,0.99948602
test_16274,0.94066275
test_16275,0.00404617
test_16276,0.03616949
test_16277,0.62103189
test_16278,0.00058186
test_16279,0.00067415
test_16280,0.94327776
test_16281,0.65651841
test_16282,0.68290481
test_16283,0.00191127
test_16284,0.47033235
test_16285,0.55820679
test_16286,0.43041292
test_16287,0.98075514
test_16288,0.13048246
test_16289,0.76286057
test_16290,0.19640446
test_16291,0.58459676
test_16292,0.98726190
test_16293,0.99758885
test_16294,0.09285047
test_16295,0.57802936
test_16296,0.49685679
test_16297,0.70676945
test_16298,0.68649691
test_16299,0.68134143
test_16300,0.09947941
test_16301,0.23136810
test_16302,0.01634894
test_16303,0.91827508
test_16304,0.45648065
test_16305,0.82621426
test_16306,0.76496835
test_16307,0.96774060
test_16308,0.95433669
test_16309,0.99735184
test_16310,0.00183744
test_16311,0.61700568
test_16312,0.03658804
test_16313,0.45555655
test_16314,0.99810916
test_16315,0.17133588
test_16316,0.50025215
test_16317,0.95064542
test_16318,0.83450983
test_16319,0.04445236
test_16320,0.97865014
test_16321,0.98422339
test_16322,0.46013838
test_16323,0.40712982
test_16324,0.98864193
test_16325,0.50696851
test_16326,0.57239433
test_16327,0.06020184
test_16328,0.11610378
test_16329,0.07845850
test_16330,0.99176823
test_16331,0.01037753
test_16332,0.68166575
test_16333,0.12323233
test_16334,0.65289699
test_16335,0.98952498
test_16336,0.11410882
test_16337,0.28153862
test_16338,0.92712253
test_16339,0.93902837
test_16340,0.97055239
test_16341,0.58316262
test_16342,0.99043119
test_16343,0.96100644
test_16344,0.87048283
test_16345,0.09217798
test_16346,0.99012145
test_16347,0.40169971
test_16348,0.96922427
test_16349,0.99883065
test_16350,0.45394801
test_16351,0.75883424
test_16352,0.00438899
test_16353,0.98378503
test_16354,0.23059843
test_16355,0.86678458
test_16356,0.06088322
test_16357,0.48998688
test_16358,0.04412585
test_16359,0.78814163
test_16360,0.01960841
test_16361,0.02882073
test_16362,0.99423734
test_16363,0.23070126
test_16364,0.22203194
test_16365,0.96331474
test_16366,0.60839832
test_16367,0.65367448
test_16368,0.02262259
test_16369,0.01540848
test_16370,0.29980574
test_16371,0.52513462
test_16372,0.99660050
test_16373,0.50451189
test_16374,0.01220623
test_16375,0.94554804
test_16376,0.60380993
test_16377,0.94515944
test_16378,0.90593666
test_16379,0.00810238
test_16380,0.30471130
test_16381,0.43897672
test_16382,0.09833433
test_16383,0.52199107
test_16384,0.86515012
test_16385,0.02338167
test_16386,0.52522055
test_16387,0.79840020
test_16388,0.49506130
test_16389,0.97239219
test_16390,0.99158863
test_16391,0.46895399
test_16392,0.99901790
test_16393,0.13216321
test_16394,0.63374045
test_16395,0.22128906
test_16396,0.91912020
test_16397,0.07984418
test_16398,0.92433022
test_16399,0.43321648
test_16400,0.04419609
test_16401,0.92480183
test_16402,0.98423877
test_16403,0.90457450
test_16404,0.95709272
test_16405,0.00203121
test_16406,0.00021787
test_16407,0.88093605
test_16408,0.65933215
test_16409,0.03293496
test_16410,0.24410130
test_16411,0.45088210
test_16412,0.11486164
test_16413,0.01073538
test_16414,0.94412226
test_16415,0.99886756
test_16416,0.22322859
test_16417,0.03609220
test_16418,0.23105787
test_16419,0.11193827
test_16420,0.01025450
test_16421,0.61614266
test_16422,0.99809766
test_16423,0.99130647
test_16424,0.49178026
test_16425,0.14797836
test_16426,0.20428278
test_16427,0.86297383
test_16428,0.41669472
test_16429,0.98670611
test_16430,0.83749596
test_16431,0.68921860
test_16432,0.78799704
test_16433,0.32582033
test_16434,0.49255733
test_16435,0.31748311
test_16436,0.37883600
test_16437,0.78410044
test_16438,0.85661796
test_16439,0.95858472
test_16440,0.99683112
test_16441,0.42505136
test_16442,0.92658467
test_16443,0.09906057
test_16444,0.64535355
test_16445,0.63554794
test_16446,0.33002621
test_16447,0.91697518
test_16448,0.15056804
test_16449,0.99432939
test_16450,0.48182800
test_16451,0.03430964
test_16452,0.00562631
test_16453,0.96649589
test_16454,0.07153960
test_16455,0.66411159
test_16456,0.76081053
test_16457,0.28854770
test_16458,0.00762420
test_16459,0.32796096
test_16460,0.00683627
test_16461,0.96607370
test_16462,0.12788724
test_16463,0.96746487
test_16464,0.94039944
test_16465,0.77576876
test_16466,0.91347402
test_16467,0.60076770
test_16468,0.93882678
test_16469,0.93810128
test_16470,0.99493099
test_16471,0.22324181
test_16472,0.23851964
test_16473,0.09987694
test_16474,0.67533039
test_16475,0.34237406
test_16476,0.03068437
test_16477,0.38075960
test_16478,0.98471445
test_16479,0.49422276
test_16480,0.99200364
test_16481,0.02232740
test_16482,0.70644142
test_16483,0.06415177
test_16484,0.88625534
test_16485,0.05040296
test_16486,0.89280910
test_16487,0.47442698
test_16488,0.03603057
test_16489,0.03280984
test_16490,0.93371861
test_16491,0.43998000
test_16492,0.39958393
test_16493,0.12303636
test_16494,0.06856022
test_16495,0.32828940
test_16496,0.96255355
test_16497,0.17283232
test_16498,0.22538045
test_16499,0.44164756
test_16500,0.17731918
test_16501,0.92002064
test_16502,0.02324004
test_16503,0.11610310
test_16504,0.00034522
test_16505,0.81733754
test_16506,0.25982238
test_16507,0.87568640
test_16508,0.91772311
test_16509,0.03511453
test_16510,0.42473890
test_16511,0.53462954
test_16512,0.07309209
test_16513,0.39526256
test_16514,0.02147690
test_16515,0.84579782
test_16516,0.94121989
test_16517,0.01802627
test_16518,0.97606805
test_16519,0.98912603
test_16520,0.51142872
test_16521,0.39946966
test_16522,0.91244372
test_16523,0.90000278
test_16524,0.26583338
test_16525,0.40147288
test_16526,0.89346742
test_16527,0.02397521
test_16528,0.02034484
test_16529,0.56063351
test_16530,0.25391212
test_16531,0.45697456
test_16532,0.87111265
test_16533,0.00851908
test_16534,0.99115055
test_16535,0.87212734
test_16536,0.00578739
test_16537,0.58918315
test_16538,0.82163396
test_16539,0.98983741
test_16540,0.48674734
test_16541,0.27003351
test_16542,0.13527406
test_16543,0.93319940
test_16544,0.47274646
test_16545,0.42255422
test_16546,0.93384346
test_16547,0.69767117
test_16548,0.42975646
test_16549,0.06944999
test_16550,0.98992800
test_16551,0.99985970
test_16552,0.98577245
test_16553,0.30106401
test_16554,0.27835032
test_16555,0.30992553
test_16556,0.94179628
test_16557,0.96838455
test_16558,0.94199071
test_16559,0.98998507
test_16560,0.01363224
test_16561,0.60492235
test_16562,0.58815253
test_16563,0.08226038
test_16564,0.94782858
test_16565,0.80141564
test_16566,0.02435485
test_16567,0.60633955
test_16568,0.87884769
test_16569,0.26803047
test_16570,0.61448784
test_16571,0.87498372
test_16572,0.20738585
test_16573,0.00662124
test_16574,0.15040122
test_16575,0.04068292
test_16576,0.00361357
test_16577,0.04968936
test_16578,0.80051250
test_16579,0.02375478
test_16580,0.01593285
test_16581,0.00643793
test_16582,0.52663212
test_16583,0.99325031
test_16584,0.90959861
test_16585,0.01331931
test_16586,0.53891450
test_16587,0.66016297
test_16588,0.27485434
test_16589,0.87097908
test_16590,0.17710689
test_16591,0.93379753
test_16592,0.27590311
test_16593,0.09536933
test_16594,0.36280416
test_16595,0.35237554
test_16596,0.07251825
test_16597,0.14019720
test_16598,0.75041229
test_16599,0.60944990
test_16600,0.97814920
test_16601,0.00846390
test_16602,0.86603142
test_16603,0.79790753
test_16604,0.88999145
test_16605,0.04587844
test_16606,0.22672658
test_16607,0.38868750
test_16608,0.98327173
test_16609,0.92873512
test_16610,0.18929668
test_16611,0.49798782
test_16612,0.19623288
test_16613,0.99644376
test_16614,0.74491051
test_16615,0.34417419
test_16616,0.02963830
test_16617,0.03084392
test_16618,0.02185896
test_16619,0.18995828
test_16620,0.97872157
test_16621,0.77150160
test_16622,0.67876171
test_16623,0.49576700
test_16624,0.62020349
test_16625,0.39196856
test_16626,0.11581540
test_16627,0.06100372
test_16628,0.39485246
test_16629,0.41806630
test_16630,0.09110018
test_16631,0.01262603
test_16632,0.78002666
test_16633,0.00119647
test_16634,0.46342651
test_16635,0.30899637
test_16636,0.97389547
test_16637,0.39175550
test_16638,0.98820975
test_16639,0.92864076
test_16640,0.52088015
test_16641,0.53988323
test_16642,0.71824938
test_16643,0.99416657
test_16644,0.92804258
test_16645,0.91552694
test_16646,0.95696031
test_16647,0.96184267
test_16648,0.40743837
test_16649,0.93291639
test_16650,0.11392903
test_16651,0.00240685
test_16652,0.01934517
test_16653,0.96956396
test_16654,0.99498375
test_16655,0.02149369
test_16656,0.84319699
test_16657,0.99935184
test_16658,0.85753791
test_16659,0.47181814
test_16660,0.93434170
test_16661,0.07634141
test_16662,0.85220997
test_16663,0.00908665
test_16664,0.98679580
test_16665,0.07746962
test_16666,0.99449140
test_16667,0.03194886
test_16668,0.88305420
test_16669,0.00368582
test_16670,0.02476039
test_16671,0.23153414
test_16672,0.99756979
test_16673,0.01526037
test_16674,0.40171526
test_16675,0.30767239
test_16676,0.48264530
test_16677,0.68245105
test_16678,0.51196731
test_16679,0.44111423
test_16680,0.43039665
test_16681,0.05271672
test_16682,0.89983961
test_16683,0.07323862
test_16684,0.01003822
test_16685,0.01237442
test_16686,0.19452794
test_16687,0.97150572
test_16688,0.47623004
test_16689,0.89431156
test_16690,0.78219845
test_16691,0.62905445
test_16692,0.96166167
test_16693,0.41387571
test_16694,0.81901491
test_16695,0.00712971
test_16696,0.18290056
test_16697,0.04118278
test_16698,0.61228579
test_16699,0.10468545
test_16700,0.56647060
test_16701,0.29929081
test_16702,0.42867536
test_16703,0.90116432
test_16704,0.00637005
test_16705,0.86621224
test_16706,0.96218665
test_16707,0.55480259
test_16708,0.62501308
test_16709,0.98212739
test_16710,0.06586360
test_16711,0.71871100
test_16712,0.44368791
test_16713,0.35949809
test_16714,0.16340571
test_16715,0.07464644
test_16716,0.01227324
test_16717,0.48511866
test_16718,0.17176821
test_16719,0.56357412
test_16720,0.00942459
test_16721,0.79673801
test_16722,0.97617060
test_16723,0.85805196
test_16724,0.48803464
test_16725,0.52593886
test_16726,0.16035560
test_16727,0.91310049
test_16728,0.11077266
test_16729,0.48789142
test_16730,0.56815202
test_16731,0.18641607
test_16732,0.47434895
test_16733,0.00833141
test_16734,0.90870708
test_16735,0.00055015
test_16736,0.68726836
test_16737,0.97104493
test_16738,0.80162897
test_16739,0.95872994
test_16740,0.78777390
test_16741,0.04767495
test_16742,0.08078629
test_16743,0.08891900
test_16744,0.89721077
test_16745,0.04084934
test_16746,0.43753202
test_16747,0.49144693
test_16748,0.64165548
test_16749,0.58432259
test_16750,0.18477516
test_16751,0.99893114
test_16752,0.07508477
test_16753,0.99864413
test_16754,0.01900616
test_16755,0.12285014
test_16756,0.97615579
test_16757,0.02938289
test_16758,0.72090817
test_16759,0.51751488
test_16760,0.58452506
test_16761,0.98819118
test_16762,0.79801607
test_16763,0.92964033
test_16764,0.05063040
test_16765,0.53771890
test_16766,0.95412273
test_16767,0.09490053
test_16768,0.27236141
test_16769,0.65367576
test_16770,0.52626698
test_16771,0.54233668
test_16772,0.18181494
test_16773,0.90174485
test_16774,0.98659106
test_16775,0.26295295
test_16776,0.37488935
test_16777,0.97195228
test_16778,0.19462688
test_16779,0.01250468
test_16780,0.99029105
test_16781,0.36729099
test_16782,0.88461956
test_16783,0.49284881
test_16784,0.97032905
test_16785,0.98257170
test_16786,0.31056543
test_16787,0.47974357
test_16788,0.50077404
test_16789,0.99372989
test_16790,0.07377690
test_16791,0.04944461
test_16792,0.99188625
test_16793,0.00714074
test_16794,0.70915566
test_16795,0.01324922
test_16796,0.93249048
test_16797,0.41464145
test_16798,0.81649407
test_16799,0.93512805
test_16800,0.80970754
test_16801,0.97617047
test_16802,0.94269296
test_16803,0.00388266
test_16804,0.99692880
test_16805,0.98941527
test_16806,0.96970688
test_16807,0.97444988
test_16808,0.00877290
test_16809,0.08549089
test_16810,0.00071271
test_16811,0.92458390
test_16812,0.32030083
test_16813,0.40129715
test_16814,0.43966233
test_16815,0.64308322
test_16816,0.00342419
test_16817,0.93461301
test_16818,0.19222939
test_16819,0.72629970
test_16820,0.01362724
test_16821,0.65479749
test_16822,0.99235310
test_16823,0.77905596
test_16824,0.97540212
test_16825,0.70381353
test_16826,0.81390919
test_16827,0.24971277
test_16828,0.00158585
test_16829,0.39531315
test_16830,0.11235621
test_16831,0.99905989
test_16832,0.84364112
test_16833,0.10526673
test_16834,0.89069238
test_16835,0.86822670
test_16836,0.03173793
test_16837,0.62892601
test_16838,0.70037059
test_16839,0.91884407
test_16840,0.94359615
test_16841,0.64433128
test_16842,0.82778572
test_16843,0.00138694
test_16844,0.99939510
test_16845,0.02277127
test_16846,0.02404398
test_16847,0.49563938
test_16848,0.99496278
test_16849,0.89728348
test_16850,0.48639363
test_16851,0.15827303
test_16852,0.07396580
test_16853,0.40225532
test_16854,0.12337705
test_16855,0.02988638
test_16856,0.56715043
test_16857,0.94591482
test_16858,0.72840203
test_16859,0.12390826
test_16860,0.99772515
test_16861,0.21146196
test_16862,0.00942414
test_16863,0.99037714
test_16864,0.01339072
test_16865,0.01554160
test_16866,0.17484694
test_16867,0.64681276
test_16868,0.76926462
test_16869,0.99365021
test_16870,0.65553730
test_16871,0.95611166
test_16872,0.56711254
test_16873,0.05182392
test_16874,0.43353611
test_16875,0.08128175
test_16876,0.65687404
test_16877,0.00136796
test_16878,0.00322238
test_16879,0.61716702
test_16880,0.86108795
test_16881,0.01198292
test_16882,0.20237626
test_16883,0.94157384
test_16884,0.78299948
test_16885,0.41729006
test_16886,0.69865058
test_16887,0.79533879
test_16888,0.65467484
test_16889,0.90632495
test_16890,0.89751239
test_16891,0.44536940
test_16892,0.95784555
test_16893,0.62811296
test_16894,0.78983525
test_16895,0.19742108
test_16896,0.95550139
test_16897,0.25207893
test_16898,0.34786233
test_16899,0.46933240
test_16900,0.09435383
test_16901,0.03282452
test_16902,0.10151092
test_16903,0.85642528
test_16904,0.81718113
test_16905,0.06588756
test_16906,0.35555444
test_16907,0.91288303
test_16908,0.19732442
test_16909,0.81035583
test_16910,0.10019256
test_16911,0.41972441
test_16912,0.94766757
test_16913,0.43223952
test_16914,0.34212511
test_16915,0.98755937
test_16916,0.93783171
test_16917,0.00195787
test_16918,0.50438567
test_16919,0.23645704
test_16920,0.69303608
test_16921,0.95331067
test_16922,0.52211800
test_16923,0.07337344
test_16924,0.89140197
test_16925,0.20953119
test_16926,0.02859504
test_16927,0.04482599
test_16928,0.39440869
test_16929,0.20861177
test_16930,0.49216462
test_16931,0.96477979
test_16932,0.00497320
test_16933,0.97166894
test_16934,0.55418446
test_16935,0.29993818
test_16936,0.99471171
test_16937,0.85211155
test_16938,0.02729732
test_16939,0.94752764
test_16940,0.97769129
test_16941,0.58656106
test_16942,0.15151152
test_16943,0.55727566
test_16944,0.00707796
test_16945,0.00702594
test_16946,0.95490900
test_16947,0.00494642
test_16948,0.22604547
test_16949,0.98420986
test_16950,0.70710799
test_16951,0.72742074
test_16952,0.86737237
test_16953,0.96446348
test_16954,0.08802719
test_16955,0.69631343
test_16956,0.00168647
test_16957,0.47123083
test_16958,0.97849017
test_16959,0.25796015
test_16960,0.99753006
test_16961,0.47126988
test_16962,0.07049304
test_16963,0.81043507
test_16964,0.08966442
test_16965,0.55496183
test_16966,0.00768219
test_16967,0.32113572
test_16968,0.04552200
test_16969,0.70441501
test_16970,0.18085581
test_16971,0.78171824
test_16972,0.47618729
test_16973,0.69713469
test_16974,0.50847184
test_16975,0.00175670
test_16976,0.15824773
test_16977,0.17687772
test_16978,0.96701194
test_16979,0.15536459
test_16980,0.77489448
test_16981,0.66579316
test_16982,0.33733221
test_16983,0.99308058
test_16984,0.06473844
test_16985,0.17608563
test_16986,0.24332988
test_16987,0.16925530
test_16988,0.24797968
test_16989,0.41385228
test_16990,0.27180576
test_16991,0.40930007
test_16992,0.99326278
test_16993,0.58958946
test_16994,0.00151590
test_16995,0.93480269
test_16996,0.92208239
test_16997,0.82491991
test_16998,0.02084564
test_16999,0.93712152
test_17000,0.75340547
test_17001,0.46602847
test_17002,0.99490305
test_17003,0.00254392
test_17004,0.95698283
test_17005,0.39159573
test_17006,0.59543809
test_17007,0.80218786
test_17008,0.53609130
test_17009,0.00159535
test_17010,0.01645592
test_17011,0.48109365
test_17012,0.53246929
test_17013,0.52775041
test_17014,0.01292345
test_17015,0.48266810
test_17016,0.49260129
test_17017,0.50855347
test_17018,0.20186431
test_17019,0.14094698
test_17020,0.74639147
test_17021,0.99300085
test_17022,0.18480357
test_17023,0.36803883
test_17024,0.89622688
test_17025,0.21246966
test_17026,0.30713241
test_17027,0.86747873
test_17028,0.95679257
test_17029,0.41672794
test_17030,0.87313414
test_17031,0.31875059
test_17032,0.93887764
test_17033,0.85071341
test_17034,0.24148492
test_17035,0.55660001
test_17036,0.85810151
test_17037,0.40055268
test_17038,0.62635247
test_17039,0.24067153
test_17040,0.19656951
test_17041,0.63233522
test_17042,0.15211829
test_17043,0.04144704
test_17044,0.48166467
test_17045,0.46997161
test_17046,0.99681585
test_17047,0.82261048
test_17048,0.44703311
test_17049,0.68269358
test_17050,0.47508216
test_17051,0.56118580
test_17052,0.03946939
test_17053,0.52051988
test_17054,0.98832900
test_17055,0.44448663
test_17056,0.98174425
test_17057,0.55465689
test_17058,0.07764912
test_17059,0.10109628
test_17060,0.54271607
test_17061,0.02928770
test_17062,0.86134042
test_17063,0.98518497
test_17064,0.07932105
test_17065,0.52929066
test_17066,0.72728631
test_17067,0.83299242
test_17068,0.07401283
test_17069,0.92333482
test_17070,0.37311176
test_17071,0.70640382
test_17072,0.67045569
test_17073,0.44648220
test_17074,0.94538416
test_17075,0.86649106
test_17076,0.01320771
test_17077,0.97332495
test_17078,0.49465350
test_17079,0.95049792
test_17080,0.70748616
test_17081,0.15719555
test_17082,0.84929688
test_17083,0.03863409
test_17084,0.50562152
test_17085,0.03647808
test_17086,0.87346555
test_17087,0.89430139
test_17088,0.99949070
test_17089,0.38894881
test_17090,0.10785249
test_17091,0.01560851
test_17092,0.30954555
test_17093,0.50300373
test_17094,0.03562192
test_17095,0.74669356
test_17096,0.40450046
test_17097,0.98978386
test_17098,0.63537019
test_17099,0.86495510
test_17100,0.25423668
test_17101,0.10442613
test_17102,0.85628293
test_17103,0.01156486
test_17104,0.97481104
test_17105,0.99882522
test_17106,0.94998489
test_17107,0.27115597
test_17108,0.04965447
test_17109,0.91446113
test_17110,0.80988740
test_17111,0.62812824
test_17112,0.94571849
test_17113,0.67563981
test_17114,0.60491490
test_17115,0.37559547
test_17116,0.69341469
test_17117,0.19884072
test_17118,0.69469371
test_17119,0.64060423
test_17120,0.71971076
test_17121,0.58966326
test_17122,0.99791806
test_17123,0.04533856
test_17124,0.22387854
test_17125,0.86432873
test_17126,0.53805484
test_17127,0.43962877
test_17128,0.11459034
test_17129,0.94187644
test_17130,0.57297329
test_17131,0.27227990
test_17132,0.97626558
test_17133,0.44156805
test_17134,0.01755406
test_17135,0.26827701
test_17136,0.90348504
test_17137,0.27988348
test_17138,0.51381546
test_17139,0.45574703
test_17140,0.46666067
test_17141,0.54469679
test_17142,0.89721864
test_17143,0.99652346
test_17144,0.15492624
test_17145,0.03305565
test_17146,0.99373427
test_17147,0.99920590
test_17148,0.29213086
test_17149,0.39228877
test_17150,0.03136054
test_17151,0.63248636
test_17152,0.13318424
test_17153,0.00097479
test_17154,0.02728502
test_17155,0.11127910
test_17156,0.03125535
test_17157,0.85087190
test_17158,0.38843860
test_17159,0.06313195
test_17160,0.91671764
test_17161,0.54391406
test_17162,0.04435064
test_17163,0.90074996
test_17164,0.75268443
test_17165,0.54740314
test_17166,0.07966418
test_17167,0.04443652
test_17168,0.65618548
test_17169,0.99582491
test_17170,0.23448483
test_17171,0.00822638
test_17172,0.61328884
test_17173,0.95526497
test_17174,0.84867830
test_17175,0.44660129
test_17176,0.01636233
test_17177,0.60178187
test_17178,0.43914179
test_17179,0.63624930
test_17180,0.93805060
test_17181,0.99678553
test_17182,0.09928824
test_17183,0.92703802
test_17184,0.18016399
test_17185,0.97035619
test_17186,0.69885772
test_17187,0.98221101
test_17188,0.22396542
test_17189,0.06251885
test_17190,0.30914727
test_17191,0.17714466
test_17192,0.35073972
test_17193,0.44201310
test_17194,0.90224729
test_17195,0.03868921
test_17196,0.30494532
test_17197,0.05635313
test_17198,0.04874634
test_17199,0.23704446
test_17200,0.65472298
test_17201,0.02882518
test_17202,0.10134688
test_17203,0.99843403
test_17204,0.90565263
test_17205,0.04279937
test_17206,0.95872313
test_17207,0.08283235
test_17208,0.99577465
test_17209,0.09335313
test_17210,0.41266715
test_17211,0.13421241
test_17212,0.87406491
test_17213,0.52099240
test_17214,0.97589413
test_17215,0.98943970
test_17216,0.39354485
test_17217,0.26862963
test_17218,0.08215099
test_17219,0.11966553
test_17220,0.22141796
test_17221,0.05988233
test_17222,0.92100578
test_17223,0.10300938
test_17224,0.06577451
test_17225,0.46763440
test_17226,0.42442259
test_17227,0.98259641
test_17228,0.88507506
test_17229,0.97401055
test_17230,0.82465143
test_17231,0.95643188
test_17232,0.00102465
test_17233,0.39520355
test_17234,0.48741557
test_17235,0.78471191
test_17236,0.02870465
test_17237,0.98152140
test_17238,0.04240896
test_17239,0.98856858
test_17240,0.10186461
test_17241,0.14386116
test_17242,0.86136772
test_17243,0.00184887
test_17244,0.80066128
test_17245,0.19014695
test_17246,0.35641994
test_17247,0.02601001
test_17248,0.13491525
test_17249,0.94994462
test_17250,0.38931317
test_17251,0.99714944
test_17252,0.96132565
test_17253,0.80652151
test_17254,0.12348128
test_17255,0.99775483
test_17256,0.36891246
test_17257,0.44708443
test_17258,0.43204950
test_17259,0.81666070
test_17260,0.07175968
test_17261,0.98205931
test_17262,0.78502607
test_17263,0.55570547
test_17264,0.68494661
test_17265,0.99871461
test_17266,0.01198473
test_17267,0.05658746
test_17268,0.14205356
test_17269,0.05539283
test_17270,0.81436881
test_17271,0.00113280
test_17272,0.89794432
test_17273,0.94765192
test_17274,0.48266362
test_17275,0.28101102
test_17276,0.96774206
test_17277,0.99051524
test_17278,0.43065651
test_17279,0.23621373
test_17280,0.67423675
test_17281,0.24711140
test_17282,0.37630778
test_17283,0.20508736
test_17284,0.84185347
test_17285,0.98199257
test_17286,0.85264038
test_17287,0.01324486
test_17288,0.96852939
test_17289,0.45050477
test_17290,0.05149727
test_17291,0.57769982
test_17292,0.76039193
test_17293,0.03617314
test_17294,0.89936676
test_17295,0.21254305
test_17296,0.79741666
test_17297,0.78589161
test_17298,0.17326919
test_17299,0.75301921
test_17300,0.25074413
test_17301,0.82868802
test_17302,0.01686219
test_17303,0.38523567
test_17304,0.46730421
test_17305,0.52460005
test_17306,0.54013444
test_17307,0.73265594
test_17308,0.50757098
test_17309,0.08036321
test_17310,0.93609371
test_17311,0.00538439
test_17312,0.82063695
test_17313,0.98379115
test_17314,0.97986419
test_17315,0.96134519
test_17316,0.05264606
test_17317,0.80539680
test_17318,0.54564937
test_17319,0.70398518
test_17320,0.98661516
test_17321,0.74725936
test_17322,0.13677011
test_17323,0.96382713
test_17324,0.01840325
test_17325,0.30665921
test_17326,0.85881071
test_17327,0.06453360
test_17328,0.49544002
test_17329,0.00627161
test_17330,0.01427658
test_17331,0.51009320
test_17332,0.72794465
test_17333,0.93070627
test_17334,0.31994495
test_17335,0.79532010
test_17336,0.50511552
test_17337,0.03632729
test_17338,0.93610788
test_17339,0.09489473
test_17340,0.36888055
test_17341,0.01542088
test_17342,0.02805696
test_17343,0.00824164
test_17344,0.94073659
test_17345,0.90570060
test_17346,0.88002117
test_17347,0.05023386
test_17348,0.91141088
test_17349,0.00876215
test_17350,0.37297937
test_17351,0.50558039
test_17352,0.98247474
test_17353,0.99277735
test_17354,0.76332216
test_17355,0.36800258
test_17356,0.39887770
test_17357,0.82168911
test_17358,0.02377284
test_17359,0.94419420
test_17360,0.67835011
test_17361,0.93088268
test_17362,0.04950429
test_17363,0.08842085
test_17364,0.39299120
test_17365,0.47421284
test_17366,0.44674602
test_17367,0.93536866
test_17368,0.26809034
test_17369,0.81171340
test_17370,0.77470317
test_17371,0.76431710
test_17372,0.42639709
test_17373,0.25760386
test_17374,0.53395433
test_17375,0.04980651
test_17376,0.92447904
test_17377,0.00750330
test_17378,0.38731214
test_17379,0.59165459
test_17380,0.99849931
test_17381,0.04640784
test_17382,0.71368199
test_17383,0.75114175
test_17384,0.44892539
test_17385,0.15126494
test_17386,0.00196461
test_17387,0.98743129
test_17388,0.00186023
test_17389,0.14311951
test_17390,0.49807740
test_17391,0.06262588
test_17392,0.19658460
test_17393,0.28992151
test_17394,0.08737796
test_17395,0.04360714
test_17396,0.99947970
test_17397,0.01044236
test_17398,0.93116328
test_17399,0.50468174
test_17400,0.03162717
test_17401,0.89356040
test_17402,0.89533258
test_17403,0.54225353
test_17404,0.66155475
test_17405,0.76132299
test_17406,0.21293928
test_17407,0.23612780
test_17408,0.07210929
test_17409,0.80198432
test_17410,0.57009336
test_17411,0.95187339
test_17412,0.13691693
test_17413,0.78294852
test_17414,0.16560994
test_17415,0.32193291
test_17416,0.99323226
test_17417,0.98874739
test_17418,0.36355148
test_17419,0.01964954
test_17420,0.59455846
test_17421,0.76274966
test_17422,0.55977795
test_17423,0.95380792
test_17424,0.09951451
test_17425,0.84949559
test_17426,0.98117943
test_17427,0.72049534
test_17428,0.44005284
test_17429,0.01157023
test_17430,0.93732092
test_17431,0.01173320
test_17432,0.18096282
test_17433,0.44158179
test_17434,0.48309424
test_17435,0.96593358
test_17436,0.05643392
test_17437,0.13870398
test_17438,0.92755411
test_17439,0.28713310
test_17440,0.00296992
test_17441,0.96000528
test_17442,0.00737805
test_17443,0.95037040
test_17444,0.22132647
test_17445,0.33436605
test_17446,0.91119344
test_17447,0.49599461
test_17448,0.55805553
test_17449,0.88880496
test_17450,0.74211662
test_17451,0.45562444
test_17452,0.08202860
test_17453,0.98969119
test_17454,0.97354834
test_17455,0.13078191
test_17456,0.50287048
test_17457,0.61788158
test_17458,0.22849792
test_17459,0.70785223
test_17460,0.00644718
test_17461,0.99773802
test_17462,0.10523049
test_17463,0.03444625
test_17464,0.09916235
test_17465,0.35296096
test_17466,0.48828960
test_17467,0.98049908
test_17468,0.99565503
test_17469,0.07908060
test_17470,0.05041090
test_17471,0.55096733
test_17472,0.52070816
test_17473,0.77342972
test_17474,0.79506577
test_17475,0.47846271
test_17476,0.90919282
test_17477,0.43816363
test_17478,0.03797142
test_17479,0.20175662
test_17480,0.97972682
test_17481,0.64651204
test_17482,0.56480749
test_17483,0.37068753
test_17484,0.12886910
test_17485,0.97190712
test_17486,0.27682367
test_17487,0.50191969
test_17488,0.15138324
test_17489,0.96274895
test_17490,0.11811296
test_17491,0.25891098
test_17492,0.40304700
test_17493,0.87583311
test_17494,0.40759552
test_17495,0.09816075
test_17496,0.04132497
test_17497,0.23625639
test_17498,0.43417374
test_17499,0.82250571
test_17500,0.02853873
test_17501,0.39854212
test_17502,0.00656130
test_17503,0.76435956
test_17504,0.18253964
test_17505,0.03909647
test_17506,0.01980631
test_17507,0.78023611
test_17508,0.94838921
test_17509,0.99657992
test_17510,0.03697391
test_17511,0.97120731
test_17512,0.28543723
test_17513,0.94275303
test_17514,0.56790280
test_17515,0.96134679
test_17516,0.41044353
test_17517,0.59118019
test_17518,0.14525720
test_17519,0.03003796
test_17520,0.09706479
test_17521,0.99336984
test_17522,0.85040189
test_17523,0.11610358
test_17524,0.50068583
test_17525,0.31513348
test_17526,0.98341909
test_17527,0.30554029
test_17528,0.86836857
test_17529,0.41553027
test_17530,0.97744806
test_17531,0.06384057
test_17532,0.30298223
test_17533,0.98051414
test_17534,0.74767650
test_17535,0.60540839
test_17536,0.99920738
test_17537,0.45095804
test_17538,0.88704664
test_17539,0.49948179
test_17540,0.02878483
test_17541,0.89785936
test_17542,0.92852746
test_17543,0.95716953
test_17544,0.41013201
test_17545,0.72825963
test_17546,0.88338658
test_17547,0.30681180
test_17548,0.98992940
test_17549,0.00264849
test_17550,0.60369268
test_17551,0.13876221
test_17552,0.99642645
test_17553,0.33246260
test_17554,0.54556389
test_17555,0.43019023
test_17556,0.12262992
test_17557,0.96241245
test_17558,0.84945813
test_17559,0.99774005
test_17560,0.00637358
test_17561,0.05766731
test_17562,0.00658981
test_17563,0.49799515
test_17564,0.02409218
test_17565,0.13836228
test_17566,0.05332024
test_17567,0.76148796
test_17568,0.80905302
test_17569,0.25091004
test_17570,0.49734720
test_17571,0.02902559
test_17572,0.98789753
test_17573,0.68289266
test_17574,0.01691443
test_17575,0.28574093
test_17576,0.85128306
test_17577,0.86516567
test_17578,0.32770195
test_17579,0.54657382
test_17580,0.00773314
test_17581,0.35658880
test_17582,0.66359201
test_17583,0.43264159
test_17584,0.97098734
test_17585,0.84286382
test_17586,0.00994088
test_17587,0.35599081
test_17588,0.29675151
test_17589,0.80301368
test_17590,0.08045453
test_17591,0.85619374
test_17592,0.02769963
test_17593,0.99595935
test_17594,0.00658098
test_17595,0.97416430
test_17596,0.77770432
test_17597,0.64400533
test_17598,0.07698833
test_17599,0.92646707
test_17600,0.49759064
test_17601,0.46846799
test_17602,0.75504382
test_17603,0.20024146
test_17604,0.04081971
test_17605,0.02460149
test_17606,0.00380385
test_17607,0.06911431
test_17608,0.38394780
test_17609,0.81665333
test_17610,0.77671499
test_17611,0.98426213
test_17612,0.48051807
test_17613,0.87254898
test_17614,0.57219257
test_17615,0.00104232
test_17616,0.95547252
test_17617,0.03235017
test_17618,0.01015888
test_17619,0.78743407
test_17620,0.92879254
test_17621,0.80768351
test_17622,0.34692176
test_17623,0.92043747
test_17624,0.64764852
test_17625,0.95313122
test_17626,0.33628278
test_17627,0.47410020
test_17628,0.60548339
test_17629,0.98589933
test_17630,0.62940577
test_17631,0.72008518
test_17632,0.24482712
test_17633,0.99209845
test_17634,0.18557734
test_17635,0.54341323
test_17636,0.00432798
test_17637,0.07448364
test_17638,0.95829383
test_17639,0.75928058
test_17640,0.52785454
test_17641,0.01112226
test_17642,0.91579529
test_17643,0.19729158
test_17644,0.89662623
test_17645,0.99231027
test_17646,0.59036955
test_17647,0.01908890
test_17648,0.73626823
test_17649,0.47667798
test_17650,0.40644461
test_17651,0.65498772
test_17652,0.41892518
test_17653,0.18206397
test_17654,0.00865391
test_17655,0.00034810
test_17656,0.66678826
test_17657,0.95552990
test_17658,0.26798259
test_17659,0.05073941
test_17660,0.89201233
test_17661,0.72602794
test_17662,0.32256013
test_17663,0.99948953
test_17664,0.01895713
test_17665,0.08953456
test_17666,0.09899178
test_17667,0.99273302
test_17668,0.45973576
test_17669,0.50382595
test_17670,0.00111704
test_17671,0.44986743
test_17672,0.74309311
test_17673,0.35161156
test_17674,0.26377586
test_17675,0.99929254
test_17676,0.79655604
test_17677,0.91134217
test_17678,0.00869499
test_17679,0.91603129
test_17680,0.10379364
test_17681,0.03372479
test_17682,0.96035544
test_17683,0.82286581
test_17684,0.54701373
test_17685,0.98536180
test_17686,0.36731161
test_17687,0.33890234
test_17688,0.04316994
test_17689,0.99965885
test_17690,0.34818868
test_17691,0.50238649
test_17692,0.56477892
test_17693,0.80630676
test_17694,0.91166100
test_17695,0.78912283
test_17696,0.99471819
test_17697,0.75958874
test_17698,0.00902245
test_17699,0.40708083
test_17700,0.01566425
test_17701,0.91987753
test_17702,0.39630289
test_17703,0.00304377
test_17704,0.06037498
test_17705,0.08406022
test_17706,0.97003681
test_17707,0.00344038
test_17708,0.99295307
test_17709,0.10319849
test_17710,0.94539168
test_17711,0.32425469
test_17712,0.05266952
test_17713,0.01476819
test_17714,0.10326067
test_17715,0.20601565
test_17716,0.01486227
test_17717,0.75454128
test_17718,0.46612482
test_17719,0.01184271
test_17720,0.08386869
test_17721,0.51366229
test_17722,0.09579382
test_17723,0.55072306
test_17724,0.64656663
test_17725,0.01230339
test_17726,0.93795285
test_17727,0.52645177
test_17728,0.62288344
test_17729,0.77481765
test_17730,0.90102512
test_17731,0.51616881
test_17732,0.83326777
test_17733,0.93500965
test_17734,0.28387522
test_17735,0.67036732
test_17736,0.99532138
test_17737,0.25888154
test_17738,0.04392170
test_17739,0.92500236
test_17740,0.00016619
test_17741,0.97947568
test_17742,0.05930102
test_17743,0.85660303
test_17744,0.97044643
test_17745,0.39648814
test_17746,0.40833890
test_17747,0.38671404
test_17748,0.58018252
test_17749,0.89155207
test_17750,0.05166210
test_17751,0.48201895
test_17752,0.30737663
test_17753,0.77589095
test_17754,0.12842266
test_17755,0.31624264
test_17756,0.52405646
test_17757,0.87796469
test_17758,0.06628659
test_17759,0.97172827
test_17760,0.70243380
test_17761,0.49967002
test_17762,0.04225982
test_17763,0.22487568
test_17764,0.38684807
test_17765,0.95814125
test_17766,0.02836205
test_17767,0.05884931
test_17768,0.94751468
test_17769,0.02265097
test_17770,0.95264647
test_17771,0.65119951
test_17772,0.90006219
test_17773,0.13809604
test_17774,0.00027964
test_17775,0.47358246
test_17776,0.66150228
test_17777,0.10915335
test_17778,0.27989406
test_17779,0.01910172
test_17780,0.98059676
test_17781,0.03907364
test_17782,0.97272811
test_17783,0.00867043
test_17784,0.95297709
test_17785,0.98777419
test_17786,0.77244403
test_17787,0.55124877
test_17788,0.99541173
test_17789,0.02089908
test_17790,0.28933504
test_17791,0.54439207
test_17792,0.02032262
test_17793,0.41183834
test_17794,0.08518685
test_17795,0.02116550
test_17796,0.24528146
test_17797,0.87664872
test_17798,0.36881129
test_17799,0.05020514
test_17800,0.70122330
test_17801,0.00295217
test_17802,0.47849270
test_17803,0.37162136
test_17804,0.62153486
test_17805,0.99225869
test_17806,0.95269632
test_17807,0.00118462
test_17808,0.42153683
test_17809,0.00858574
test_17810,0.00653992
test_17811,0.29751718
test_17812,0.21292020
test_17813,0.37402121
test_17814,0.63734812
test_17815,0.99837542
test_17816,0.64027122
test_17817,0.01096320
test_17818,0.51861869
test_17819,0.97405882
test_17820,0.00144753
test_17821,0.91026669
test_17822,0.00022537
test_17823,0.01940168
test_17824,0.96890346
test_17825,0.00531951
test_17826,0.07353942
test_17827,0.94656141
test_17828,0.93618375
test_17829,0.77371618
test_17830,0.58484135
test_17831,0.02102729
test_17832,0.17990856
test_17833,0.59571804
test_17834,0.43480532
test_17835,0.99945688
test_17836,0.70185938
test_17837,0.85745970
test_17838,0.83190849
test_17839,0.99744324
test_17840,0.76196087
test_17841,0.54018984
test_17842,0.87312711
test_17843,0.07863991
test_17844,0.21289032
test_17845,0.50622237
test_17846,0.22255917
test_17847,0.87975971
test_17848,0.92817069
test_17849,0.43319629
test_17850,0.02795119
test_17851,0.77992534
test_17852,0.59519731
test_17853,0.93610935
test_17854,0.10748209
test_17855,0.22121643
test_17856,0.99516276
test_17857,0.00094016
test_17858,0.52534660
test_17859,0.67508355
test_17860,0.26137078
test_17861,0.98587677
test_17862,0.98873236
test_17863,0.29934875
test_17864,0.10829252
test_17865,0.97722390
test_17866,0.00582185
test_17867,0.39115212
test_17868,0.40915698
test_17869,0.08299059
test_17870,0.96556100
test_17871,0.62999155
test_17872,0.16514032
test_17873,0.78926491
test_17874,0.00339223
test_17875,0.99145880
test_17876,0.21014897
test_17877,0.30168970
test_17878,0.13415971
test_17879,0.68034235
test_17880,0.30838962
test_17881,0.53797311
test_17882,0.34741261
test_17883,0.81657931
test_17884,0.94295125
test_17885,0.87278928
test_17886,0.08202401
test_17887,0.99892535
test_17888,0.46103926
test_17889,0.99929046
test_17890,0.94982349
test_17891,0.97682386
test_17892,0.57028516
test_17893,0.99422644
test_17894,0.52304089
test_17895,0.08505724
test_17896,0.19115452
test_17897,0.00763293
test_17898,0.65049871
test_17899,0.48911915
test_17900,0.96987223
test_17901,0.26057818
test_17902,0.10984050
test_17903,0.99901912
test_17904,0.91808897
test_17905,0.08902552
test_17906,0.98292036
test_17907,0.88604675
test_17908,0.44479026
test_17909,0.70395377
test_17910,0.03125344
test_17911,0.02503500
test_17912,0.77276325
test_17913,0.85080796
test_17914,0.33410073
test_17915,0.59302057
test_17916,0.00962453
test_17917,0.02641284
test_17918,0.06324656
test_17919,0.13365904
test_17920,0.32565888
test_17921,0.98178291
test_17922,0.95479379
test_17923,0.95251991
test_17924,0.33031509
test_17925,0.25906719
test_17926,0.02377002
test_17927,0.33645822
test_17928,0.58568792
test_17929,0.44510386
test_17930,0.80076736
test_17931,0.80792933
test_17932,0.01830470
test_17933,0.99478379
test_17934,0.00394686
test_17935,0.04725191
test_17936,0.97453307
test_17937,0.25591408
test_17938,0.01194905
test_17939,0.94455462
test_17940,0.75061438
test_17941,0.33972678
test_17942,0.98050451
test_17943,0.97983432
test_17944,0.99057279
test_17945,0.16607627
test_17946,0.55197514
test_17947,0.04472790
test_17948,0.45220857
test_17949,0.49741355
test_17950,0.99205860
test_17951,0.50521280
test_17952,0.05626400
test_17953,0.81687968
test_17954,0.40804204
test_17955,0.01188001
test_17956,0.97204029
test_17957,0.05626796
test_17958,0.35810492
test_17959,0.00442784
test_17960,0.00115718
test_17961,0.55585745
test_17962,0.23914412
test_17963,0.88953774
test_17964,0.84200005
test_17965,0.96659810
test_17966,0.92200634
test_17967,0.86846403
test_17968,0.09967970
test_17969,0.03796746
test_17970,0.11158692
test_17971,0.99839776
test_17972,0.01635593
test_17973,0.91416709
test_17974,0.10252808
test_17975,0.06289772
test_17976,0.54780370
test_17977,0.13121177
test_17978,0.64741070
test_17979,0.97382252
test_17980,0.38724494
test_17981,0.50965041
test_17982,0.97576217
test_17983,0.65668665
test_17984,0.11914548
test_17985,0.28274691
test_17986,0.06103997
test_17987,0.01974140
test_17988,0.82328416
test_17989,0.99780220
test_17990,0.29766598
test_17991,0.96380666
test_17992,0.97948518
test_17993,0.05627169
test_17994,0.28515963
test_17995,0.04212180
test_17996,0.97633316
test_17997,0.12283546
test_17998,0.48505099
test_17999,0.29922485
test_18000,0.58633221
test_18001,0.02101684
test_18002,0.99599133
test_18003,0.91915994
test_18004,0.47445772
test_18005,0.60033352
test_18006,0.76731029
test_18007,0.94861209
test_18008,0.93827447
test_18009,0.94814546
test_18010,0.01064219
test_18011,0.98884354
test_18012,0.14158425
test_18013,0.78632461
test_18014,0.24464473
test_18015,0.03589603
test_18016,0.49745736
test_18017,0.00171152
test_18018,0.42862409
test_18019,0.00625840
test_18020,0.34646484
test_18021,0.50111107
test_18022,0.99572066
test_18023,0.86883255
test_18024,0.37746329
test_18025,0.33545202
test_18026,0.82385914
test_18027,0.11205889
test_18028,0.54731131
test_18029,0.48318831
test_18030,0.61578803
test_18031,0.87898044
test_18032,0.02396937
test_18033,0.84973504
test_18034,0.92770574
test_18035,0.49312425
test_18036,0.60583265
test_18037,0.36832169
test_18038,0.59563768
test_18039,0.79846811
test_18040,0.99372522
test_18041,0.61822396
test_18042,0.99836977
test_18043,0.04817125
test_18044,0.98010269
test_18045,0.23794383
test_18046,0.50677201
test_18047,0.17119438
test_18048,0.13600798
test_18049,0.90933279
test_18050,0.98405539
test_18051,0.00353088
test_18052,0.02035463
test_18053,0.04008189
test_18054,0.44452517
test_18055,0.91995974
test_18056,0.37373490
test_18057,0.48147680
test_18058,0.94937493
test_18059,0.39544549
test_18060,0.65161614
test_18061,0.99356460
test_18062,0.89994785
test_18063,0.25494848
test_18064,0.96458189
test_18065,0.84067369
test_18066,0.47960826
test_18067,0.98514595
test_18068,0.21011586
test_18069,0.72044318
test_18070,0.98520450
test_18071,0.22336205
test_18072,0.24080708
test_18073,0.44660243
test_18074,0.13378985
test_18075,0.99783739
test_18076,0.94423697
test_18077,0.00629030
test_18078,0.94392243
test_18079,0.79491299
test_18080,0.69659196
test_18081,0.63587419
test_18082,0.80602659
test_18083,0.67017042
test_18084,0.81671686
test_18085,0.06834785
test_18086,0.94967743
test_18087,0.16009240
test_18088,0.97916726
test_18089,0.40347678
test_18090,0.04922029
test_18091,0.85722626
test_18092,0.98572894
test_18093,0.25417030
test_18094,0.20713918
test_18095,0.59043246
test_18096,0.52204608
test_18097,0.99681923
test_18098,0.91231847
test_18099,0.97580895
test_18100,0.45200769
test_18101,0.33968548
test_18102,0.82261994
test_18103,0.53434576
test_18104,0.80332035
test_18105,0.99109146
test_18106,0.50845659
test_18107,0.53956371
test_18108,0.06235391
test_18109,0.00756825
test_18110,0.93892319
test_18111,0.48990743
test_18112,0.36710219
test_18113,0.02613860
test_18114,0.61879280
test_18115,0.84060482
test_18116,0.99264110
test_18117,0.28561610
test_18118,0.11021367
test_18119,0.10186687
test_18120,0.01919537
test_18121,0.88710883
test_18122,0.26247305
test_18123,0.90371154
test_18124,0.09693492
test_18125,0.99452757
test_18126,0.94267430
test_18127,0.43989968
test_18128,0.21669424
test_18129,0.00299716
test_18130,0.00530345
test_18131,0.98430264
test_18132,0.02483513
test_18133,0.18646125
test_18134,0.13183255
test_18135,0.30404311
test_18136,0.38655555
test_18137,0.00545751
test_18138,0.17794941
test_18139,0.47938072
test_18140,0.00702190
test_18141,0.45391015
test_18142,0.01166051
test_18143,0.96199116
test_18144,0.03868492
test_18145,0.93565435
test_18146,0.97571546
test_18147,0.03456743
test_18148,0.03220074
test_18149,0.59247839
test_18150,0.98795159
test_18151,0.57306836
test_18152,0.99832373
test_18153,0.04801198
test_18154,0.98558360
test_18155,0.99697012
test_18156,0.19920644
test_18157,0.01612148
test_18158,0.56548616
test_18159,0.48209598
test_18160,0.53922679
test_18161,0.89155774
test_18162,0.10826688
test_18163,0.00107627
test_18164,0.60826476
test_18165,0.45116413
test_18166,0.41652059
test_18167,0.98059158
test_18168,0.68463527
test_18169,0.56217332
test_18170,0.98466737
test_18171,0.89277185
test_18172,0.43915258
test_18173,0.99699916
test_18174,0.98317512
test_18175,0.06182945
test_18176,0.94433939
test_18177,0.99665781
test_18178,0.57077919
test_18179,0.83855703
test_18180,0.28608424
test_18181,0.51388049
test_18182,0.73899117
test_18183,0.58464482
test_18184,0.69049150
test_18185,0.97336360
test_18186,0.00603408
test_18187,0.00535570
test_18188,0.23308205
test_18189,0.43145915
test_18190,0.99875996
test_18191,0.65036312
test_18192,0.91723550
test_18193,0.50640149
test_18194,0.16030740
test_18195,0.97449215
test_18196,0.95889718
test_18197,0.63102698
test_18198,0.30196859
test_18199,0.55354338
test_18200,0.28373203
test_18201,0.89242251
test_18202,0.63067344
test_18203,0.64699417
test_18204,0.71056976
test_18205,0.50187202
test_18206,0.24339467
test_18207,0.52223800
test_18208,0.42648566
test_18209,0.99421131
test_18210,0.68084466
test_18211,0.14493982
test_18212,0.04592441
test_18213,0.36583069
test_18214,0.15583342
test_18215,0.77180767
test_18216,0.12857765
test_18217,0.19338913
test_18218,0.99394965
test_18219,0.12456204
test_18220,0.97941391
test_18221,0.14833548
test_18222,0.01192787
test_18223,0.28574580
test_18224,0.98803289
test_18225,0.96846939
test_18226,0.90139907
test_18227,0.58467691
test_18228,0.97555669
test_18229,0.46831364
test_18230,0.99447635
test_18231,0.67550355
test_18232,0.11592397
test_18233,0.77991705
test_18234,0.28169545
test_18235,0.81061696
test_18236,0.02360939
test_18237,0.16549667
test_18238,0.98847597
test_18239,0.97184916
test_18240,0.49342651
test_18241,0.47083012
test_18242,0.00326442
test_18243,0.09613977
test_18244,0.99387749
test_18245,0.52024990
test_18246,0.89015331
test_18247,0.23673403
test_18248,0.76570492
test_18249,0.05180266
test_18250,0.23302574
test_18251,0.37904923
test_18252,0.94673120
test_18253,0.99063093
test_18254,0.00447444
test_18255,0.27253901
test_18256,0.00149135
test_18257,0.00696340
test_18258,0.74336966
test_18259,0.17567547
test_18260,0.91812526
test_18261,0.78903698
test_18262,0.14146257
test_18263,0.53040168
test_18264,0.02623215
test_18265,0.15364508
test_18266,0.36244890
test_18267,0.60407493
test_18268,0.86564827
test_18269,0.00173791
test_18270,0.67337541
test_18271,0.06558823
test_18272,0.23717927
test_18273,0.03816129
test_18274,0.27678382
test_18275,0.14377830
test_18276,0.12370891
test_18277,0.00624193
test_18278,0.00726827
test_18279,0.85117831
test_18280,0.98577185
test_18281,0.12188473
test_18282,0.49741693
test_18283,0.07746011
test_18284,0.81127767
test_18285,0.98589960
test_18286,0.37771237
test_18287,0.02161546
test_18288,0.07205125
test_18289,0.64043692
test_18290,0.82099588
test_18291,0.44323951
test_18292,0.37883588
test_18293,0.53391181
test_18294,0.87009585
test_18295,0.99456896
test_18296,0.26160704
test_18297,0.02409148
test_18298,0.62469811
test_18299,0.00954756
test_18300,0.65054588
test_18301,0.46062646
test_18302,0.33508430
test_18303,0.21902032
test_18304,0.00570125
test_18305,0.84786511
test_18306,0.04228356
test_18307,0.44996930
test_18308,0.01361200
test_18309,0.60303083
test_18310,0.99833184
test_18311,0.02742197
test_18312,0.20442567
test_18313,0.99704698
test_18314,0.16841434
test_18315,0.10739006
test_18316,0.51810016
test_18317,0.52837026
test_18318,0.83577197
test_18319,0.16778841
test_18320,0.49987228
test_18321,0.01448830
test_18322,0.62922699
test_18323,0.58010060
test_18324,0.51725671
test_18325,0.42823310
test_18326,0.97678158
test_18327,0.03378445
test_18328,0.04953462
test_18329,0.65039901
test_18330,0.01368364
test_18331,0.99848010
test_18332,0.11476888
test_18333,0.36526853
test_18334,0.61574762
test_18335,0.03205152
test_18336,0.00827499
test_18337,0.88901999
test_18338,0.86003533
test_18339,0.47415297
test_18340,0.99137088
test_18341,0.12045400
test_18342,0.01849575
test_18343,0.97398517
test_18344,0.61378912
test_18345,0.26473531
test_18346,0.01050496
test_18347,0.83755176
test_18348,0.36265079
test_18349,0.46408996
test_18350,0.94205385
test_18351,0.17393206
test_18352,0.42790095
test_18353,0.29911002
test_18354,0.40574144
test_18355,0.97861519
test_18356,0.03225839
test_18357,0.98816204
test_18358,0.16485530
test_18359,0.28292285
test_18360,0.98596476
test_18361,0.98660531
test_18362,0.30861376
test_18363,0.99432544
test_18364,0.27254251
test_18365,0.96030498
test_18366,0.94918618
test_18367,0.08389386
test_18368,0.99517758
test_18369,0.72794852
test_18370,0.98685346
test_18371,0.35876782
test_18372,0.59378646
test_18373,0.09599346
test_18374,0.89026643
test_18375,0.93522877
test_18376,0.40023993
test_18377,0.96694170
test_18378,0.49046389
test_18379,0.83393276
test_18380,0.38299240
test_18381,0.96362600
test_18382,0.47595375
test_18383,0.99218720
test_18384,0.46790354
test_18385,0.95722293
test_18386,0.96157651
test_18387,0.48212286
test_18388,0.93888923
test_18389,0.59834004
test_18390,0.99096454
test_18391,0.01049577
test_18392,0.59446860
test_18393,0.53088628
test_18394,0.31084351
test_18395,0.32856382
test_18396,0.42780964
test_18397,0.99086864
test_18398,0.73461265
test_18399,0.78283634
test_18400,0.23895082
test_18401,0.64986487
test_18402,0.54598499
test_18403,0.85678061
test_18404,0.91422860
test_18405,0.42136835
test_18406,0.55479914
test_18407,0.97334633
test_18408,0.90247153
test_18409,0.01288180
test_18410,0.99815735
test_18411,0.64414811
test_18412,0.59798605
test_18413,0.68762536
test_18414,0.33577526
test_18415,0.00084636
test_18416,0.98324362
test_18417,0.05832511
test_18418,0.81239801
test_18419,0.99366869
test_18420,0.49748154
test_18421,0.43755549
test_18422,0.62157837
test_18423,0.90360862
test_18424,0.97827129
test_18425,0.43060594
test_18426,0.99509489
test_18427,0.62057863
test_18428,0.01313241
test_18429,0.06540774
test_18430,0.62048339
test_18431,0.98387250
test_18432,0.20250977
test_18433,0.97279320
test_18434,0.89049040
test_18435,0.99540989
test_18436,0.98141874
test_18437,0.32618252
test_18438,0.12665343
test_18439,0.88175602
test_18440,0.47097992
test_18441,0.95608439
test_18442,0.86392794
test_18443,0.12472199
test_18444,0.03556205
test_18445,0.93337549
test_18446,0.92366218
test_18447,0.08679662
test_18448,0.11835420
test_18449,0.00152982
test_18450,0.76679670
test_18451,0.19599205
test_18452,0.49592096
test_18453,0.96985450
test_18454,0.07858000
test_18455,0.78327317
test_18456,0.99354837
test_18457,0.39366740
test_18458,0.99241154
test_18459,0.82867524
test_18460,0.82205675
test_18461,0.73511882
test_18462,0.62798729
test_18463,0.81665033
test_18464,0.96644202
test_18465,0.01220862
test_18466,0.72940671
test_18467,0.10685061
test_18468,0.42924620
test_18469,0.30527933
test_18470,0.70776947
test_18471,0.62635938
test_18472,0.17385523
test_18473,0.99662468
test_18474,0.31266982
test_18475,0.41428221
test_18476,0.99945784
test_18477,0.09060717
test_18478,0.29205730
test_18479,0.73205732
test_18480,0.50724478
test_18481,0.21457760
test_18482,0.01763570
test_18483,0.99505050
test_18484,0.91966787
test_18485,0.94690066
test_18486,0.32569297
test_18487,0.52196761
test_18488,0.50452189
test_18489,0.49082129
test_18490,0.96484344
test_18491,0.02420278
test_18492,0.13617438
test_18493,0.11371429
test_18494,0.37527158
test_18495,0.97779358
test_18496,0.50311347
test_18497,0.76815268
test_18498,0.99674842
test_18499,0.02404960
test_18500,0.38534515
test_18501,0.58113309
test_18502,0.96073383
test_18503,0.23192469
test_18504,0.69121799
test_18505,0.34758097
test_18506,0.94164377
test_18507,0.72439087
test_18508,0.11511045
test_18509,0.92965038
test_18510,0.59155164
test_18511,0.04167257
test_18512,0.67241937
test_18513,0.01738151
test_18514,0.74722853
test_18515,0.10791842
test_18516,0.88682334
test_18517,0.95756862
test_18518,0.46434763
test_18519,0.77134033
test_18520,0.03066761
test_18521,0.51833028
test_18522,0.04522587
test_18523,0.51281748
test_18524,0.03582330
test_18525,0.20346475
test_18526,0.54534502
test_18527,0.08230740
test_18528,0.09089314
test_18529,0.93671379
test_18530,0.99151249
test_18531,0.73900755
test_18532,0.05904961
test_18533,0.62375635
test_18534,0.01837645
test_18535,0.29589173
test_18536,0.50713763
test_18537,0.51199823
test_18538,0.91824620
test_18539,0.21788674
test_18540,0.49931090
test_18541,0.49766863
test_18542,0.10603069
test_18543,0.99112046
test_18544,0.54821630
test_18545,0.98224248
test_18546,0.95611132
test_18547,0.91910789
test_18548,0.85591187
test_18549,0.91302713
test_18550,0.53919925
test_18551,0.90059245
test_18552,0.13402533
test_18553,0.18922782
test_18554,0.98541302
test_18555,0.95481007
test_18556,0.83372012
test_18557,0.07989007
test_18558,0.62014062
test_18559,0.80510611
test_18560,0.01239006
test_18561,0.18490627
test_18562,0.82802638
test_18563,0.97632314
test_18564,0.01049493
test_18565,0.52581197
test_18566,0.02145670
test_18567,0.61776420
test_18568,0.90110267
test_18569,0.53993688
test_18570,0.27008880
test_18571,0.32763156
test_18572,0.08905152
test_18573,0.92010894
test_18574,0.54108904
test_18575,0.00057437
test_18576,0.24842315
test_18577,0.20924513
test_18578,0.61164619
test_18579,0.99256304
test_18580,0.10325950
test_18581,0.00236819
test_18582,0.76831280
test_18583,0.23082865
test_18584,0.04565707
test_18585,0.26002249
test_18586,0.98665231
test_18587,0.53198243
test_18588,0.98217903
test_18589,0.01265958
test_18590,0.94614208
test_18591,0.34435698
test_18592,0.00125869
test_18593,0.04703333
test_18594,0.01841650
test_18595,0.98548284
test_18596,0.60474273
test_18597,0.76562506
test_18598,0.99439029
test_18599,0.98712053
test_18600,0.97091286
test_18601,0.53774528
test_18602,0.88473744
test_18603,0.85829773
test_18604,0.39658979
test_18605,0.01633203
test_18606,0.94459908
test_18607,0.68645900
test_18608,0.39551117
test_18609,0.17978948
test_18610,0.01933297
test_18611,0.97905017
test_18612,0.96528583
test_18613,0.56417681
test_18614,0.01908480
test_18615,0.99634120
test_18616,0.00609639
test_18617,0.99615844
test_18618,0.14968553
test_18619,0.98796816
test_18620,0.99852373
test_18621,0.64648614
test_18622,0.01889268
test_18623,0.75946780
test_18624,0.40210649
test_18625,0.54605619
test_18626,0.02199086
test_18627,0.62472075
test_18628,0.01794698
test_18629,0.51756403
test_18630,0.89845414
test_18631,0.26322719
test_18632,0.48270005
test_18633,0.03160805
test_18634,0.99795502
test_18635,0.97557667
test_18636,0.07209503
test_18637,0.83157338
test_18638,0.10979220
test_18639,0.85165302
test_18640,0.99918724
test_18641,0.27225098
test_18642,0.01687447
test_18643,0.12950162
test_18644,0.04995358
test_18645,0.25105034
test_18646,0.69557043
test_18647,0.39916380
test_18648,0.96837724
test_18649,0.03830853
test_18650,0.08742131
test_18651,0.91381198
test_18652,0.27129455
test_18653,0.00512616
test_18654,0.31765218
test_18655,0.44058264
test_18656,0.29489956
test_18657,0.31711674
test_18658,0.05892329
test_18659,0.90245213
test_18660,0.78855736
test_18661,0.02694839
test_18662,0.00181493
test_18663,0.58617727
test_18664,0.68124195
test_18665,0.23366813
test_18666,0.47358758
test_18667,0.95765043
test_18668,0.98040233
test_18669,0.55375618
test_18670,0.04062347
test_18671,0.17573812
test_18672,0.03444522
test_18673,0.57923371
test_18674,0.41588826
test_18675,0.04440418
test_18676,0.93667925
test_18677,0.08613316
test_18678,0.05118849
test_18679,0.94800869
test_18680,0.89720337
test_18681,0.52709035
test_18682,0.98523638
test_18683,0.81522008
test_18684,0.97518414
test_18685,0.64452626
test_18686,0.52342225
test_18687,0.89640373
test_18688,0.14391079
test_18689,0.98241788
test_18690,0.64483027
test_18691,0.96587000
test_18692,0.00551109
test_18693,0.98420356
test_18694,0.45525554
test_18695,0.99363985
test_18696,0.59386679
test_18697,0.35987666
test_18698,0.41660249
test_18699,0.47169984
test_18700,0.82123075
test_18701,0.52292916
test_18702,0.48300845
test_18703,0.23189487
test_18704,0.57143548
test_18705,0.08440419
test_18706,0.57717201
test_18707,0.00729555
test_18708,0.05173351
test_18709,0.99004209
test_18710,0.87543738
test_18711,0.92503275
test_18712,0.12911024
test_18713,0.99778155
test_18714,0.39353048
test_18715,0.92591529
test_18716,0.92283026
test_18717,0.44093720
test_18718,0.49857872
test_18719,0.73333726
test_18720,0.05976922
test_18721,0.60087575
test_18722,0.69158568
test_18723,0.00613433
test_18724,0.99109561
test_18725,0.97438496
test_18726,0.91895298
test_18727,0.84648471
test_18728,0.88541484
test_18729,0.50569633
test_18730,0.44022564
test_18731,0.99565029
test_18732,0.00285997
test_18733,0.99781424
test_18734,0.57524478
test_18735,0.00791001
test_18736,0.93477377
test_18737,0.96735447
test_18738,0.00366370
test_18739,0.58055095
test_18740,0.41788182
test_18741,0.00373218
test_18742,0.19517465
test_18743,0.96118015
test_18744,0.93847833
test_18745,0.93233585
test_18746,0.73924250
test_18747,0.07766990
test_18748,0.99202138
test_18749,0.95660507
test_18750,0.43167883
test_18751,0.45093782
test_18752,0.41649208
test_18753,0.97839801
test_18754,0.92386754
test_18755,0.51375434
test_18756,0.50901988
test_18757,0.03372903
test_18758,0.05743279
test_18759,0.99041345
test_18760,0.22797816
test_18761,0.47106989
test_18762,0.92999827
test_18763,0.58749226
test_18764,0.98668148
test_18765,0.36399481
test_18766,0.00825744
test_18767,0.98819603
test_18768,0.45078437
test_18769,0.06646608
test_18770,0.64570919
test_18771,0.12607457
test_18772,0.01283707
test_18773,0.63214221
test_18774,0.38246899
test_18775,0.41956863
test_18776,0.41526652
test_18777,0.28415214
test_18778,0.95429608
test_18779,0.52665399
test_18780,0.87757929
test_18781,0.26360521
test_18782,0.91206713
test_18783,0.07433230
test_18784,0.00809759
test_18785,0.51025827
test_18786,0.13483849
test_18787,0.75147706
test_18788,0.99138887
test_18789,0.01566849
test_18790,0.01379534
test_18791,0.16752204
test_18792,0.92935625
test_18793,0.00070866
test_18794,0.99596856
test_18795,0.24362971
test_18796,0.69736907
test_18797,0.99353936
test_18798,0.41106229
test_18799,0.97604203
test_18800,0.50691678
test_18801,0.39446488
test_18802,0.80529736
test_18803,0.28330509
test_18804,0.21407726
test_18805,0.06160747
test_18806,0.96078139
test_18807,0.48664329
test_18808,0.48919841
test_18809,0.00834684
test_18810,0.08612895
test_18811,0.54580194
test_18812,0.03422178
test_18813,0.99646488
test_18814,0.61512080
test_18815,0.30393260
test_18816,0.70186154
test_18817,0.01933531
test_18818,0.34964451
test_18819,0.56557366
test_18820,0.96939351
test_18821,0.74487839
test_18822,0.61458236
test_18823,0.99871057
test_18824,0.00060943
test_18825,0.31721792
test_18826,0.09410153
test_18827,0.00951064
test_18828,0.01397428
test_18829,0.01799090
test_18830,0.23160520
test_18831,0.61467480
test_18832,0.47958611
test_18833,0.11974147
test_18834,0.98226125
test_18835,0.59899511
test_18836,0.63312145
test_18837,0.63803499
test_18838,0.32046511
test_18839,0.89220578
test_18840,0.66673895
test_18841,0.02411366
test_18842,0.02566766
test_18843,0.61952149
test_18844,0.01340028
test_18845,0.96188581
test_18846,0.92132802
test_18847,0.25987742
test_18848,0.42297532
test_18849,0.98500152
test_18850,0.76107134
test_18851,0.96851649
test_18852,0.00635490
test_18853,0.29646507
test_18854,0.57015708
test_18855,0.07297588
test_18856,0.20661066
test_18857,0.00235530
test_18858,0.67557035
test_18859,0.41171077
test_18860,0.96166402
test_18861,0.40889868
test_18862,0.14451525
test_18863,0.13855631
test_18864,0.85756225
test_18865,0.00399021
test_18866,0.23058460
test_18867,0.96841599
test_18868,0.00851069
test_18869,0.61171444
test_18870,0.99299022
test_18871,0.00960798
test_18872,0.93936888
test_18873,0.37614369
test_18874,0.01909793
test_18875,0.30400001
test_18876,0.75797127
test_18877,0.01785053
test_18878,0.94141621
test_18879,0.05781132
test_18880,0.98510986
test_18881,0.97064352
test_18882,0.00170773
test_18883,0.49537277
test_18884,0.72326496
test_18885,0.46476000
test_18886,0.67638707
test_18887,0.58896815
test_18888,0.16334050
test_18889,0.02165755
test_18890,0.06501929
test_18891,0.17703221
test_18892,0.99508690
test_18893,0.56858725
test_18894,0.96899646
test_18895,0.93726445
test_18896,0.72691603
test_18897,0.96561499
test_18898,0.80958249
test_18899,0.51621165
test_18900,0.23499474
test_18901,0.99549814
test_18902,0.94635748
test_18903,0.09441395
test_18904,0.38746653
test_18905,0.20600339
test_18906,0.39481208
test_18907,0.00533264
test_18908,0.53293635
test_18909,0.66401482
test_18910,0.07251150
test_18911,0.37441259
test_18912,0.91156809
test_18913,0.40159738
test_18914,0.02799589
test_18915,0.49777304
test_18916,0.01142907
test_18917,0.15780569
test_18918,0.99785041
test_18919,0.99707556
test_18920,0.00300232
test_18921,0.87819424
test_18922,0.01066258
test_18923,0.64216587
test_18924,0.02388334
test_18925,0.03802124
test_18926,0.08467536
test_18927,0.72063395
test_18928,0.15165384
test_18929,0.24527384
test_18930,0.97098755
test_18931,0.94847436
test_18932,0.14972392
test_18933,0.48201694
test_18934,0.95304034
test_18935,0.25555373
test_18936,0.10598257
test_18937,0.67586776
test_18938,0.00270623
test_18939,0.05844593
test_18940,0.24744392
test_18941,0.92224989
test_18942,0.24293133
test_18943,0.08127194
test_18944,0.10809570
test_18945,0.95862031
test_18946,0.22942567
test_18947,0.99738383
test_18948,0.52865956
test_18949,0.55391391
test_18950,0.22289632
test_18951,0.05832629
test_18952,0.64233652
test_18953,0.71113379
test_18954,0.95458986
test_18955,0.01516209
test_18956,0.05241223
test_18957,0.98970035
test_18958,0.99136919
test_18959,0.10286302
test_18960,0.48692742
test_18961,0.47661236
test_18962,0.00315630
test_18963,0.00929948
test_18964,0.03777880
test_18965,0.14479562
test_18966,0.65117012
test_18967,0.99705053
test_18968,0.94894595
test_18969,0.98998368
test_18970,0.07526093
test_18971,0.99864167
test_18972,0.06353800
test_18973,0.94134668
test_18974,0.99502405
test_18975,0.65958184
test_18976,0.92757003
test_18977,0.78488462
test_18978,0.56815035
test_18979,0.99273260
test_18980,0.92361860
test_18981,0.18887342
test_18982,0.39283899
test_18983,0.79021876
test_18984,0.59351154
test_18985,0.43225956
test_18986,0.53449167
test_18987,0.76407151
test_18988,0.49784998
test_18989,0.96491696
test_18990,0.97285625
test_18991,0.98336658
test_18992,0.33849099
test_18993,0.99752793
test_18994,0.50670071
test_18995,0.99569954
test_18996,0.00116292
test_18997,0.04361167
test_18998,0.94735730
test_18999,0.22055272
test_19000,0.55621593
test_19001,0.04917599
test_19002,0.10422328
test_19003,0.08435484
test_19004,0.52956437
test_19005,0.05168203
test_19006,0.87726595
test_19007,0.03605012
test_19008,0.41628629
test_19009,0.01058118
test_19010,0.48460590
test_19011,0.99328634
test_19012,0.12813807
test_19013,0.14512645
test_19014,0.95459165
test_19015,0.08633004
test_19016,0.98964992
test_19017,0.32936739
test_19018,0.07976497
test_19019,0.95184531
test_19020,0.24248423
test_19021,0.02683851
test_19022,0.50126167
test_19023,0.03223674
test_19024,0.76106888
test_19025,0.96620358
test_19026,0.58252779
test_19027,0.26360774
test_19028,0.48907647
test_19029,0.98802041
test_19030,0.00733325
test_19031,0.98528427
test_19032,0.11815360
test_19033,0.99479472
test_19034,0.70928022
test_19035,0.09785014
test_19036,0.55059325
test_19037,0.79345996
test_19038,0.00661014
test_19039,0.05312661
test_19040,0.96314859
test_19041,0.74085409
test_19042,0.99867341
test_19043,0.82577398
test_19044,0.38765271
test_19045,0.00681062
test_19046,0.99783757
test_19047,0.96343993
test_19048,0.98577150
test_19049,0.94522343
test_19050,0.77447791
test_19051,0.02320759
test_19052,0.49790579
test_19053,0.76192862
test_19054,0.00798073
test_19055,0.99131576
test_19056,0.43096276
test_19057,0.97983249
test_19058,0.22368988
test_19059,0.01878999
test_19060,0.22484459
test_19061,0.52001819
test_19062,0.50240019
test_19063,0.84091896
test_19064,0.00995277
test_19065,0.45169473
test_19066,0.01716477
test_19067,0.74170170
test_19068,0.69532675
test_19069,0.06588813
test_19070,0.75733873
test_19071,0.41206408
test_19072,0.42642748
test_19073,0.99527579
test_19074,0.84677160
test_19075,0.87034494
test_19076,0.95177376
test_19077,0.07503570
test_19078,0.25811513
test_19079,0.57087247
test_19080,0.30828892
test_19081,0.97888087
test_19082,0.48952554
test_19083,0.75640887
test_19084,0.85124450
test_19085,0.03210210
test_19086,0.02547239
test_19087,0.08890153
test_19088,0.02102766
test_19089,0.64321552
test_19090,0.13423482
test_19091,0.99100517
test_19092,0.62185681
test_19093,0.33554382
test_19094,0.05981727
test_19095,0.04492463
test_19096,0.99941766
test_19097,0.36236853
test_19098,0.27100394
test_19099,0.69157388
test_19100,0.45217094
test_19101,0.99030727
test_19102,0.02387617
test_19103,0.09269850
test_19104,0.05884570
test_19105,0.88418285
test_19106,0.06373199
test_19107,0.99202821
test_19108,0.02585399
test_19109,0.01077704
test_19110,0.35334824
test_19111,0.00482400
test_19112,0.98879021
test_19113,0.10085191
test_19114,0.08182186
test_19115,0.25876106
test_19116,0.83791209
test_19117,0.02337816
test_19118,0.00888145
test_19119,0.30109843
test_19120,0.36225091
test_19121,0.82030559
test_19122,0.94886760
test_19123,0.99081649
test_19124,0.08717452
test_19125,0.55524053
test_19126,0.53934531
test_19127,0.23301891
test_19128,0.50630955
test_19129,0.01169240
test_19130,0.93811124
test_19131,0.71347639
test_19132,0.40759929
test_19133,0.10641717
test_19134,0.53644645
test_19135,0.17239773
test_19136,0.57538400
test_19137,0.80504997
test_19138,0.00208933
test_19139,0.44758152
test_19140,0.58991608
test_19141,0.43202331
test_19142,0.90033736
test_19143,0.10946725
test_19144,0.70668984
test_19145,0.92371981
test_19146,0.98968893
test_19147,0.96567621
test_19148,0.54669771
test_19149,0.83774827
test_19150,0.39558284
test_19151,0.05576832
test_19152,0.71697669
test_19153,0.49997398
test_19154,0.48603309
test_19155,0.97817359
test_19156,0.48270814
test_19157,0.99244665
test_19158,0.96370372
test_19159,0.95284708
test_19160,0.11076563
test_19161,0.09101568
test_19162,0.00471771
test_19163,0.98156880
test_19164,0.28046348
test_19165,0.16286981
test_19166,0.99135470
test_19167,0.62300394
test_19168,0.75243657
test_19169,0.00027386
test_19170,0.98931614
test_19171,0.73653610
test_19172,0.52472811
test_19173,0.87467592
test_19174,0.59913743
test_19175,0.44500162
test_19176,0.21223602
test_19177,0.92548501
test_19178,0.55847451
test_19179,0.29701580
test_19180,0.00912518
test_19181,0.53815998
test_19182,0.00232265
test_19183,0.64680488
test_19184,0.86224371
test_19185,0.90947986
test_19186,0.50504910
test_19187,0.91692043
test_19188,0.54133632
test_19189,0.84967870
test_19190,0.57652281
test_19191,0.18700201
test_19192,0.83900354
test_19193,0.40989948
test_19194,0.00937030
test_19195,0.02855471
test_19196,0.77358546
test_19197,0.01622768
test_19198,0.79631749
test_19199,0.04890813
test_19200,0.98245146
test_19201,0.83956933
test_19202,0.93894159
test_19203,0.99282253
test_19204,0.67344979
test_19205,0.15660325
test_19206,0.95828577
test_19207,0.40309794
test_19208,0.99824621
test_19209,0.85685554
test_19210,0.27341667
test_19211,0.20798065
test_19212,0.99173102
test_19213,0.67074570
test_19214,0.01821732
test_19215,0.01760519
test_19216,0.40897536
test_19217,0.99457651
test_19218,0.05335380
test_19219,0.32055420
test_19220,0.45751934
test_19221,0.68109553
test_19222,0.71128615
test_19223,0.91554801
test_19224,0.01801827
test_19225,0.15579268
test_19226,0.79539201
test_19227,0.39095900
test_19228,0.99762506
test_19229,0.00064081
test_19230,0.20064668
test_19231,0.50877826
test_19232,0.85468522
test_19233,0.59787744
test_19234,0.03651611
test_19235,0.06198956
test_19236,0.10201089
test_19237,0.00106982
test_19238,0.24874545
test_19239,0.40682808
test_19240,0.73237178
test_19241,0.80851123
test_19242,0.54854104
test_19243,0.45397513
test_19244,0.71376253
test_19245,0.89295771
test_19246,0.62004413
test_19247,0.01648138
test_19248,0.99539559
test_19249,0.02038238
test_19250,0.99281688
test_19251,0.98701680
test_19252,0.06981701
test_19253,0.33475419
test_19254,0.96146560
test_19255,0.50153353
test_19256,0.82533212
test_19257,0.06310558
test_19258,0.23419321
test_19259,0.02074132
test_19260,0.49232182
test_19261,0.65292955
test_19262,0.64652858
test_19263,0.46336234
test_19264,0.45002380
test_19265,0.53165154
test_19266,0.09961964
test_19267,0.94588946
test_19268,0.76535671
test_19269,0.19907657
test_19270,0.03057806
test_19271,0.01433408
test_19272,0.89085971
test_19273,0.86291898
test_19274,0.00818536
test_19275,0.26169219
test_19276,0.97676916
test_19277,0.22060159
test_19278,0.02094540
test_19279,0.49865136
test_19280,0.95042877
test_19281,0.50676383
test_19282,0.21035902
test_19283,0.39106134
test_19284,0.74959319
test_19285,0.40928696
test_19286,0.04100187
test_19287,0.68706467
test_19288,0.40841974
test_19289,0.00160552
test_19290,0.99680972
test_19291,0.40175733
test_19292,0.48840866
test_19293,0.07289495
test_19294,0.88698170
test_19295,0.82333802
test_19296,0.57335275
test_19297,0.09824700
test_19298,0.86318611
test_19299,0.49013251
test_19300,0.06042258
test_19301,0.51872802
test_19302,0.95297932
test_19303,0.97279147
test_19304,0.95321689
test_19305,0.37727729
test_19306,0.99551752
test_19307,0.90272534
test_19308,0.90360652
test_19309,0.25822438
test_19310,0.03455488
test_19311,0.00607738
test_19312,0.45448976
test_19313,0.10689110
test_19314,0.08232374
test_19315,0.99219688
test_19316,0.94530429
test_19317,0.37788635
test_19318,0.88644781
test_19319,0.12680364
test_19320,0.50989716
test_19321,0.34418479
test_19322,0.36901819
test_19323,0.98893781
test_19324,0.01672888
test_19325,0.00283853
test_19326,0.05186060
test_19327,0.84808482
test_19328,0.00384345
test_19329,0.43288492
test_19330,0.82791171
test_19331,0.25704405
test_19332,0.84246650
test_19333,0.01313306
test_19334,0.10423032
test_19335,0.04430227
test_19336,0.30244767
test_19337,0.20231283
test_19338,0.91593623
test_19339,0.14539228
test_19340,0.92218875
test_19341,0.04331833
test_19342,0.96402336
test_19343,0.89523874
test_19344,0.08745266
test_19345,0.98719230
test_19346,0.44634280
test_19347,0.07041714
test_19348,0.16351016
test_19349,0.41906320
test_19350,0.19807434
test_19351,0.05531733
test_19352,0.97709262
test_19353,0.04278083
test_19354,0.98615366
test_19355,0.30671163
test_19356,0.46377999
test_19357,0.63885721
test_19358,0.60854644
test_19359,0.64338595
test_19360,0.14508925
test_19361,0.05901234
test_19362,0.01340419
test_19363,0.26533115
test_19364,0.92596945
test_19365,0.34325626
test_19366,0.38489918
test_19367,0.63796759
test_19368,0.60330470
test_19369,0.56516517
test_19370,0.04748834
test_19371,0.37903475
test_19372,0.03917322
test_19373,0.45889677
test_19374,0.94760854
test_19375,0.13744368
test_19376,0.99672202
test_19377,0.99737001
test_19378,0.66243651
test_19379,0.22171419
test_19380,0.99137883
test_19381,0.69807339
test_19382,0.00146836
test_19383,0.98926977
test_19384,0.99599436
test_19385,0.97816258
test_19386,0.39730353
test_19387,0.53345831
test_19388,0.98519311
test_19389,0.63657451
test_19390,0.99614376
test_19391,0.89586347
test_19392,0.14373362
test_19393,0.84229067
test_19394,0.74034618
test_19395,0.14780056
test_19396,0.87596265
test_19397,0.38314971
test_19398,0.10124881
test_19399,0.49721656
test_19400,0.32986112
test_19401,0.74000271
test_19402,0.11093169
test_19403,0.42063051
test_19404,0.01994089
test_19405,0.78387934
test_19406,0.98173926
test_19407,0.00788529
test_19408,0.75862809
test_19409,0.13270247
test_19410,0.27317758
test_19411,0.00407925
test_19412,0.39014425
test_19413,0.94823843
test_19414,0.03518157
test_19415,0.49628753
test_19416,0.65431944
test_19417,0.23704281
test_19418,0.00364605
test_19419,0.73437608
test_19420,0.46692373
test_19421,0.69430547
test_19422,0.98743344
test_19423,0.70469081
test_19424,0.37170043
test_19425,0.00349053
test_19426,0.11727590
test_19427,0.00417754
test_19428,0.92989897
test_19429,0.97078369
test_19430,0.50370358
test_19431,0.99907689
test_19432,0.56955590
test_19433,0.00581134
test_19434,0.89646489
test_19435,0.99864440
test_19436,0.64572016
test_19437,0.64240860
test_19438,0.07678538
test_19439,0.48831883
test_19440,0.46486885
test_19441,0.70278717
test_19442,0.53231454
test_19443,0.01691100
test_19444,0.07364543
test_19445,0.03888169
test_19446,0.95668467
test_19447,0.01995684
test_19448,0.93152927
test_19449,0.98925280
test_19450,0.64222495
test_19451,0.94925390
test_19452,0.99103733
test_19453,0.51399958
test_19454,0.87835919
test_19455,0.16911563
test_19456,0.24533583
test_19457,0.99131609
test_19458,0.85782835
test_19459,0.99820947
test_19460,0.32123571
test_19461,0.01382387
test_19462,0.54042920
test_19463,0.17612063
test_19464,0.39635080
test_19465,0.08261049
test_19466,0.50124984
test_19467,0.87664995
test_19468,0.98181875
test_19469,0.99110579
test_19470,0.18037194
test_19471,0.01881398
test_19472,0.99265130
test_19473,0.99809275
test_19474,0.68948411
test_19475,0.96884120
test_19476,0.97801952
test_19477,0.29891934
test_19478,0.45669251
test_19479,0.99809448
test_19480,0.93570499
test_19481,0.98873035
test_19482,0.44060945
test_19483,0.99547160
test_19484,0.78750445
test_19485,0.87312425
test_19486,0.03769640
test_19487,0.88286096
test_19488,0.95073746
test_19489,0.50259320
test_19490,0.05124546
test_19491,0.75087595
test_19492,0.35762210
test_19493,0.99194164
test_19494,0.24870578
test_19495,0.90693920
test_19496,0.61900048
test_19497,0.03162431
test_19498,0.78035565
test_19499,0.87331187
test_19500,0.02261000
test_19501,0.90064393
test_19502,0.15554632
test_19503,0.47140392
test_19504,0.44362689
test_19505,0.98968417
test_19506,0.57445118
test_19507,0.76453047
test_19508,0.99423531
test_19509,0.56694596
test_19510,0.98455101
test_19511,0.54860804
test_19512,0.97952939
test_19513,0.71546423
test_19514,0.96736835
test_19515,0.02333925
test_19516,0.57690545
test_19517,0.20852430
test_19518,0.59958790
test_19519,0.73290393
test_19520,0.50195920
test_19521,0.99046739
test_19522,0.20123529
test_19523,0.16461730
test_19524,0.47614650
test_19525,0.40388086
test_19526,0.40005690
test_19527,0.83063670
test_19528,0.01068335
test_19529,0.47115977
test_19530,0.15735812
test_19531,0.04797254
test_19532,0.86446993
test_19533,0.22745137
test_19534,0.63728571
test_19535,0.29177340
test_19536,0.59796405
test_19537,0.02305975
test_19538,0.56209902
test_19539,0.99615371
test_19540,0.24018732
test_19541,0.53641137
test_19542,0.77149983
test_19543,0.23978893
test_19544,0.84373866
test_19545,0.91801283
test_19546,0.99265253
test_19547,0.01985167
test_19548,0.98401944
test_19549,0.00583709
test_19550,0.06053020
test_19551,0.96494159
test_19552,0.98515891
test_19553,0.17136384
test_19554,0.05856358
test_19555,0.65232891
test_19556,0.18799106
test_19557,0.10149053
test_19558,0.17864016
test_19559,0.27863112
test_19560,0.99857365
test_19561,0.99702375
test_19562,0.94389969
test_19563,0.99117120
test_19564,0.01403122
test_19565,0.50333541
test_19566,0.35728803
test_19567,0.61277036
test_19568,0.63990401
test_19569,0.28598906
test_19570,0.94103394
test_19571,0.76381824
test_19572,0.93537327
test_19573,0.95493515
test_19574,0.10862851
test_19575,0.08503771
test_19576,0.97043467
test_19577,0.67552274
test_19578,0.97707415
test_19579,0.07341997
test_19580,0.00617178
test_19581,0.51705588
test_19582,0.63171286
test_19583,0.00166446
test_19584,0.00619347
test_19585,0.86333373
test_19586,0.97886297
test_19587,0.48086797
test_19588,0.97113695
test_19589,0.00148547
test_19590,0.97358220
test_19591,0.74792081
test_19592,0.93005114
test_19593,0.56951201
test_19594,0.36160664
test_19595,0.03083079
test_19596,0.63437785
test_19597,0.14510235
test_19598,0.06934568
test_19599,0.99761854
test_19600,0.15922666
test_19601,0.07571118
test_19602,0.05526774
test_19603,0.92240665
test_19604,0.65925055
test_19605,0.28770915
test_19606,0.84930855
test_19607,0.22672000
test_19608,0.13019411
test_19609,0.15958629
test_19610,0.82969998
test_19611,0.90809671
test_19612,0.38232947
test_19613,0.98999032
test_19614,0.46124945
test_19615,0.72850056
test_19616,0.04940662
test_19617,0.23436403
test_19618,0.71801163
test_19619,0.96015246
test_19620,0.45980996
test_19621,0.09704988
test_19622,0.03048881
test_19623,0.06354027
test_19624,0.35075529
test_19625,0.86518084
test_19626,0.00109144
test_19627,0.03595550
test_19628,0.99776427
test_19629,0.18617398
test_19630,0.65435137
test_19631,0.65754775
test_19632,0.90650991
test_19633,0.64334215
test_19634,0.78327615
test_19635,0.77126028
test_19636,0.84748241
test_19637,0.69149184
test_19638,0.98182924
test_19639,0.54493586
test_19640,0.01468479
test_19641,0.44060380
test_19642,0.03735354
test_19643,0.00289934
test_19644,0.01468610
test_19645,0.49431860
test_19646,0.41375746
test_19647,0.99814997
test_19648,0.26349654
test_19649,0.63907538
test_19650,0.16445500
test_19651,0.01407280
test_19652,0.00884416
test_19653,0.51554938
test_19654,0.20725386
test_19655,0.01999100
test_19656,0.13025181
test_19657,0.04103235
test_19658,0.28583971
test_19659,0.81330354
test_19660,0.60642199
test_19661,0.01083931
test_19662,0.76880497
test_19663,0.33289118
test_19664,0.59585250
test_19665,0.61265083
test_19666,0.99674516
test_19667,0.70646944
test_19668,0.00261762
test_19669,0.01761895
test_19670,0.87965958
test_19671,0.36969539
test_19672,0.84260756
test_19673,0.22575499
test_19674,0.19526663
test_19675,0.72235392
test_19676,0.99521520
test_19677,0.97381216
test_19678,0.01000790
test_19679,0.70874376
test_19680,0.53825484
test_19681,0.50510224
test_19682,0.03460526
test_19683,0.91326356
test_19684,0.08435873
test_19685,0.99856095
test_19686,0.93626579
test_19687,0.00426373
test_19688,0.72688315
test_19689,0.99944533
test_19690,0.29714383
test_19691,0.95912249
test_19692,0.62776002
test_19693,0.67184173
test_19694,0.96873251
test_19695,0.56988781
test_19696,0.88351947
test_19697,0.38055007
test_19698,0.88873394
test_19699,0.99833024
test_19700,0.45600637
test_19701,0.39857493
test_19702,0.37583397
test_19703,0.00029286
test_19704,0.75620400
test_19705,0.02643407
test_19706,0.00606539
test_19707,0.99203736
test_19708,0.82436842
test_19709,0.00074041
test_19710,0.99876320
test_19711,0.01600375
test_19712,0.58102428
test_19713,0.63246482
test_19714,0.07646321
test_19715,0.05397166
test_19716,0.00412060
test_19717,0.71638620
test_19718,0.96493963
test_19719,0.87301669
test_19720,0.96909342
test_19721,0.71693384
test_19722,0.01945903
test_19723,0.67727714
test_19724,0.09008382
test_19725,0.93091210
test_19726,0.99018880
test_19727,0.42339723
test_19728,0.90985713
test_19729,0.44654807
test_19730,0.42090224
test_19731,0.35713032
test_19732,0.99891824
test_19733,0.48543574
test_19734,0.98168968
test_19735,0.87244230
test_19736,0.90904001
test_19737,0.53160826
test_19738,0.81374376
test_19739,0.29047789
test_19740,0.94183506
test_19741,0.98519987
test_19742,0.10436292
test_19743,0.00860571
test_19744,0.74597369
test_19745,0.78054245
test_19746,0.00646494
test_19747,0.90482581
test_19748,0.00126160
test_19749,0.56692222
test_19750,0.95510192
test_19751,0.08687777
test_19752,0.99204140
test_19753,0.33389114
test_19754,0.19054866
test_19755,0.58155005
test_19756,0.77095718
test_19757,0.93976090
test_19758,0.35689743
test_19759,0.98791843
test_19760,0.86288940
test_19761,0.03327673
test_19762,0.13420320
test_19763,0.18453859
test_19764,0.52466139
test_19765,0.83684691
test_19766,0.00069509
test_19767,0.04908655
test_19768,0.02677045
test_19769,0.22936599
test_19770,0.03051929
test_19771,0.87407650
test_19772,0.98715094
test_19773,0.00925012
test_19774,0.05510781
test_19775,0.05950233
test_19776,0.95566795
test_19777,0.05331053
test_19778,0.61646644
test_19779,0.56205716
test_19780,0.75392284
test_19781,0.01545567
test_19782,0.49569876
test_19783,0.06766627
test_19784,0.99794741
test_19785,0.80798102
test_19786,0.95093624
test_19787,0.00142832
test_19788,0.97483359
test_19789,0.85098003
test_19790,0.96187968
test_19791,0.45402354
test_19792,0.84950274
test_19793,0.31556354
test_19794,0.04147544
test_19795,0.59313078
test_19796,0.44988499
test_19797,0.97076541
test_19798,0.16793865
test_19799,0.95811566
test_19800,0.01252089
test_19801,0.13289386
test_19802,0.43325097
test_19803,0.98119325
test_19804,0.73169940
test_19805,0.00955620
test_19806,0.48959515
test_19807,0.81870665
test_19808,0.13055148
test_19809,0.00716706
test_19810,0.69926114
test_19811,0.81161088
test_19812,0.40431692
test_19813,0.06868318
test_19814,0.92028657
test_19815,0.01064735
test_19816,0.00255973
test_19817,0.89625982
test_19818,0.02927848
test_19819,0.86246058
test_19820,0.01856341
test_19821,0.71050342
test_19822,0.99797952
test_19823,0.98938815
test_19824,0.97132570
test_19825,0.62073295
test_19826,0.01068170
test_19827,0.95475893
test_19828,0.11703452
test_19829,0.31926240
test_19830,0.95167903
test_19831,0.02366089
test_19832,0.91846762
test_19833,0.40729323
test_19834,0.05488210
test_19835,0.46981507
test_19836,0.05312961
test_19837,0.99187127
test_19838,0.99938999
test_19839,0.06122387
test_19840,0.59079319
test_19841,0.24198253
test_19842,0.05532542
test_19843,0.00732049
test_19844,0.01034234
test_19845,0.00947166
test_19846,0.94743199
test_19847,0.82133274
test_19848,0.08383235
test_19849,0.12068645
test_19850,0.94928957
test_19851,0.49489466
test_19852,0.12613151
test_19853,0.02450084
test_19854,0.56546805
test_19855,0.49660959
test_19856,0.92073839
test_19857,0.15533268
test_19858,0.61822886
test_19859,0.54520086
test_19860,0.04865509
test_19861,0.40744340
test_19862,0.05271287
test_19863,0.94023738
test_19864,0.03813733
test_19865,0.53861092
test_19866,0.03813612
test_19867,0.98298205
test_19868,0.84064036
test_19869,0.05158701
test_19870,0.00216767
test_19871,0.98750431
test_19872,0.76828003
test_19873,0.83532599
test_19874,0.00809255
test_19875,0.00675063
test_19876,0.64735033
test_19877,0.97753981
test_19878,0.87419237
test_19879,0.80350972
test_19880,0.51236689
test_19881,0.00409502
test_19882,0.99676988
test_19883,0.55010823
test_19884,0.08410055
test_19885,0.70478484
test_19886,0.83814561
test_19887,0.99536517
test_19888,0.32949353
test_19889,0.93936473
test_19890,0.98289278
test_19891,0.43305784
test_19892,0.95092378
test_19893,0.96513036
test_19894,0.08873344
test_19895,0.64025770
test_19896,0.39388389
test_19897,0.50153232
test_19898,0.14452250
test_19899,0.07219816
test_19900,0.96335080
test_19901,0.19398776
test_19902,0.59680669
test_19903,0.54236862
test_19904,0.99293394
test_19905,0.49317922
test_19906,0.49730112
test_19907,0.21435914
test_19908,0.05302191
test_19909,0.30726934
test_19910,0.01514800
test_19911,0.43095809
test_19912,0.67256109
test_19913,0.83595788
test_19914,0.14718417
test_19915,0.02240722
test_19916,0.07017355
test_19917,0.00675489
test_19918,0.04128542
test_19919,0.05279130
test_19920,0.04194425
test_19921,0.56332408
test_19922,0.63936422
test_19923,0.99524779
test_19924,0.40990608
test_19925,0.96518973
test_19926,0.03403404
test_19927,0.30498259
test_19928,0.09092241
test_19929,0.67141115
test_19930,0.50160042
test_19931,0.95279554
test_19932,0.59734674
test_19933,0.30361656
test_19934,0.73449346
test_19935,0.00672522
test_19936,0.99045222
test_19937,0.99316132
test_19938,0.83248606
test_19939,0.11222274
test_19940,0.01887155
test_19941,0.39104899
test_19942,0.26906604
test_19943,0.90122616
test_19944,0.99102652
test_19945,0.01007383
test_19946,0.00338321
test_19947,0.02164963
test_19948,0.77342378
test_19949,0.00811151
test_19950,0.47844332
test_19951,0.90291178
test_19952,0.94107821
test_19953,0.00451303
test_19954,0.03973187
test_19955,0.00044511
test_19956,0.00223828
test_19957,0.11284921
test_19958,0.49832685
test_19959,0.75111361
test_19960,0.22027156
test_19961,0.98789980
test_19962,0.01448289
test_19963,0.15515281
test_19964,0.51696168
test_19965,0.23243761
test_19966,0.85682076
test_19967,0.93041462
test_19968,0.53074960
test_19969,0.47638475
test_19970,0.16990924
test_19971,0.19237946
test_19972,0.49076631
test_19973,0.68042548
test_19974,0.66871776
test_19975,0.47753529
test_19976,0.85998455
test_19977,0.17387218
test_19978,0.01705846
test_19979,0.08445620
test_19980,0.90629320
test_19981,0.97111050
test_19982,0.97552539
test_19983,0.97199507
test_19984,0.74735473
test_19985,0.19557933
test_19986,0.05275173
test_19987,0.82264694
test_19988,0.66460272
test_19989,0.01683935
test_19990,0.34987845
test_19991,0.71501836
test_19992,0.16169649
test_19993,0.62371071
test_19994,0.11402947
test_19995,0.48925546
test_19996,0.00387848
test_19997,0.40191711
test_19998,0.00037086
test_19999,0.12279865
